ID	Control1	Control2	Control3	Control4	Nectar1	Nectar2	Nectar3	Nectar4	Pollen1	Pollen2	Pollen3
LOC551580	119	122	118	161	159	111	118	166	126	184	123
LOC551555	1291	2067	2036	3318	2778	2234	3132	2900	3152	2579	2660
LOC726347	186	162	206	208	176	138	234	153	164	171	188
Rfwd3	1201	1266	1402	1783	1562	1486	1517	1352	1795	1555	1454
LOC726145	274	476	478	638	542	432	498	594	596	554	492
LOC551448	364	373	343	632	494	432	444	531	632	473	606
LOC410665	147	166	140	227	173	113	157	176	176	147	171
LOC408567	780	870	896	1425	844	740	872	973	1087	948	890
LOC107964061	71	137	141	253	154	137	187	225	198	190	159
LOC107964068	1	5	10	14	6	8	12	18	9	5	11
LOC113219112	1	13	8	8	1	14	4	12	26	6	11
LOC726450	1438	2117	2016	3235	2825	2422	2897	2831	3423	2737	2630
LOC107964063	3	3	14	11	4	5	11	9	17	15	8
LOC113219111	638	585	518	774	715	509	630	712	659	716	568
LOC410664	245	297	341	482	430	367	431	436	492	400	454
LOC408565	319	508	559	846	645	621	581	806	948	698	702
LOC410663	375	322	305	467	372	325	330	371	397	439	341
LOC113219398	171	197	209	275	341	312	330	294	361	326	357
LOC726544	1344	1074	1076	1804	1852	1692	1894	1812	1972	1696	2062
Mir2-2	1	0	1	4	0	0	2	1	6	2	4
Mir2-1	0	0	0	0	0	0	0	0	0	0	0
Mir2b	0	0	0	0	0	0	0	0	0	0	0
Mir13b	0	0	0	1	2	3	0	0	0	0	1
Mir13a	14	2	4	4	1	7	2	1	4	1	0
Mir2-3	1	1	0	1	1	2	1	4	2	0	3
Mir71	1	1	4	4	0	2	4	6	8	5	2
LOC410772	72	135	140	253	162	135	179	201	217	150	176
LOC551203	295	608	610	916	700	590	785	644	917	661	597
LOC100578621	1622	2038	1731	3136	3535	2836	3729	3508	3611	3265	3172
LOC726446	35	10	45	14	23	9	15	20	17	28	21
LOC100578600	1159	1992	1613	2787	2155	1848	2796	2399	2526	2376	2063
LOC410771	306	634	650	1234	905	683	968	929	990	813	847
LOC100578571	5	19	17	15	26	5	16	18	6	12	15
Mir3768	0	0	0	0	0	0	0	0	0	0	0
LOC102654047	4	11	15	3	2	8	7	4	5	1	4
LOC100577692	223	176	248	214	254	157	285	198	263	253	212
LOC107965716	5	12	10	13	8	12	13	9	12	9	15
LOC410769	1205	1722	1723	2916	2539	2189	2319	2662	2966	2493	2395
Emc	2834	2175	2290	3429	3546	2689	3263	3002	3126	2894	3446
LOC113219286	3	3	3	6	3	3	3	2	0	1	0
LOC100578334	27	11	13	9	3	7	12	15	8	10	9
LOC726756	197	244	237	391	322	233	255	307	362	315	280
Nedd9	187	430	389	641	445	445	523	476	747	505	643
Mir3766	0	0	0	0	0	0	0	0	0	0	0
LOC726609	1913	2082	2133	3344	2935	2394	2772	2672	3019	2652	2476
LOC726788	577	434	475	597	545	436	449	572	589	593	519
LOC100578031	31	85	73	103	111	75	73	77	140	83	56
LOC107966044	26	24	24	15	48	21	18	19	24	13	33
LOC410766	1257	1697	1487	2064	1690	1457	2046	1846	2187	2033	1692
LOC551646	126	87	193	237	137	76	124	119	145	138	153
TRNAK-CUU	0	0	2	0	0	3	3	0	0	0	0
LOC113219417	287	268	420	480	356	261	309	345	385	345	368
LOC113219404	1147	797	1235	1753	1290	716	968	1052	1190	1135	1155
LOC551678	2383	2671	2765	4155	3587	2821	3231	3234	3476	3553	3058
TRNAQ-CUG	35	15	18	15	29	20	45	24	19	31	24
LOC726886	70	60	93	101	102	66	96	85	105	85	79
LOC100577848	222	225	263	395	235	230	436	436	257	298	326
LOC113219278	19	15	11	18	8	8	19	18	9	6	15
LOC408626	423	521	473	867	721	646	683	752	791	687	647
LOC102655614	22	11	33	37	10	9	20	18	31	20	41
LOC726912	91	75	109	146	117	86	158	117	125	131	96
Mir2788	0	2	0	0	0	0	2	0	0	0	0
Mir193	4	6	12	1	1	1	4	0	4	3	3
LOC102655442	3	10	17	9	7	6	13	13	10	2	6
LOC107965930	8	11	18	17	17	10	17	12	10	2	7
LOC113219285	8	15	16	12	5	4	5	6	7	4	4
LOC100576602	259	347	327	477	338	302	419	289	439	345	359
LOC113218530	9	0	10	5	3	3	13	12	3	1	0
LOC100576537	11	18	29	45	25	33	43	32	27	41	38
LOC100576700	1125	571	668	701	891	550	1082	889	612	727	719
TRNAS-CGA	0	0	1	0	1	3	0	0	0	0	1
LOC113219393	7	4	5	5	7	3	2	2	4	0	3
LOC102653619	61	58	50	84	88	52	95	68	50	76	56
LOC107963981	0	3	3	1	1	3	3	3	1	0	4
LOC724948	249	388	455	641	453	398	384	537	622	449	492
LOC100576789	80	81	80	123	79	97	109	105	136	111	106
LOC113219394	126	173	131	158	139	83	136	129	140	161	115
LOC100576820	10	7	23	22	17	10	22	14	22	12	11
LOC724874	75	96	88	123	123	69	110	103	99	107	106
Glob1	597	405	403	457	421	367	464	387	418	350	361
LOC113219395	12	17	12	19	7	6	9	15	11	11	15
LOC410763	474	389	425	586	558	415	457	483	539	556	434
LOC100576088	492	471	438	652	599	455	456	602	549	596	479
LOC410765	163	116	119	201	160	158	158	160	181	151	173
LOC113219396	118	235	226	397	257	239	279	270	470	257	289
LOC408625	181	185	227	343	278	241	253	290	325	288	275
LOC113218523	134	92	203	166	158	83	168	130	92	105	119
LOC102654759	26	24	25	26	27	15	37	24	21	13	32
LOC113219182	223	173	197	252	194	154	213	232	162	198	186
LOC724679	31	20	13	24	30	25	35	29	35	33	31
LOC102654998	108	95	82	153	77	92	107	103	101	107	89
LOC409327	1225	923	960	1323	1164	933	1347	1199	1162	1067	1062
LOC113219405	52	37	38	36	44	31	53	45	44	26	46
LOC724537	187	244	225	338	299	209	236	277	345	298	269
LOC102655107	37	23	23	41	24	17	21	34	34	31	25
LOC409620	300	441	490	827	683	571	672	655	832	715	707
LOC100577325	192	332	381	615	475	328	395	511	621	474	425
LOC113219401	0	0	0	0	0	0	0	0	0	0	0
LOC551204	189	222	209	308	253	269	198	261	296	297	269
LOC724372	148	207	134	237	195	140	163	212	185	182	157
LOC725343	992	1356	1140	1966	1762	1427	1608	1937	1891	1602	1500
LOC725306	442	664	727	1165	911	748	994	926	1051	899	849
LOC409930	2896	3026	3127	3757	3931	2878	3093	3858	3641	4065	2886
LOC409931	661	1222	1118	2046	1518	1422	1966	1655	2020	1478	1505
LOC107964458	5	17	14	14	22	9	12	13	14	5	7
LOC100578066	27	48	71	51	46	31	39	33	46	53	47
LOC107964442	60	33	46	47	61	39	32	37	30	30	43
LOC113219207	5	1	2	2	0	1	1	9	2	3	1
LOC113219214	3	2	2	6	6	1	0	2	3	7	1
LOC411665	26	57	61	96	49	54	45	67	44	54	49
LOC102655805	2	9	3	8	2	2	2	0	2	0	0
LOC102655775	0	0	0	0	0	0	0	0	0	0	0
LOC102655747	3	2	1	4	0	4	2	2	2	1	0
LOC102655720	0	3	3	3	0	0	5	2	0	1	1
LOC102655652	11	11	19	30	9	5	8	15	7	7	7
LOC100578187	227	182	179	256	159	118	247	210	161	145	165
LOC102656449	38	74	34	38	35	25	26	47	44	50	46
LOC725041	24	44	34	48	57	31	52	58	33	33	52
LOC100578245	178	189	201	284	259	196	212	238	246	255	228
LOC409852	14388	25784	27708	47969	30757	28128	35505	32672	42682	31775	31321
TRNAL-AAG	0	5	5	8	4	0	4	8	7	7	2
LOC102656644	22	33	57	76	41	54	64	79	59	50	163
LOC102654804	19	13	21	30	19	26	20	31	33	21	27
LOC413835	2676	2814	2961	4284	3755	3299	4029	3854	4130	3771	3624
LOC413834	145	162	204	281	204	199	216	243	370	226	284
LOC113219407	0	0	0	0	0	0	0	0	0	0	0
LOC409999	12	31	42	47	32	34	19	32	60	42	34
LOC727331	654	982	1005	1568	1228	987	1148	1217	1458	1118	1043
LOC412118	100	145	186	391	299	274	247	288	473	253	318
LOC726902	1247	1296	1230	1594	1550	1189	1252	1590	1426	1621	1143
LOC552064	258	393	447	570	504	383	478	504	583	460	459
LOC409479	9267	7348	7422	10101	9612	7375	8626	8727	8395	8583	7253
Tpcn1	428	556	543	840	695	524	596	582	828	631	550
LOC552163	635	876	960	1433	1109	892	1032	1161	1383	1144	997
LOC727019	68	70	69	135	87	72	54	99	96	101	91
LOC100578696	17	52	64	117	79	59	46	51	98	72	50
LOC412925	391	757	544	1049	575	401	776	613	767	691	522
LOC411675	35	33	27	69	49	25	22	37	57	32	41
LOC411808	1228	1156	993	1400	1228	1193	1306	1253	1525	1252	1311
LOC725638	619	576	592	719	672	536	635	688	712	690	654
LOC724901	663	885	898	1459	1267	1017	1083	1173	1421	1163	1043
LOC551574	2418	2496	2441	3578	3152	2496	2913	3118	3062	2911	2638
LOC412610	426	447	458	675	497	459	556	562	546	561	541
LOC413784	819	1525	1490	2219	1655	1514	1666	1553	1833	1484	1368
LOC102655618	175	230	211	436	322	275	302	320	476	350	311
LOC412473	572	386	395	585	584	446	516	570	484	577	473
LOC550706	618	1016	920	1536	1179	1066	1157	1150	1463	1188	1061
LOC725378	148	295	252	410	300	204	267	366	343	275	262
egh	367	456	437	757	644	535	435	627	660	499	586
LOC725884	5418	4308	4147	5144	4656	3322	4049	5362	4138	5542	3797
LOC113219419	0	0	0	0	3	0	0	2	0	2	1
LOC550716	235	739	715	1510	1016	827	864	999	1365	901	1127
LOC727419	287	256	273	356	324	297	328	343	352	304	293
LOC408624	197	268	313	445	396	294	345	454	557	419	376
LOC551279	143	222	219	451	326	233	308	319	437	275	349
LOC724238	76	57	76	59	86	41	84	85	106	79	75
LOC107964165	6	8	7	21	20	2	9	8	15	17	12
LOC100576540	133	40	27	51	38	37	45	24	37	31	34
LOC102655654	3	3	9	1	0	1	7	5	4	1	2
LOC724331	159	156	140	224	187	158	191	189	217	175	182
LOC551450	498	583	590	1021	806	658	737	840	882	779	690
LOC100578309	12	40	27	20	26	26	39	18	35	30	38
LOC552162	42	53	68	145	106	74	79	110	109	76	81
LOC726235	114	136	140	213	160	146	139	147	174	146	138
LOC412000	89	193	186	316	235	177	189	235	278	261	259
LOC726291	409	561	533	787	658	507	593	645	770	610	578
LOC100578472	329	401	445	554	544	366	532	502	557	495	466
LOC726316	1193	1108	951	1463	1364	1080	1005	1282	1117	1405	921
LOC411985	536	786	792	1325	1017	875	1089	1178	1155	1038	981
LOC412578	193	243	261	283	307	246	252	264	345	302	267
LOC102655778	452	580	486	740	608	475	548	624	671	547	561
LOC725647	11277	11581	11261	16121	14870	11206	12555	14272	12073	13570	10986
LOC412834	759	922	848	1448	1185	929	895	1193	1222	1101	1162
LOC408623	1302	1153	1214	1730	1531	1071	1551	1437	1413	1339	1237
LOC410761	27	37	53	46	54	28	40	41	43	45	33
LOC113219103	0	0	6	0	0	5	2	1	1	0	0
LOC100576147	20	26	21	1	3	5	11	7	16	11	4
LOC724992	399	356	325	500	542	294	337	508	453	432	368
LOC410758	1464	1088	1253	1186	1228	1023	1437	1076	1102	1160	1064
LOC410757	164	261	310	521	415	320	393	498	446	367	413
LOC408622	781	1375	1388	1730	1439	1112	1414	1395	1422	1488	1357
LOC725922	18	23	26	31	26	20	20	15	35	23	26
LOC411968	3	3	9	5	2	1	0	9	4	2	1
LOC102654966	0	0	0	0	0	0	3	0	0	0	0
LOC725982	179	220	249	344	324	280	318	269	468	289	299
LOC726015	219	251	262	370	358	238	314	279	370	282	269
LOC727399	1046	754	1164	1902	1299	885	1205	1174	1423	1011	1288
LOC113219421	0	3	3	0	0	2	2	0	0	0	0
LOC102655185	2910	6574	6416	8579	9150	7000	8368	9171	9432	7756	8070
LOC113219135	15	20	32	44	17	15	60	32	28	18	19
LOC102655581	928	811	723	964	917	697	832	943	785	973	800
LOC107965102	16	8	16	7	8	2	2	11	4	15	8
LOC726810	253	327	271	316	359	274	307	296	209	282	189
LOC100578752	373	264	281	453	342	280	326	355	371	271	336
LOC552366	128248	115144	107306	153436	133295	108704	124579	130396	124781	133523	109436
LOC412017	90	222	199	363	268	211	254	220	314	244	276
LOC412016	143	212	170	249	228	152	203	244	214	205	173
LOC113218608	240	262	311	523	395	344	508	445	540	437	420
LOC409780	5509	3028	4180	5208	5480	3459	4733	4046	4397	4296	4459
LOC102656720	47	48	41	44	41	30	33	54	31	56	52
LOC102656333	40	28	51	34	40	46	39	32	28	32	38
LOC100577895	18	15	17	15	8	14	23	10	10	12	20
LOC100578042	35	21	26	18	12	19	30	12	16	11	15
LOC408618	2008	1997	1984	3117	2605	2149	3159	2691	3424	2436	2334
LOC102654856	20	9	12	15	13	6	7	7	8	12	7
LOC102655012	16	15	16	23	18	13	16	14	16	20	10
LOC102656903	15	25	33	46	27	26	45	38	44	40	42
LOC102656828	38	26	38	40	56	43	37	30	50	27	33
LOC107965033	30	17	26	19	26	19	30	27	23	36	24
LOC113218984	0	6	6	14	6	7	4	10	3	4	8
LOC724233	3293	3317	3056	4411	3929	2949	3269	4015	3178	3680	3153
LOC408619	96	211	228	442	231	190	275	298	361	197	291
LOC408620	515	576	529	715	728	486	689	740	599	689	526
LOC102653658	57	46	49	51	83	46	75	60	50	43	54
LOC408621	1792	1800	1931	2785	2871	2189	2294	2498	2688	2392	2278
LOC102653893	191	391	464	692	560	551	497	513	676	482	463
LOC412319	82	120	120	215	152	114	127	158	190	168	205
LOC113218842	824	689	756	1025	1067	618	775	770	842	807	745
LOC724535	902	1064	1313	2180	1618	1378	1753	1841	1962	1509	1528
LOC102653954	149	110	91	126	168	112	138	153	126	161	125
LOC102653920	51	94	86	72	59	48	96	83	42	78	63
LOC107964158	6	19	33	51	63	28	29	36	79	39	41
LOC551321	415	460	415	553	445	370	471	449	505	491	447
LOC724720	282	371	363	530	385	403	405	408	531	399	404
LOC102654159	237	237	247	335	316	253	286	287	363	319	271
LOC724795	120	231	220	305	259	186	238	256	288	246	255
Akhr	4	13	13	9	21	12	4	10	9	10	9
LOC411799	41	88	99	188	110	139	117	133	184	146	138
LOC414017	235	405	401	540	461	418	446	479	587	483	453
LOC552530	295	523	424	642	453	414	649	528	518	495	496
LOC100577342	106	119	110	105	121	70	104	88	124	130	81
LOC102654398	131	139	156	214	172	171	208	135	224	191	187
LOC413244	245	272	327	391	285	262	339	298	380	270	270
LOC551531	72	124	124	239	140	121	147	147	205	122	138
LOC412107	26	61	62	181	83	84	81	108	146	105	99
LOC726685	479	526	482	784	607	561	598	587	692	601	563
LOC100578513	226	291	301	543	391	322	287	353	372	348	353
LOC409290	7274	6131	5609	8130	7836	5637	6347	7170	5789	7198	5555
LOC100577369	471	633	581	970	844	738	828	767	1130	803	758
LOC107966055	79	175	163	243	187	153	190	193	178	194	166
LOC551842	80	149	152	272	179	176	164	217	251	172	200
LOC100577454	311	381	386	552	497	410	489	442	551	433	455
LOC551892	748	921	908	1572	1328	1037	1173	1256	1416	1235	1144
LOC551909	790	1261	1316	1969	1739	1316	1395	1744	1629	1722	1428
LOC107963991	690	825	851	1095	1133	910	1032	938	1319	1020	1015
LOC552083	384	318	481	740	648	353	417	478	480	468	525
LOC409584	729	905	999	1526	1197	1062	1050	1220	1593	1237	1216
LOC724578	598	706	743	1132	882	866	685	789	1205	882	858
LOC413437	278	359	355	556	428	424	404	439	580	396	408
LOC414038	685	796	786	1094	1007	738	871	905	919	913	842
LOC552602	1038	961	862	1420	1283	948	1008	1211	1292	1150	1016
LOC414037	317	364	333	541	369	292	455	392	424	362	322
LOC552628	257	251	263	357	257	261	257	329	321	341	229
LOC725317	489	684	484	835	793	646	628	794	714	786	606
LOC552648	66	88	91	162	122	72	103	106	101	109	104
LOC725418	99	139	133	217	156	107	111	152	159	161	130
LOC413950	233	298	269	442	394	361	317	348	503	329	366
LOC107963979	1	2	0	0	2	0	1	0	0	0	1
LOC102655724	8	3	5	8	5	4	10	9	14	4	0
LOC725532	3	1	6	0	5	4	3	4	5	2	1
LOC725574	3	4	5	8	3	2	8	11	1	8	5
LOC100578104	5	5	1	0	0	0	0	0	0	0	0
LOC100578131	0	1	2	0	0	2	1	4	3	2	0
LOC552676	674	892	839	1350	1103	778	979	1076	1150	1022	900
LOC412511	845	894	949	1636	1243	1091	1127	1318	1476	1177	1218
LOC100578247	37	29	34	51	33	36	43	43	40	27	32
LOC113218578	3	2	10	3	2	2	1	2	3	1	2
LOC725720	17	28	33	28	59	28	56	47	55	61	35
LOC102656395	8	8	6	7	6	18	20	9	23	22	7
LOC725745	524	571	516	905	755	566	654	676	731	750	634
LOC113219256	391	298	303	467	338	317	318	330	341	374	339
LOC725841	16	22	42	77	49	63	36	47	64	56	39
LOC412141	527	804	874	1532	1172	896	1060	1277	1298	1131	989
LOC102656812	104	117	105	169	131	115	136	147	154	141	115
LOC551819	82	139	133	243	171	146	137	165	215	157	178
LOC727479	9	34	50	81	57	54	40	47	73	70	75
LOC413303	260	443	375	773	596	488	517	688	763	602	648
LOC551443	485	523	493	787	663	576	525	630	749	673	548
LOC551411	2010	1630	1549	2154	2269	1555	1794	2203	1920	2248	1546
LOC550789	237	265	248	346	282	233	246	304	288	277	340
LOC725816	544	543	461	697	674	556	630	660	662	657	607
LOC412282	439	643	675	967	740	672	677	826	944	783	755
LOC550903	637	646	614	997	736	649	746	798	778	692	603
LOC408616	1044	1274	1198	1598	1412	1262	1302	1433	1782	1342	1314
LOC102654549	63	37	45	52	83	43	82	77	49	46	63
LOC102654478	2	3	5	2	6	4	6	7	5	6	2
LOC102654454	20	21	16	26	22	23	40	27	15	12	16
LOC113219397	44	24	37	39	38	18	40	29	25	31	33
LOC102654413	2	7	11	10	5	7	11	19	9	15	8
LOC102654358	5	15	22	12	29	20	31	25	15	27	26
LOC100577822	899	1272	1166	2125	1782	1596	1592	1586	2135	1467	1453
LOC102654894	26	20	20	33	31	13	17	24	21	25	25
LOC113218819	122	108	128	168	179	120	126	122	182	149	149
LOC410754	10	21	23	34	23	19	25	17	33	28	22
LOC551383	327	379	401	606	473	402	468	577	490	516	426
LOC552743	112	116	126	240	186	134	114	211	149	207	147
LOC107965891	135	98	62	93	104	49	74	86	111	107	73
LOC409517	1968	2528	2468	4198	3673	2943	3057	3253	3771	3237	3051
LOC412528	112	102	108	161	164	102	209	140	131	125	165
LOC408615	246	397	454	701	507	397	567	536	583	526	454
LOC551202	582	738	738	1079	941	740	784	793	895	782	782
LOC410753	205	234	224	296	286	228	254	240	261	240	236
LOC408614	432	594	712	1200	946	715	631	785	1006	700	740
LOC100578445	466	693	639	1057	709	646	1067	936	982	830	716
LOC410752	33	53	44	66	24	26	59	48	44	38	33
LOC410751	142	252	206	301	205	195	331	279	287	282	179
Syt1	1491	764	1148	1599	1493	1020	1287	1078	1403	1066	1173
LOC107964984	5	20	17	25	19	13	22	23	36	19	21
LOC100577782	2	9	0	3	2	10	8	4	1	4	9
LOC102655057	4	3	0	1	2	2	2	3	2	4	0
LOC412523	41	63	75	98	89	61	71	77	94	58	77
LOC726298	26	54	54	83	77	62	98	114	71	38	116
LOC113218896	16	23	15	27	15	8	16	16	20	15	26
LOC100577655	11	13	31	13	11	9	15	9	16	3	25
LOC102654581	4	14	4	6	14	4	9	8	3	8	4
LOC107966071	19	27	21	18	14	22	22	34	34	16	22
LOC413735	627	875	820	1368	1148	855	1056	1255	1131	1036	978
LOC726221	2091	1669	1635	2262	2093	1677	1954	2080	2123	2222	1703
LOC410043	1258	1814	1724	3309	2506	1992	2211	2582	3077	2149	2341
LOC409468	1096	1514	1516	2079	1851	1630	2080	1878	2071	1806	1660
LOC102653866	87	114	110	162	123	112	124	170	172	131	133
LOC726449	88	157	129	200	156	122	148	177	200	186	162
LOC552636	58	87	87	113	56	65	60	118	107	81	109
LOC726088	1621	2602	2671	4372	3646	2954	3333	3678	3914	3219	3244
LOC412397	130	342	371	663	493	449	433	565	848	499	517
Dat	200	286	234	278	518	304	545	612	440	479	425
LOC100578115	0	2	0	1	2	0	6	1	2	0	0
LOC409417	3032	4641	4727	7542	7093	5714	6620	6741	7800	6931	6524
Hsc70-4	82208	82374	79890	135288	108087	93843	102982	117398	125081	103237	99099
LOC727596	1029	1174	1285	1773	1643	1455	1430	1422	1802	1439	1362
Fabp	5106	6447	5595	8195	8370	6674	7754	7939	7541	8445	6021
LOC724192	1560	1449	1791	2690	2056	1611	2004	2008	2175	1818	1903
LOC100577977	48	63	62	50	66	29	63	48	62	43	45
LOC107964644	4	1	9	5	4	3	5	5	1	4	7
LOC102656214	16	11	11	8	7	3	3	16	10	7	12
LOC410034	291	328	365	503	417	373	412	412	435	431	372
LOC724280	434	375	382	521	493	383	421	474	503	503	487
LOC410033	399	370	414	648	489	362	440	464	498	461	456
LOC724327	371	393	365	504	435	364	469	459	506	491	346
Trxr-1	2332	3001	3249	5121	4445	3764	4060	5299	4863	4267	4501
LOC102655811	0	0	0	1	0	2	0	0	2	1	1
LOC413693	134	141	110	144	168	132	153	168	171	113	168
LOC100576321	48	110	104	257	136	132	178	164	204	182	167
LOC411794	379	519	479	833	755	527	785	710	869	677	631
LOC412190	470	584	526	824	773	614	686	749	731	742	677
LOC102655540	150	259	270	499	337	295	360	368	487	302	433
LOC412189	1687	1664	1759	2122	2147	1802	2042	2333	2290	2121	1935
LOC409383	436	446	464	578	498	392	505	485	482	497	416
LOC102655045	3	0	2	0	3	1	0	3	3	3	2
Mir307	1	2	3	0	0	1	0	2	0	0	0
LOC107964624	0	2	1	9	1	3	1	0	0	2	0
LOC113219263	7	12	9	10	16	11	9	23	16	10	10
LOC102655229	7	11	14	20	10	12	6	27	18	16	8
LOC107964619	8	6	3	11	3	11	10	18	12	7	12
LOC102655391	10	0	5	3	7	3	10	4	5	7	2
LOC102655431	43	27	32	70	52	30	41	79	37	52	43
LOC551556	62	104	71	93	93	77	98	95	99	101	63
LOC409053	279	440	544	849	628	489	557	651	885	609	583
LOC411408	217	276	314	477	407	286	320	326	429	335	389
LOC107964618	16	12	14	18	18	16	26	28	16	22	29
LOC411407	266	256	256	466	299	250	303	291	381	294	322
LOC411406	223	223	207	295	319	193	221	270	194	296	210
LOC107964596	238	181	206	145	148	131	209	242	197	262	149
LOC100576547	423	904	877	1511	1096	923	1511	1271	1359	1222	1014
LOC107964593	18	39	33	50	51	17	38	48	39	54	19
LOC411405	112	125	98	132	114	71	132	128	122	138	76
LOC413346	63	140	142	318	272	184	244	261	309	247	302
LOC551761	2535	2513	3015	4996	6191	3151	5407	5594	5067	5947	4751
LOC100576126	11	28	44	37	38	37	29	28	22	32	17
LOC113219420	0	0	0	0	0	0	0	0	0	0	0
Or2	223	573	655	1540	1165	965	811	897	2096	855	1035
LOC725345	12	29	31	80	33	38	52	58	80	38	44
Pcl	61	78	67	93	99	61	100	81	49	86	89
Rnft2	220	299	226	421	366	282	327	327	396	320	325
LOC725419	441	481	497	690	577	420	547	574	534	503	528
LOC725455	36	33	28	40	21	30	58	57	42	34	27
LOC550785	12054	14388	14682	23179	20635	16544	17335	19537	22352	19636	16117
LOC102653822	4	11	5	20	5	6	17	3	17	16	5
LOC100576291	80	112	88	118	65	71	112	92	101	75	81
LOC100578458	12	9	22	3	8	7	10	3	4	1	14
LOC102656923	5	4	9	3	2	8	10	5	6	6	10
LOC411600	223	477	404	819	632	439	600	624	719	535	539
LOC725606	60	96	74	142	102	105	98	94	96	96	105
LOC113218708	0	6	2	5	1	4	0	3	0	7	1
LOC410749	204	288	316	450	322	293	304	299	428	345	346
LOC725682	96	159	138	199	155	187	193	168	185	173	108
LOC100578378	81	66	89	118	113	77	105	83	87	84	101
LOC725746	13	18	25	25	21	20	10	27	25	20	11
LOC552038	89	137	118	196	131	126	106	197	174	172	156
LOC412287	903	898	714	1248	1251	1063	1151	1417	1268	1313	1040
LOC552316	313	433	432	710	627	574	515	638	802	532	534
LOC552294	357	583	724	1016	729	646	703	757	734	708	692
LOC411372	429	494	482	815	583	471	514	604	592	566	531
LOC725920	78	117	90	139	101	123	111	154	179	131	146
LOC725945	41	11	19	16	14	18	23	20	12	9	10
LOC552206	60	70	83	242	119	99	119	112	194	95	117
LOC552187	118	61	90	69	67	64	89	77	78	89	74
LOC113219400	7	3	12	2	9	6	6	5	13	3	3
LOC102655490	2	2	0	4	1	0	2	4	2	1	1
LOC100578285	4	2	7	6	6	14	6	11	11	7	9
LOC113219388	20	32	35	42	40	13	25	16	24	7	26
LOC100577585	7	4	18	8	11	4	7	9	13	7	9
LOC409807	144	149	87	181	128	85	128	106	127	135	108
LOC100578978	19	14	17	25	12	21	20	16	11	28	29
LOC107964341	1	7	5	7	4	3	1	8	10	10	1
LOC100579018	0	1	5	2	2	1	0	1	2	2	4
LOC726119	220	380	343	477	406	325	466	450	417	383	356
LOC113219389	21	22	29	50	29	25	31	31	21	26	41
LOC107964337	1	12	5	9	5	5	10	8	7	10	9
LOC503505	28850	22501	22729	30148	27965	22321	26167	27354	28382	28132	25143
LOC107964344	14	17	11	28	16	21	26	15	21	20	20
LOC102656044	16	13	21	18	10	8	11	31	10	18	28
LOC113219390	7	12	15	25	12	13	15	15	17	14	22
LOC113219391	6	27	15	52	25	21	38	14	34	35	27
LOC552117	578	576	608	927	733	616	773	765	826	738	724
LOC412103	461	880	884	1564	1183	994	1230	1124	1487	1126	1182
LOC100576164	50	38	57	67	63	35	36	61	59	48	72
LOC100576139	39	51	87	100	66	44	51	48	69	33	71
LOC414021	93	181	191	340	293	243	324	309	382	276	289
LOC102654917	16	7	7	3	11	16	17	14	13	14	6
LOC100579059	568	855	657	992	785	638	1071	1029	780	905	815
LOC102654976	3	7	2	2	0	2	2	7	3	0	2
LOC113219329	10	20	17	25	10	10	7	6	15	22	22
LOC102655032	4	1	3	1	3	2	1	5	3	1	1
LOC113219344	4	0	2	8	0	6	2	4	1	2	4
LOC102655155	0	0	0	5	1	0	3	0	0	0	3
LOC414022	793	1221	1150	1929	1725	1527	1695	1997	1912	1751	1690
LOC725040	157	247	246	320	266	227	215	252	308	246	212
LOC410070	89	175	142	268	240	214	192	273	419	249	226
LOC410071	954	1141	1123	1860	1411	1229	1305	1489	1745	1448	1460
Grd	87	121	152	169	153	104	130	144	131	173	143
LOC113218825	7	8	14	15	11	7	15	6	5	7	19
LOC100577039	5	5	4	9	11	8	5	2	6	7	8
LOC412458	23783	26174	26249	39333	39297	32827	38597	40879	39618	42177	31562
LOC724721	23183	22700	20035	30644	28579	20675	25521	30319	25052	27889	24146
LOC412829	48	86	52	104	49	53	63	83	76	61	72
LOC724634	1354	1859	1987	3306	2433	1913	2709	2809	2969	2427	2092
LOC409360	2101	3478	3587	6526	5424	4427	5137	5888	6298	5008	5074
LOC724585	343	335	359	505	423	307	397	416	458	467	351
LOC724536	1418	1939	1656	2845	2129	2048	2012	1955	2873	1943	1806
LOC409520	374	547	479	672	510	494	504	508	592	512	491
LOC412546	84	209	175	320	238	166	188	191	274	188	210
LOC724455	171	244	278	444	324	251	332	324	392	331	340
LOC412212	475	580	595	865	706	708	769	856	903	750	730
LOC107965181	946	1547	1242	1903	1878	1604	1588	1852	2396	1822	1681
LOC409527	338	478	534	700	591	534	638	595	696	611	608
LOC413868	3831	3781	3461	4815	4332	3343	4226	4188	3874	4496	3494
LOC551974	951	779	754	1231	1043	800	877	1082	1121	1012	934
LOC552001	17	44	65	128	72	32	45	83	122	73	72
LOC102656856	0	0	0	0	0	0	0	0	0	0	0
LOC413867	2654	2891	2932	3978	3740	2919	3192	3632	3521	3956	3055
LOC552052	594	626	578	810	727	667	640	736	724	726	550
LOC727074	494	567	553	860	609	524	513	618	660	614	487
LOC727079	67	87	95	140	164	114	123	142	137	132	99
LOC100578907	240	364	393	583	456	402	439	452	554	465	484
LOC727087	136	201	164	293	210	193	187	242	266	183	244
LOC412480	396	538	556	828	648	557	653	623	758	680	661
LOC727539	19	33	48	77	61	31	60	70	81	73	63
LOC727538	192	222	233	360	260	222	216	255	349	256	252
LOC724115	21	38	31	60	56	50	27	39	95	49	56
LOC724144	639	635	677	879	710	528	611	748	740	784	660
LOC551154	1371	1662	1608	2507	2029	1689	1826	1977	2538	1907	1773
LOC724234	261	446	468	626	490	467	454	467	648	504	497
LOC409957	1469	1596	1871	2951	2743	2129	2184	2241	2686	2197	2251
LOC724328	427	686	638	919	595	586	752	719	789	648	647
LOC100577254	734	1032	1193	2243	1725	1540	1606	1715	2317	1404	1649
LOC107965915	0	2	5	14	12	5	2	9	4	7	5
LOC102655946	13	36	34	30	22	14	49	41	43	31	39
LOC102656017	66	26	26	56	53	42	74	37	28	26	30
LOC100577291	120	96	92	118	94	83	108	131	129	137	167
LOC725775	844	939	774	1352	1164	971	1171	1132	1162	1016	971
LOC100577384	5	7	10	18	11	4	13	18	4	10	4
LOC100576726	101	108	83	160	126	77	155	105	98	95	92
Stip	158	260	274	430	325	267	297	325	365	266	315
LOC726243	66	77	67	177	113	85	107	101	128	88	123
LOC410743	31	36	51	48	21	32	27	38	30	34	38
LOC410744	6	23	16	14	21	5	18	12	8	19	5
LOC113219271	11	15	21	12	19	6	14	8	20	9	16
LOC410745	81	82	86	100	107	138	124	81	78	86	113
LOC552457	21	49	46	71	53	41	59	68	74	63	40
LOC410746	14	24	18	33	39	12	39	27	52	25	16
LOC552425	17	10	19	7	22	4	23	14	17	14	7
LOC410747	289	186	213	204	450	312	525	355	646	528	339
LOC552395	57	35	21	23	18	19	27	19	40	40	26
LOC410748	263	397	313	498	434	386	673	476	567	517	399
LOC113219272	11	4	1	18	4	13	9	8	7	4	5
LOC107964221	158	110	102	148	134	106	128	154	116	146	92
LOC550645	236	220	254	413	299	285	316	296	307	240	277
LOC102656636	33	55	52	71	67	44	58	49	40	42	65
LOC107964213	156	218	243	462	393	264	309	347	513	337	318
LOC408609	413	447	411	639	572	461	556	592	531	580	478
LOC102656814	202	146	186	188	186	180	165	191	210	145	163
LOC410741	3425	3010	3213	3663	4389	3053	4113	3836	3887	4031	3742
LOC102656788	204	257	300	392	399	250	344	357	383	333	355
LOC100578082	50	84	80	93	130	85	70	89	127	70	75
LOC113218656	26	20	10	25	24	19	15	26	14	20	13
LOC551384	285	470	421	747	685	519	574	626	750	610	536
LOC413813	323	355	373	610	498	403	399	535	549	535	458
LOC551416	398	497	436	631	603	406	510	513	634	506	458
LOC113219245	162	159	172	214	188	177	196	209	189	180	184
LOC100577194	132	144	131	239	149	134	171	194	187	190	143
LOC100576961	151	227	159	296	280	212	282	270	308	297	227
LOC726412	160	252	217	295	252	254	401	404	359	353	281
LOC409749	392	438	397	510	462	425	432	460	431	495	408
LOC413056	51096	50026	47373	68534	59870	50101	59837	59653	61864	62113	50242
LOC726451	480	501	449	640	579	372	508	512	521	606	392
LOC413055	83	192	202	338	265	188	230	273	381	233	303
LOC409748	971	1637	1507	2585	2335	2082	2259	2542	3150	2484	2733
LOC410740	451	557	503	784	701	585	693	655	665	660	505
LOC410739	276	500	526	797	595	545	846	705	838	674	653
LOC113219185	50	18	50	25	33	8	36	24	20	25	21
Mir3769	0	0	0	1	0	0	0	0	0	0	0
LOC726545	3	4	6	8	3	0	4	1	5	4	13
LOC726560	0	2	2	0	1	0	4	5	1	0	0
LOC726578	34	65	44	70	48	35	88	70	66	55	31
LOC726590	30	20	8	6	12	16	32	14	22	24	20
LOC408608	81	7	37	869	60	11	22	160	65	7	6
LOC410736	300	355	322	613	759	477	468	626	667	495	423
LOC113218747	47	38	23	53	41	52	37	39	40	38	37
LOC726646	60	96	100	154	85	86	96	110	132	96	101
LOC413425	73	130	170	262	179	161	176	188	276	163	179
LOC107964114	0	0	0	0	0	0	0	1	0	4	0
LOC102656327	215	198	184	287	287	190	216	179	197	161	190
cad	14	4	5	11	4	13	4	9	4	12	6
LOC102656453	10	8	9	12	8	15	12	2	6	15	7
LOC102656426	3	0	5	0	0	0	0	0	0	0	0
LOC100577481	498	719	585	829	806	603	773	799	966	840	736
LOC100576770	442	469	515	764	557	474	513	658	680	676	496
LOC413754	28	68	79	173	125	95	92	113	152	113	131
LOC726729	154	59	75	62	46	56	99	45	82	64	61
LOC102656747	24	22	11	4	7	6	15	8	11	12	5
LOC408604	421	464	393	668	474	460	490	539	652	501	459
LOC726742	38	73	74	114	119	74	62	66	113	92	62
LOC100577003	300	321	301	309	375	353	398	440	410	395	434
LOC102653957	0	12	6	29	19	9	19	14	28	21	16
LOC100577082	104	131	151	245	232	204	206	218	225	183	188
LOC113218550	1	3	0	4	0	0	0	3	1	1	0
LOC100577113	15	40	50	67	37	48	74	68	70	46	33
LOC551241	484	575	541	972	783	629	730	768	780	608	633
LOC409966	135	270	257	431	373	308	403	313	372	328	258
LOC113219392	22	19	33	16	48	22	35	10	27	12	17
LOC551318	1061	879	761	1106	1174	779	642	1023	788	1085	772
LOC408602	521	491	495	744	599	569	680	562	700	587	498
LOC107964879	14	26	24	27	19	15	21	18	8	6	8
LOC102653881	4	2	7	2	4	2	2	1	6	2	2
LOC410734	6071	11357	9831	12630	8757	8069	6634	7822	9736	8015	9784
LOC408603	3	14	39	19	16	15	69	32	29	27	23
LOC410733	5840	7538	6114	8305	5182	4012	4013	4533	6537	4405	5909
LOC113219140	13	13	22	8	9	8	11	9	8	8	8
LOC408601	563	612	594	856	801	615	685	784	768	585	677
LOC410732	3464	3338	3376	4883	6226	4467	5971	6205	5637	6061	5564
LOC113219088	116	55	69	47	75	45	115	39	35	33	56
LOC113219089	9	9	25	13	10	12	22	29	22	9	28
LOC113219090	7	9	4	1	1	1	12	15	2	4	8
LOC102653666	75	83	98	82	103	82	124	97	71	87	94
LOC102653639	147	71	101	85	107	82	135	81	89	71	93
LOC102653841	58	49	43	55	79	58	54	79	54	70	68
LOC102656489	37	46	60	83	63	53	125	54	87	72	70
LOC107966074	0	0	0	0	0	0	0	0	0	0	0
LOC412410	355	420	472	670	569	494	577	595	683	568	545
LOC727267	341	337	372	546	482	425	371	416	490	421	417
LOC727263	656	774	847	1392	1005	849	816	1100	1169	1032	1017
LOC113219001	370	402	330	440	450	360	507	429	513	429	396
LOC725383	5249	4010	3567	5469	4422	2814	2951	5336	3149	5865	2751
LOC551546	144	191	199	390	273	266	233	272	410	244	300
LOC410157	281	317	263	403	330	293	367	388	387	353	292
LOC412588	177	362	368	632	491	470	453	576	738	511	514
LOC411572	180	286	277	452	332	351	370	386	493	401	384
LOC409113	406	447	402	699	587	469	487	516	638	455	471
LOC409114	5434	8721	9227	14095	10981	9059	10149	11391	12845	10740	10068
LOC411573	449	590	568	1093	891	655	679	731	1079	718	730
LOC409340	378	547	591	1057	852	814	814	859	1024	832	772
LOC727186	334	272	243	358	306	232	228	313	312	310	267
LOC102654365	359	438	425	665	495	406	473	485	566	518	432
LOC726541	224	381	403	610	494	434	472	593	650	533	485
LOC412114	119	232	252	439	363	253	289	346	503	339	394
LOC726505	138	161	145	210	200	178	185	193	195	154	214
LOC409078	189	214	308	427	332	344	346	309	331	346	308
LOC551581	263	505	420	706	521	460	482	560	581	560	495
LOC413357	218	361	413	677	544	403	547	608	744	543	697
LOC107963982	49	102	97	130	102	94	145	165	117	108	129
LOC100576288	446	730	656	953	717	710	908	1013	885	867	884
LOC409927	443	734	728	1259	1016	910	1029	1001	1223	899	992
LOC409926	698	708	564	819	895	647	731	777	764	859	649
LOC551728	93	158	163	288	228	221	236	239	395	226	237
LOC409925	17	48	62	116	66	66	40	64	121	60	65
LOC413471	3	19	18	21	23	28	15	33	46	29	29
LOC413470	3281	3209	2869	3972	3708	2815	3259	3652	3152	3459	2840
LOC409924	151	359	515	932	701	571	604	705	831	534	542
TRNAR-UCG	0	0	0	0	0	0	0	0	0	0	0
Mir6065	4	21	5	28	23	21	35	39	29	22	22
LOC413468	480	571	472	935	787	596	596	674	1033	742	788
LOC413467	379	412	375	546	530	420	506	489	544	528	407
LOC409606	399	557	519	842	675	585	663	719	871	663	619
LOC409607	866	980	1018	1699	1478	1087	1404	1352	1502	1311	1306
LOC409608	64	53	50	44	56	52	65	55	42	37	47
LOC113218547	10	7	2	5	12	9	17	10	13	14	11
LOC100576445	7	16	21	7	14	3	7	18	1	9	10
LOC102655437	21	23	19	36	40	15	46	23	34	30	42
LOC100578747	18	22	21	18	38	13	51	28	31	37	17
LOC102655493	0	0	1	3	0	0	0	1	2	0	0
LOC102655249	15	3	9	12	8	5	2	4	6	6	10
LOC102653825	1	0	0	2	0	0	1	0	0	1	2
LOC409701	30	21	41	47	50	32	50	40	25	28	49
LOC113218996	0	1	0	0	0	0	0	0	0	1	0
LOC412813	75	62	99	120	122	126	133	126	121	99	113
LOC113218813	0	0	0	0	0	0	4	0	0	0	0
Crzr	1024	1185	1142	1740	2272	1325	2163	1954	1810	2006	1573
LOC102654114	9	3	11	23	12	15	12	14	11	14	11
LOC408600	674	1369	1542	2461	1757	1332	1544	1829	2014	1711	1806
LOC725189	21666	17255	14859	21419	23120	16579	24614	23290	22672	21960	19007
LOC107964080	16	26	65	38	31	30	31	14	14	25	33
LOC113219409	59	51	119	39	43	50	78	43	70	69	48
LOC408598	1121	1618	1275	1936	1604	1442	1991	1722	1748	1772	1400
LOC102656618	200	497	455	836	803	671	805	787	928	649	606
LOC410730	196	289	279	274	256	190	275	264	274	259	281
LOC408597	139	183	151	296	208	192	218	259	208	219	193
LOC410729	12	24	16	15	16	16	28	11	13	24	14
LOC408596	273	364	280	450	311	314	407	294	329	479	322
LOC100578424	149	165	155	209	135	157	145	178	191	167	134
LOC725576	1315	1395	1279	2049	1821	1350	1677	1733	1871	1739	1650
LOC113219192	0	1	3	5	22	3	15	17	0	0	1
LOC552761	3	17	15	4	141	44	104	47	11	2	4
LOC113219191	0	0	0	0	0	0	0	0	0	0	0
LOC551385	478	587	597	1604	1235	968	1009	1289	1763	943	1091
LOC113219406	76	48	65	54	105	52	68	74	65	65	50
LOC725683	40	44	45	56	69	30	73	42	70	66	30
LOC100578568	5	4	5	2	4	9	2	3	11	2	11
LOC102654014	488	360	364	466	517	352	355	435	391	507	323
LOC725747	56	100	93	176	123	89	84	146	156	107	93
LOC725776	960	793	884	1307	1260	948	1329	1375	1270	1214	1274
LOC551557	1183	1161	1062	1469	1479	1180	1195	1298	1355	1386	1213
LOC113219418	171	166	160	214	202	157	174	201	191	242	170
LOC100578653	312	463	322	541	441	351	458	423	510	483	449
LOC413713	178	206	166	260	190	194	239	222	261	253	184
LOC410115	570	775	760	1338	1073	947	1036	1137	1168	1042	976
LOC410116	549	732	729	1132	1036	720	861	886	969	854	870
LOC102654555	372	434	450	636	482	426	442	507	564	462	470
LOC102654510	281	474	449	756	587	452	695	625	604	592	558
LOC100578735	39	67	40	48	73	51	106	57	60	60	43
LOC413907	381	618	545	756	705	695	746	714	770	733	562
LOC107966050	68	65	66	109	135	75	119	82	100	97	72
LOC409755	260	361	414	616	407	357	423	416	553	422	380
LOC551939	313	435	378	614	521	336	440	557	522	473	459
LOC724193	10	22	25	32	17	16	20	23	31	28	18
LOC413080	224	264	253	421	362	287	312	317	316	373	299
LOC409756	695	872	960	1586	1333	1072	1119	1249	1475	1122	1154
LOC413081	35	83	79	182	119	133	125	145	165	124	118
LOC724329	552	580	580	792	699	609	677	689	827	723	688
LOC409757	367	526	491	851	638	530	682	634	760	587	679
LOC551818	376	285	254	384	378	314	307	301	370	352	323
LOC551790	48	96	78	154	123	94	100	92	134	99	117
LOC412164	203	175	227	296	237	176	230	229	263	240	166
LOC724538	196	215	232	374	265	244	256	292	343	263	271
LOC100576871	202	235	249	304	255	214	245	238	285	278	210
LOC409564	1221	1666	1734	2355	1963	1740	2070	2081	2418	2148	2002
LOC412674	302	290	248	482	366	280	357	394	342	402	287
LOC724760	446	688	663	1155	894	644	1100	807	945	841	756
LOC551620	1104	1654	1540	2663	1980	1697	2152	2210	2443	2021	1946
LOC552549	43	78	106	157	110	89	88	141	164	99	135
LOC724875	58	98	111	186	149	99	74	131	138	119	124
LOC412343	160	261	242	413	312	248	291	367	375	301	309
LOC552502	356	747	637	1304	899	796	1002	950	1190	854	861
LOC409102	2718	3535	3488	4494	4501	3807	4600	4408	4729	4415	3903
LOC102656283	33	299	371	772	484	472	530	573	929	482	475
LOC409103	973	1219	1327	1863	1575	1292	1427	1495	1786	1463	1519
LOC725105	808	972	1008	1684	1328	1040	1296	1216	1452	1320	1054
LOC725150	567	790	770	1121	932	778	1054	1091	1061	997	882
LOC410061	747	1039	1067	1567	1289	1071	1282	1476	1543	1234	1291
LOC725237	85	80	71	91	124	80	107	100	126	101	103
LOC725279	83	160	120	210	125	155	137	170	168	127	96
LOC413759	372	516	507	721	545	425	662	605	615	627	466
LOC406118	292	472	496	827	637	531	664	705	742	663	584
LOC408592	332	446	409	520	551	409	557	550	499	476	429
LOC410726	713	692	712	1036	919	672	745	914	946	809	687
LOC725494	292	417	460	739	510	444	580	591	684	587	530
LOC408594	3226	6259	5775	11037	8445	7275	10798	10049	10260	8608	7654
LOC410727	472	597	604	902	839	647	772	890	836	848	682
LOC725649	58	68	43	55	75	48	63	67	65	75	61
LOC408595	914	1794	1700	2858	2406	2033	2921	2428	2652	2081	1901
LOC107966049	133	157	151	201	212	240	321	268	304	227	187
LOC100578300	633	829	820	1393	1008	988	1252	1298	1264	1007	1266
LOC410728	1011	1454	1359	2175	1634	1689	2456	2055	2131	2045	1614
LOC413024	249	403	394	587	517	457	511	533	693	472	525
LOC725817	335	402	334	534	436	355	531	479	556	526	413
LOC107964507	323	295	304	373	374	288	291	363	324	374	318
LOC413025	335	543	470	694	674	533	600	730	791	781	551
LOC102656318	30	23	30	38	18	35	57	38	13	21	35
LOC107964511	182	159	165	165	179	149	186	219	147	234	159
LOC100578631	264	456	451	691	666	552	684	727	810	620	724
LOC552140	725	944	768	1158	1025	894	1048	1033	1080	1053	900
LOC107964502	24	36	14	40	32	28	32	20	26	25	13
LOC552118	514	524	511	800	602	552	638	687	654	695	621
LOC725848	1473	1376	1300	1631	1345	1168	1425	1380	1291	1475	1255
LOC552094	1940	1511	1615	1964	1833	1379	2020	1665	1767	1737	1706
LOC726014	79	54	99	200	121	80	99	94	166	104	111
LOC552067	546	583	558	865	736	599	677	760	638	744	663
LOC552039	289	309	272	342	309	244	305	270	331	319	249
LOC726060	10489	9243	8868	12478	12968	9644	12644	11996	12202	12087	10991
LOC410725	1234	1833	1780	2913	2260	1893	2617	2444	2509	2418	2028
LOC410724	353	524	434	718	560	536	675	482	631	441	469
LOC100578016	29	32	26	47	87	56	38	35	58	39	40
LOC100578057	3	6	4	4	6	4	6	15	7	6	3
LOC100578133	4	2	9	5	8	7	9	14	4	16	12
LOC100578184	0	0	1	1	1	0	0	1	0	2	0
LOC107965530	0	0	0	2	0	0	0	2	0	1	1
LOC100577891	13	10	14	11	6	7	32	24	16	12	26
LOC550948	1366	1515	1456	2145	1902	1610	2034	2003	2218	2037	1881
LOC408591	197	468	437	854	692	588	672	673	962	690	718
LOC408590	338	455	420	735	777	678	708	800	1015	768	778
LOC409733	566	527	504	736	622	552	554	640	647	541	472
LOC100577336	186	180	191	316	212	206	187	201	238	204	155
LOC100577296	49	44	76	71	61	50	46	62	59	38	30
LOC409734	94	188	176	328	279	188	244	236	263	221	227
LOC100577140	165	151	158	217	207	155	179	173	180	174	155
LOC552374	138	117	123	126	123	70	119	134	122	124	114
LOC102656816	54	102	99	125	113	72	87	121	91	95	98
LOC102653642	0	3	3	1	0	0	1	0	0	1	0
LOC102653612	0	0	0	0	0	0	0	0	0	0	0
LOC113219066	6	15	10	10	7	5	7	13	5	11	4
LOC102656752	0	3	1	2	0	0	0	0	0	0	0
LOC412613	243	326	306	445	384	322	403	451	428	373	381
LOC409546	97	138	127	205	195	131	155	172	212	136	152
LOC102656558	24	45	47	43	38	45	45	25	44	36	40
LOC551415	1041	1092	1008	1550	1440	1155	1227	1316	1385	1359	1242
LOC551354	207	168	181	254	244	199	225	242	230	227	216
LOC411965	126	195	188	369	224	213	229	247	355	252	294
LOC726223	91	127	152	254	203	173	153	253	274	192	216
LOC551573	36	80	71	110	105	68	105	85	127	98	115
LOC551612	241	369	348	643	419	393	411	434	514	449	398
LOC725882	84	101	112	143	84	57	87	113	101	75	85
LOC551636	529	685	733	1073	843	721	753	842	1012	928	746
LOC551670	41	63	58	118	100	67	78	76	117	89	89
LOC725225	22	38	30	63	31	35	30	27	38	36	18
LOC409218	236	428	478	795	639	513	564	639	924	709	614
LOC100576131	5	26	22	48	46	25	37	38	53	30	37
LOC412112	45	78	77	121	83	75	82	100	140	85	106
LOC100579052	56	61	35	68	71	37	67	39	49	51	68
LOC724620	186	257	330	588	365	360	369	462	480	438	457
LOC551107	8186	7199	6825	8688	8330	6362	7576	8504	7192	8277	6523
LOC726944	80	216	182	329	200	164	188	198	205	237	156
LOC411997	98	114	131	150	80	109	143	154	158	134	104
LOC552371	188	311	288	552	340	289	392	489	483	426	349
LOC726918	85	169	186	375	236	211	245	251	341	210	200
LOC412748	1729	2892	2648	4430	3316	2971	3588	3500	4378	3345	3222
LOC409079	697	616	556	1008	804	681	768	900	838	852	668
LOC727390	169	200	168	278	218	209	257	207	342	282	233
LOC412495	959	1218	1317	1801	1382	1115	1209	1533	1707	1500	1380
LOC550977	210	215	179	321	271	232	288	272	348	291	283
LOC727396	897	1264	1240	1812	1477	1302	1408	1554	1746	1553	1346
LOC102654495	168	143	139	162	153	108	162	116	181	170	159
LOC100578820	125	218	166	327	230	192	198	249	338	277	239
LOC412721	397	502	514	765	549	572	671	642	779	603	522
LOC724633	117	89	94	122	132	94	78	150	123	133	126
LOC724678	65	76	99	139	100	109	99	115	114	112	106
LOC552473	41	142	99	194	179	123	117	146	209	190	165
LOC726264	239	354	276	471	366	308	307	375	450	335	318
LOC552497	41	69	61	139	100	75	87	110	102	87	127
LOC551976	441	646	698	1052	917	742	788	812	896	757	695
LOC551785	212	297	307	438	337	278	296	372	366	380	318
LOC412636	137	308	313	447	334	368	404	405	449	391	399
LOC100578966	133	158	139	180	181	143	155	133	170	161	133
LOC100578479	208	214	202	265	274	209	256	254	270	254	261
LOC726667	179	304	313	532	340	379	385	372	480	350	371
LOC409351	75	183	203	329	209	202	163	235	271	142	186
LOC726694	42	55	86	150	122	86	85	111	149	100	107
LOC100577197	54	25	44	39	44	35	32	28	74	27	28
LOC726722	30	42	23	75	49	40	51	44	26	61	52
LOC409860	546	561	606	834	619	551	621	646	801	669	566
Mir3770	0	0	0	0	0	0	0	0	0	0	0
LOC113219403	0	0	0	0	0	0	0	0	0	0	0
LOC726743	548	287	288	177	321	248	409	185	209	228	255
LOC113219232	0	0	0	0	0	0	0	0	0	1	0
LOC726779	50	49	42	54	67	26	39	78	43	61	26
LOC113219248	0	4	5	2	4	0	5	3	0	0	0
LOC113219247	2	1	7	1	1	0	3	1	4	4	0
LOC409859	163	417	366	588	441	368	476	376	512	472	389
LOC411555	225	638	588	1132	801	724	820	875	1171	812	765
LOC107965313	118	140	156	207	169	172	159	162	246	188	176
LOC409100	1343	1768	1733	2738	2384	1957	2071	2334	2614	2019	2149
LOC726824	434	417	499	865	578	457	487	553	727	552	620
LOC551406	84	126	137	214	143	137	141	215	204	171	172
LOC412224	224	482	542	877	707	544	755	598	1100	627	585
LOC409646	571	764	708	1063	944	698	1097	881	1168	875	845
LOC411526	290	461	397	620	500	422	481	530	477	431	433
LOC409093	2293	2184	2150	3013	2662	2245	2882	2597	2882	2651	2573
LOC113219225	12	20	18	11	17	16	16	16	14	17	23
LOC100577425	43	42	33	48	38	33	29	42	47	41	40
LOC409481	3186	3884	3652	6279	4997	4108	4798	5496	5576	5162	4716
LOC100578657	9	5	24	16	20	16	36	22	16	7	21
LOC102655567	25	35	41	37	43	56	60	28	27	45	38
LOC410035	98	134	158	264	132	178	176	210	239	227	228
LOC102655515	11	17	14	13	23	7	17	9	24	16	6
LOC102655275	42	105	74	130	70	60	110	75	106	80	92
LOC107964488	384	442	405	598	340	395	374	502	545	575	432
LOC413678	11	18	11	12	19	22	30	21	14	19	12
LOC413677	443	961	995	1878	1409	1128	1485	1740	1930	1420	1448
LOC102655933	4	8	6	15	4	5	2	4	3	10	2
LOC551679	41	53	64	128	85	59	82	100	119	67	81
LOC409401	478	548	543	897	779	642	770	776	997	838	798
LOC551705	81	115	87	164	146	123	94	147	194	126	153
LOC100577499	39	54	41	75	35	37	36	54	32	41	41
LOC409571	442	747	793	1337	973	779	911	1001	1125	941	984
LOC724719	1435	1091	1150	1427	1493	1051	1131	1270	1303	1464	1042
LOC107966040	128	151	91	118	117	80	78	93	81	100	138
LOC100576106	33	69	97	150	99	77	97	170	154	99	153
LOC552440	251	312	352	557	352	300	352	346	454	369	325
LOC726972	875	793	959	1486	1511	1071	1267	1247	1416	1169	1046
LOC107965622	12	4	7	4	11	8	5	17	4	12	6
LOC551730	388	483	483	639	583	468	473	565	523	493	457
LOC724235	209	449	469	972	719	609	661	847	951	828	773
LOC414004	715	982	941	1754	1243	1060	1160	1431	1530	1305	1104
LOC724330	385	319	357	596	386	361	335	396	411	416	371
LOC724495	12	16	23	31	11	14	21	34	25	25	19
LOC409109	1734	3553	3522	5416	1980	1853	3554	2462	3154	2706	2192
LOC409096	3	8	24	45	68	12	25	37	37	21	25
LOC107965607	0	8	8	3	2	4	11	3	3	10	5
LOC100578708	1021	1155	1190	1632	1353	1174	1698	1282	1423	1393	1331
LOC724635	110	127	135	206	130	117	111	143	180	120	116
LOC724680	106	262	240	427	292	259	320	311	368	302	295
LOC113219319	57	79	52	74	56	97	78	79	103	73	73
LOC551031	435	931	1025	1539	1114	949	1033	1080	1419	1021	1088
LOC409718	418	756	735	1177	918	763	928	940	1001	889	868
LOC724625	62	96	78	125	69	47	63	80	72	99	59
LOC413000	121	284	271	516	302	284	341	303	507	366	377
LOC102655469	18	29	24	51	25	21	35	39	21	40	35
LOC102655422	26	23	39	26	30	22	28	23	31	19	12
LOC113219320	20	20	29	35	27	35	27	26	21	30	38
LOC552040	184	324	332	525	370	328	541	398	478	346	402
LOC113218781	94	89	136	151	109	85	95	138	101	123	118
LOC409717	791	1289	1342	2448	1803	1557	1945	2023	2255	1777	1888
LOC552095	54	104	120	174	128	89	98	86	144	98	98
LOC409258	577	680	703	1028	1015	721	870	993	874	892	737
LOC409259	211	314	313	447	352	306	393	405	491	372	348
LOC552166	1783	2796	2665	4867	3790	3176	3395	3812	4546	3297	3527
LOC410723	37	30	49	51	32	33	32	37	35	21	31
LOC102656191	39	52	43	28	16	16	43	48	31	29	23
LOC725190	570	324	650	1076	901	502	766	642	825	562	679
LOC113218910	19	6	9	8	10	9	4	10	11	2	9
LOC113218632	4969	3100	3470	4664	4702	3389	4481	4192	5078	4185	4298
LOC552229	22	14	22	50	27	16	14	12	21	14	8
LOC107965163	5	13	9	4	8	15	10	3	17	7	17
LOC100576446	9	24	25	15	27	15	23	16	23	7	18
LOC102656359	0	0	5	2	1	10	5	5	5	10	5
LOC102656491	720	703	646	790	821	526	638	801	694	705	603
LOC726920	1	9	2	3	14	9	12	10	15	11	12
LOC100576473	0	4	0	0	3	5	1	0	2	2	0
LOC102656611	1	3	9	1	2	2	6	3	2	2	1
LOC102656640	1	1	11	0	0	0	3	6	3	0	0
LOC102656669	0	0	5	2	1	0	2	1	3	3	0
LOC113219275	0	0	0	0	0	0	1	0	0	0	0
LOC102656732	0	3	3	2	0	0	0	1	2	0	0
LOC100576505	0	1	1	1	0	3	2	0	2	0	1
LOC100577918	12	53	23	32	43	29	38	39	23	20	29
LOC100576730	3	9	12	11	13	4	5	16	9	8	17
LOC107965347	0	4	0	4	1	2	1	0	2	0	0
LOC413240	239	273	258	445	315	273	342	375	416	340	327
LOC413239	360	423	517	845	660	564	656	738	846	656	668
LOC409739	299	385	362	628	405	344	429	514	576	488	485
LOC102653708	111	52	49	66	67	60	70	79	88	54	45
LOC100576586	560	897	883	1539	1224	1033	1124	1464	1349	1260	1307
LOC410718	345	692	617	1068	828	711	969	892	1071	849	918
LOC102654418	0	3	10	2	0	9	2	2	2	0	3
LOC113219261	3	0	3	1	0	1	1	3	1	1	0
LOC113219423	2	0	0	0	0	0	0	0	0	1	0
LOC102654265	12	10	9	7	6	2	12	8	2	7	6
LOC113219258	17	11	16	15	10	6	9	8	15	8	9
LOC102653997	0	0	6	0	1	0	0	0	2	2	0
LOC107964845	11	29	53	103	36	36	63	37	71	40	74
LOC410719	51	100	83	194	163	133	102	147	196	144	131
LOC725489	627	992	893	1362	748	588	847	1059	1152	942	721
LOC113219422	4	5	5	0	4	7	17	1	1	0	8
LOC725818	143	142	158	174	191	145	148	182	217	183	131
LOC102654797	3	8	4	6	7	7	5	8	5	5	4
LOC100578389	562	589	444	830	518	435	742	517	632	571	500
LOC107963975	5	5	0	3	5	2	2	8	4	3	1
LOC102654405	16	21	22	22	8	8	22	17	7	19	16
LOC100578347	2	0	0	0	0	0	4	0	0	0	0
LOC724117	0	0	0	0	0	1	2	0	0	0	0
LOC102654781	0	0	0	2	0	0	0	0	0	0	0
LOC727522	9	5	27	9	13	13	15	7	6	6	7
LOC727243	0	0	0	0	0	0	0	0	0	0	0
LOC725885	2052	1166	1566	2309	1874	1294	1588	1447	1666	1548	1567
LOC102654266	2	1	2	6	0	1	0	2	1	2	5
LOC102654367	8	2	5	2	8	4	8	1	4	3	10
LOC113219308	5	2	4	1	3	0	1	0	1	0	2
LOC100577905	186	342	457	851	497	474	384	523	765	480	539
LOC724279	603	774	779	1156	946	849	887	936	1031	826	857
LOC724326	24	33	41	62	54	35	52	83	84	42	59
LOC412316	166	127	186	194	201	138	205	230	247	223	170
LOC411976	33	89	148	209	181	118	144	172	200	128	144
LOC726238	1662	2549	2543	4058	3288	2886	3364	3400	4219	3430	3121
LOC411781	40	48	51	54	49	36	60	57	100	55	27
Slc35b1	572	795	961	1477	1056	952	984	1029	1301	1087	1047
LOC409298	468	603	582	824	771	578	674	650	789	709	637
LOC100577753	307	581	567	1034	777	621	676	768	1012	741	680
LOC411983	1521	1463	1567	4668	6609	4097	3592	5716	6135	5795	7331
LOC411715	478	663	683	983	782	691	850	812	1023	724	732
LOC100577872	153	169	169	278	289	195	224	209	273	257	250
LOC107964025	99	121	124	174	131	82	136	140	145	128	131
Mir6039	2	0	0	0	0	0	0	1	0	0	0
rtGEF	628	1233	1174	1980	1423	1193	1373	1565	1808	1456	1375
LOC552719	0	0	0	0	0	0	0	0	0	0	0
LOC725527	23	43	38	57	36	22	45	38	58	18	36
LOC413631	186	273	244	363	250	214	256	306	354	271	255
LOC107966041	30	12	15	17	21	16	23	12	13	9	17
LOC409138	945	1316	1194	2442	1610	1539	1663	1799	1949	1527	1544
LOC412436	793	931	744	1025	918	803	938	878	921	894	841
LOC100576414	0	6	7	7	4	1	17	2	7	3	4
LOC411910	10	12	13	31	20	7	16	10	13	6	18
LOC102654175	34	29	36	28	10	24	11	14	37	22	23
LOC724636	228	252	241	287	420	327	326	392	357	311	274
LOC409238	234	398	421	595	474	399	483	483	494	518	428
LOC411850	419	412	403	578	439	380	464	468	575	381	420
LOC100576230	10	22	33	40	33	20	42	36	33	27	40
LOC412191	1323	1586	1480	2493	2109	1643	2157	2038	2203	2136	1823
LOC100578952	42	108	67	115	126	98	170	105	130	136	94
LOC724411	893	1097	962	1537	1392	1023	1362	1255	1492	1296	1164
LOC551703	536	674	543	836	711	566	657	709	677	658	656
LOC551676	773	735	850	1261	1109	844	922	1009	1176	981	880
Tret1	2544	3653	3666	6237	5120	4391	5055	5385	6067	5070	5199
LOC726405	71	131	168	317	152	141	182	206	263	158	228
LOC726368	539	713	711	994	950	795	811	843	971	847	727
LOC409579	131	198	184	260	160	162	192	196	294	226	229
LOC726320	399	515	382	680	476	379	490	582	495	504	473
LOC100578782	1339	1055	981	1485	1369	997	1075	1509	1190	1534	989
LOC100578721	175	247	260	495	361	296	301	321	434	353	327
LOC552091	587	612	632	1038	731	650	682	739	929	753	750
LOC552065	315	466	511	758	626	513	661	613	678	599	573
LOC726220	156	168	170	241	214	157	153	206	176	205	187
LOC552036	379	558	597	1091	887	766	789	982	954	793	823
LOC113218798	176	143	132	155	152	119	143	153	161	215	145
LOC724681	87	75	95	126	91	72	87	120	88	134	87
LOC410717	879	1299	1311	2785	2002	1496	2107	2236	2500	1769	1918
LOC113218805	59	35	56	54	87	53	80	47	52	48	72
LOC408589	2081	2170	2151	3128	2769	2072	2287	2526	2618	2493	2229
LOC724761	473	622	566	859	831	650	752	860	881	798	800
LOC724796	12	5	16	4	1	4	16	4	4	3	4
LOC724618	967	1226	1159	1857	1626	1476	1734	1613	1716	1563	1431
LOC113219402	0	1	3	0	0	0	1	0	0	7	4
LOC411474	249	416	399	629	550	407	484	451	603	492	434
LOC409075	318	417	487	798	578	553	627	698	651	564	493
LOC411473	225	332	293	478	340	306	337	345	422	372	390
LOC409074	1336	1162	1280	1824	1853	1486	1446	1536	1871	1761	1313
LOC725421	206	198	186	278	282	236	231	296	277	275	210
LOC411472	254	461	459	825	535	489	496	567	698	557	590
LOC725068	867	1565	1641	3195	2160	1977	2157	2184	2979	2095	2314
LOC412081	288	785	824	1500	1368	1053	1025	1223	2097	1250	1167
LOC726218	229	289	314	568	354	286	348	344	437	302	317
LOC413374	515	541	541	762	589	518	527	663	681	682	572
LOC726172	308	512	568	1035	735	631	549	691	1072	737	796
LOC412918	479	839	856	1321	1099	904	1048	1258	1363	1155	975
LOC726113	94	199	261	339	244	244	278	239	326	266	260
LOC411995	23	71	90	175	139	119	102	127	257	129	120
LOC411996	245	285	275	450	391	312	277	368	490	320	340
LOC552186	245	391	344	428	454	372	463	336	446	414	338
LOC100578370	181	254	258	400	303	269	330	314	409	292	295
LOC725028	78	124	112	187	222	123	170	185	202	193	176
LOC409832	2542	3105	3071	4222	3761	2892	3602	4002	3286	3662	3079
LOC413228	719	999	1137	1535	1715	1270	1413	1663	1705	1735	1506
LOC409911	2621	2598	2776	4248	3142	2692	2851	2916	3711	3213	2861
LOC409910	695	1334	1181	2209	1779	1505	1647	1908	2134	1594	1623
LOC409909	516	902	853	1513	1075	980	1082	1189	1340	1160	1092
LOC100577521	0	1	7	3	1	0	5	3	8	2	3
LOC411704	117	158	145	291	199	178	149	254	255	197	225
LOC411705	140	273	321	575	333	323	339	416	476	303	350
LOC552264	105	246	243	457	281	284	290	316	441	290	340
LOC100578901	26	45	48	108	71	56	47	69	75	54	58
LOC102655679	681	548	509	777	758	572	585	684	594	689	556
LOC552243	889	1927	1965	3596	2352	2139	2778	2534	3088	2172	2369
LOC552221	179	235	267	380	295	231	322	359	405	291	331
LOC725819	865	1030	946	1540	1353	1120	1229	1313	1488	1279	1096
LOC409193	131	252	260	563	424	326	385	421	489	322	364
LOC113219399	1	0	1	6	3	0	1	4	5	10	4
LOC725946	846	877	786	998	1062	846	1042	904	1106	929	858
LOC413650	316	562	485	890	696	639	653	666	966	790	664
LOC413649	110	110	114	134	165	93	123	136	124	142	113
LOC410009	147	115	156	50	69	71	156	75	76	63	79
LOC100576231	6	4	10	6	6	7	13	4	8	12	4
LOC113219408	15	9	13	18	16	7	19	8	9	11	12
LOC552032	56	103	109	167	140	120	131	148	245	114	147
LOC409282	477	1105	1230	2016	1478	1312	1601	1662	2314	1320	1548
LOC551978	798	908	782	1059	986	763	874	979	913	1053	793
LOC107964283	1076	841	742	980	997	679	647	999	652	1072	577
LOC412117	210	316	357	632	448	392	402	423	585	418	426
LOC726115	389	461	483	659	690	529	596	641	712	678	563
LOC412197	1417	1470	1598	2505	2249	1830	1853	2309	2592	1893	1737
LOC412196	109	165	117	154	149	120	148	143	120	154	137
LOC100578255	110	74	58	70	87	83	96	71	72	66	60
LOC726325	339	615	602	1116	733	733	839	842	1175	768	741
LOC726348	645	740	713	946	718	692	834	746	890	785	759
LOC411982	326	451	342	711	562	479	563	493	619	522	494
Gtpx1	9615	8653	9489	12291	13470	9905	11588	12995	11599	12596	10592
LOC409261	87	140	177	200	204	163	208	272	216	185	218
LOC726369	302	317	329	464	407	253	288	318	395	376	241
LOC551699	138	189	183	334	254	242	233	233	320	278	258
LOC100577833	175	272	309	550	237	239	259	304	346	242	343
LOC726447	36	32	27	63	38	30	59	47	46	51	55
LOC726468	4	1	0	1	5	3	8	6	0	4	2
LOC406132	71	65	63	118	130	111	80	115	92	103	356
LOC100578881	43	52	45	61	49	48	35	39	62	48	81
LOC726487	11	1	3	2	4	1	3	7	0	2	2
LOC102655073	8	8	11	15	13	21	17	24	10	16	37
LOC726542	61	73	66	93	91	58	94	89	80	106	206
LOC551671	370	336	309	388	347	287	343	356	379	393	381
LOC551109	115	99	133	119	90	86	113	115	148	111	124
LOC551156	637	811	727	1035	836	794	995	861	980	864	785
LOC551205	586	902	926	1856	1121	1044	1015	1131	1629	1129	1260
LOC724281	1220	1320	1158	2112	1733	1469	1956	1639	2068	1552	1527
LOC724236	0	8	11	4	1	1	2	4	3	4	1
LOC100576257	8	7	14	8	16	26	10	13	12	8	12
LOC100577942	34	25	36	16	34	12	33	18	11	13	19
LOC724373	48	30	35	14	43	8	57	23	6	19	20
LOC724412	31	32	37	15	39	31	39	49	20	36	50
LOC724539	54	21	38	37	30	28	43	36	27	34	28
Msx	12	8	23	4	15	10	10	15	8	13	15
LOC102655896	2220	3022	3054	4699	3577	2641	3372	4008	3620	3489	3407
LOC724587	579	457	479	788	744	627	629	833	779	710	701
LOC410710	1156	1829	2144	3777	3044	2371	2474	2691	3863	2441	2648
LOC413670	124	199	219	366	276	218	214	235	326	212	224
LOC724762	604	1057	1324	1916	1613	1349	1594	1350	1750	1259	1326
LOC413672	111	239	205	420	256	247	278	251	384	256	258
LOC100576435	398	423	437	663	585	448	642	753	756	657	800
LOC413674	555	650	559	906	845	626	686	817	709	698	675
LOC410021	235	176	170	279	246	158	295	195	235	201	238
LOC413675	209	240	208	333	253	219	274	262	233	269	231
LOC410022	2683	3271	3449	4961	4232	3553	3692	4232	4824	4054	3710
LOC412626	156	223	239	380	264	199	210	228	272	214	208
LOC551843	555	698	741	1072	923	719	810	1036	1095	962	883
LOC409690	3917	4141	4122	6305	5693	3855	4871	5282	5627	4942	4551
LOC412949	1867	1522	1342	1523	1681	1141	1337	1662	1396	1753	1181
TyrR	1317	595	709	1033	1118	692	847	943	860	897	972
Ks-1	29	46	66	62	36	28	52	41	34	38	18
LOC412948	495	1110	936	2303	1816	1563	2186	1849	2707	2162	1800
LOC409689	168	204	198	278	262	195	302	243	245	234	227
LOC725230	249	293	261	456	482	338	492	527	446	420	622
LOC725272	96	67	88	151	159	106	141	162	87	147	239
LOC725308	27	27	34	86	76	61	73	57	59	55	198
LOC725344	82	52	55	109	101	66	98	133	93	68	256
LOC725238	26	48	54	120	59	67	74	86	84	63	185
LOC725414	77	51	83	120	94	102	92	134	78	106	278
LOC725450	0	2	1	5	2	0	9	5	0	5	1
LOC100577019	1629	1749	1979	3174	2574	1886	2366	2487	2532	2149	2197
LOC408587	60	31	38	57	92	26	50	56	55	45	54
LOC113218581	150	235	175	376	269	254	325	311	284	243	237
LOC408586	280	234	305	296	221	188	384	238	278	230	212
LOC408585	163	188	153	260	214	228	174	236	210	262	200
LOC725495	735	895	789	1295	1196	1074	1264	1133	1392	995	1063
LOC550899	2976	2912	2923	4825	3804	2785	3707	3722	4004	3699	3273
LOC100577273	514	266	491	601	555	318	436	333	394	311	379
LOC102654970	1328	687	1280	1896	1558	882	1229	913	1309	850	1206
LOC100577239	163	159	164	350	246	249	204	243	240	193	208
LOC410706	2313	2076	2042	2626	2586	2141	2798	2293	2469	2444	2302
LOC113219123	2	3	5	1	5	7	11	6	2	5	9
LOC413562	143	318	325	716	797	569	709	778	859	575	497
LOC551206	186	209	198	290	233	211	231	218	217	254	199
LOC724237	29	11	20	23	29	26	40	27	28	20	16
LOC100576338	0	0	2	0	0	1	1	0	0	0	0
LOC413560	21	42	24	37	27	26	45	20	25	47	39
LOC409970	798	485	387	285	289	299	498	407	389	432	358
LOC724374	118	33	23	22	35	44	57	24	36	57	38
LOC113218522	2	0	1	1	1	2	1	6	0	0	0
LOC413558	169	81	70	43	115	92	122	84	77	72	82
LOC107964890	1	2	6	4	1	0	5	11	4	0	4
LOC102653680	29	12	15	6	7	6	22	10	20	2	8
LOC113219125	9	10	17	7	5	9	9	12	6	10	10
LOC409706	231	398	397	806	529	438	531	509	641	457	515
LOC551529	602	695	670	1020	751	562	685	688	717	685	657
LOC551558	3357	5533	4868	8835	7335	6793	9448	8841	9243	7260	8618
TRNAM-CAU	0	0	0	0	0	0	0	0	0	0	0
LOC102654380	0	3	1	1	2	5	3	1	0	1	0
LOC551621	142	223	210	282	276	312	306	279	308	252	221
LOC724763	1050	844	826	1045	1156	1079	1079	958	1113	851	946
LOC409704	1068	729	687	864	921	832	916	1000	909	924	816
LOC113218643	2	0	0	1	1	0	1	5	0	0	4
LOC113218641	64	35	39	35	37	45	84	48	57	46	55
Mir3771	0	0	0	0	0	1	0	0	0	0	0
LOC102654698	107	102	112	164	139	113	139	145	114	157	134
LOC724835	104	81	128	118	116	127	144	99	150	112	146
LOC724903	403	514	499	711	583	571	639	589	597	419	441
LOC408583	927	1247	1324	2254	2438	1795	1682	2173	2243	1734	1515
LOC102654916	4	18	17	32	20	16	25	23	30	21	10
LOC724991	794	1069	1017	1809	1329	1023	1196	1302	1488	1013	1121
LOC410705	6	12	11	4	12	2	13	2	7	2	8
Mir3772	0	0	2	0	0	0	0	0	0	1	0
LOC725078	14	7	21	2	4	1	12	5	7	3	13
LOC100577365	93	122	109	158	141	94	135	125	147	119	101
LOC725151	60	63	58	77	64	42	61	59	89	84	75
LOC113219411	16	14	16	13	26	11	21	6	14	6	13
LOC551157	1382	1668	1553	2229	2170	1597	1906	1994	2055	2069	1798
LOC410702	130	264	210	359	308	222	274	287	328	254	295
LOC725281	10	4	7	3	4	6	4	2	8	6	2
LOC725320	490	494	594	834	715	570	717	719	777	656	670
LOC107963961	19	7	33	15	20	13	12	14	24	17	25
LOC107966047	7	19	34	27	19	20	53	19	39	23	30
LOC725386	42	52	65	92	69	43	54	66	87	56	54
LOC100577260	48	41	61	46	72	57	62	74	47	38	40
LOC725457	17	25	21	23	35	21	24	31	31	18	36
LOC100577522	68	115	163	215	181	125	166	165	192	161	192
LOC551356	5787	9409	10958	17998	12776	10601	14663	13466	13909	11439	10170
LOC102655530	36	37	46	53	44	36	36	27	25	30	26
LOC551280	39	45	80	66	63	63	52	93	51	57	68
LOC724904	7	11	18	14	18	8	9	17	12	12	9
LOC100578281	502	674	591	932	786	630	794	708	952	792	720
LOC413018	115	200	237	471	356	279	286	395	481	299	397
LOC551111	22	47	59	120	82	64	93	89	152	86	83
LOC551069	14	29	38	36	31	16	35	23	22	27	17
LOC413099	112	218	248	433	293	259	303	340	420	297	303
LOC550996	421	455	435	616	566	470	461	594	578	538	493
LOC414039	40	55	61	75	64	48	38	80	53	70	51
LOC100578243	30	28	23	33	31	29	35	29	38	30	34
LOC113218760	0	0	1	0	0	0	0	6	0	0	2
LOC113219413	0	0	2	1	0	0	2	0	1	0	0
LOC113219414	0	0	0	1	0	0	0	0	0	0	3
LOC724496	227	261	186	322	249	207	230	242	264	247	229
LOC724540	892	922	888	1232	1160	891	1122	1137	1153	1091	930
LOC113218757	10	4	6	16	17	7	10	11	16	14	3
LOC725348	180	242	225	404	283	226	265	297	307	233	250
LOC725387	94	205	205	281	460	141	183	273	268	298	326
LOC725458	148	143	159	175	213	144	174	195	140	152	160
LOC410696	341	510	555	814	686	546	721	689	801	550	601
LOC408579	1972	2833	2414	4145	2638	2279	3478	3151	3176	2561	2637
LOC408578	316	378	352	509	394	293	385	487	491	425	406
LOC408577	519	624	902	1470	957	676	925	999	1051	762	994
LOC102655849	28	61	42	94	67	37	67	79	46	51	79
LOC551647	1168	1112	1079	1516	1376	983	1686	1589	1249	1236	1229
LOC107966043	4	5	9	7	1	0	2	13	5	4	12
LOC551680	95	121	80	102	81	84	136	77	101	87	63
LOC408576	4607	3403	3561	4783	4938	3718	6102	4847	5288	5136	4640
LOC551731	1301	1696	1613	2385	2168	1688	2010	2165	2526	1935	1901
LOC551762	539	635	571	892	869	656	751	764	918	843	731
LOC100576169	400	232	304	352	405	243	300	328	298	300	290
LOC410083	194	228	277	429	304	298	288	372	465	333	377
LOC410687	41	45	39	67	52	28	56	65	97	42	41
LOC413245	173	157	149	239	224	183	172	263	224	197	195
LOC724332	170	192	213	323	199	137	208	218	299	169	215
LOC551911	246	341	342	454	454	329	391	372	443	363	350
LOC724413	126	136	144	179	159	120	103	185	166	177	139
LOC724497	755	1373	1158	1998	1843	1474	1788	1931	2156	1674	1459
LOC100578913	79	81	79	136	98	87	118	110	97	132	100
LOC113218878	30	49	51	59	51	47	64	52	57	85	45
LOC410690	244	326	430	578	428	361	404	441	554	417	428
LOC408580	315	379	417	609	537	407	524	539	576	553	481
LOC410689	5014	3845	4058	4656	4519	3774	4970	4318	4381	4076	3895
LOC552096	187	161	148	178	145	168	190	194	210	162	143
LOC410688	544	824	973	1547	1245	982	1251	1496	1515	1370	1311
LOC552141	144	198	257	360	302	256	287	279	397	263	312
LOC552167	951	1267	1245	1954	1663	1315	1639	1684	1795	1505	1543
LOC412601	1145	1128	1104	1662	1471	1260	1379	1579	1571	1433	1325
LOC102656575	107	102	129	193	108	104	98	172	150	116	144
LOC102656224	343	637	571	929	762	539	516	821	846	826	690
LOC724950	19	44	56	79	60	35	48	45	51	28	44
LOC552251	951	874	871	1354	1535	1101	1895	1465	1455	1510	1433
LOC409027	1864	1840	1802	2447	2139	1716	2526	2140	2238	1908	1699
LOC411351	621	670	689	1074	829	651	821	772	1022	761	736
LOC413895	421	661	818	1473	911	718	909	1070	1252	962	962
LOC552332	582	690	714	1191	990	791	800	933	1244	933	931
LOC102655663	184	142	128	157	159	124	136	128	141	124	135
LOC409792	2052	3128	2949	5127	4179	3358	4681	4358	5033	4144	3757
LOC413502	36	16	19	20	14	25	46	21	25	26	27
LOC413501	37	36	31	38	29	43	47	50	45	47	41
LOC413500	89	84	81	61	91	73	116	84	37	71	67
LOC409937	72	82	87	57	101	56	155	74	58	57	68
LOC409936	586	761	646	853	838	707	979	796	847	791	663
LOC102653813	0	0	1	0	0	0	0	0	0	0	2
LOC100578060	21	11	25	35	25	29	27	23	22	12	18
LOC413499	359	334	361	542	479	354	444	404	489	366	365
Sergef	88	155	181	241	191	157	184	209	187	209	194
LOC411721	580	626	679	955	883	649	809	715	915	812	632
LOC725609	1089	891	804	1113	1138	777	827	1046	903	1161	839
LOC411722	737	730	747	927	926	662	858	909	935	844	761
LOC411723	253	491	525	878	818	592	657	764	1148	794	709
LOC410686	2465	1453	1835	2535	2241	1553	2285	1926	2384	1740	2043
Mir9880	3	1	2	0	0	0	0	1	0	1	1
LOC410685	54	29	56	35	29	28	38	39	42	35	20
otd2	132	111	96	117	99	58	108	116	108	84	75
LOC410684	52	18	37	14	12	15	28	23	14	32	13
LOC410683	11	10	13	14	10	10	12	16	11	10	18
LOC551451	1238	1360	1241	1699	1729	1325	1568	1668	1685	1723	1354
LOC102654681	140	158	163	259	262	201	176	240	234	183	185
LOC551494	64	259	275	537	304	291	260	379	485	336	275
LOC725980	348	310	312	408	484	353	352	402	335	455	316
LOC411700	750	985	782	1404	1361	1103	1514	1735	1740	1649	1222
Mir9a	0	0	0	2	0	2	1	1	0	0	2
LOC100577704	56	59	57	115	78	78	116	119	84	109	88
LOC100577074	222	289	224	306	287	215	371	305	303	297	243
LOC102655034	288	240	231	304	288	252	325	299	267	325	236
LOC551622	155	239	240	445	390	272	365	351	394	342	325
LOC726034	360	472	438	688	547	517	504	529	576	590	528
LOC726061	864	762	687	877	1121	782	912	999	861	1048	721
RCC1	196	237	209	353	257	256	366	361	368	335	251
LOC726148	20	22	36	19	14	11	12	29	34	16	10
LOC107963988	19	22	26	26	31	15	35	33	22	28	26
LOC408573	413	661	716	1000	1025	771	842	1028	992	895	844
LOC408574	307	637	588	1030	788	620	791	822	812	726	682
LOC551791	230	240	227	391	309	238	281	264	352	336	261
LOC408575	269	284	272	444	400	341	341	427	364	374	321
LOC412777	4923	3051	3663	5263	4786	2698	4261	3152	4079	3425	3626
LOC412778	56	56	83	42	35	39	63	43	27	30	42
LOC726349	583	712	758	1232	878	770	1066	1027	1134	846	968
LOC413574	1344	975	838	1057	1331	1014	1227	1246	1155	1223	1010
LOC413575	1786	1967	1422	2822	3060	2545	3280	2982	3382	2695	2929
LOC413576	25	50	44	86	76	38	78	71	84	43	63
LOC100578467	240	302	312	540	480	370	520	534	479	364	391
LOC102656513	1	4	7	9	12	11	12	9	6	6	13
LOC413577	88	134	168	311	292	251	254	298	305	212	235
LOC412407	320	335	293	416	360	317	330	350	450	408	338
LOC552128	903	1111	1163	1785	1506	1153	1308	1577	1598	1346	1182
LOC552153	319	349	295	351	385	285	365	406	396	400	336
LOC726562	367	720	610	1024	986	876	881	977	1301	909	878
LOC113218663	1	3	1	3	1	2	1	6	1	3	0
Mir281	3	0	2	0	1	0	0	0	1	0	0
LOC726591	119	142	141	205	191	147	197	186	170	189	157
LOC113218556	792	1088	1080	1737	1366	949	946	1618	1451	1237	1189
LOC414042	272	387	360	667	405	365	376	445	472	440	439
LOC726647	307	783	689	1078	870	815	862	1004	1272	1119	928
LOC100576242	247	489	465	564	450	391	483	478	554	554	447
LOC726708	248	365	360	535	462	395	400	400	551	447	439
LOC551725	1226	1389	1498	2397	2032	1678	1988	2208	2272	1855	1851
LOC409225	775	792	848	1168	1010	851	913	996	1039	922	829
LOC409226	562	712	706	1126	1010	851	888	1101	1182	938	860
LOC551637	696	755	740	1114	959	696	882	927	1025	899	835
LOC107966053	13	21	11	12	18	11	18	12	13	6	19
LOC107966054	191	155	166	244	196	149	184	199	211	219	174
LOC725976	670	658	699	877	821	601	656	827	731	753	651
LOC412412	227	338	349	642	519	435	399	499	584	412	490
LOC726766	752	1110	1087	1575	1498	1239	1304	1440	1784	1526	1422
Uqcr11	3118	1922	2047	2805	2879	2011	1749	2521	2157	2994	1934
LOC113219410	578	388	362	591	575	353	416	479	532	664	425
LOC102656360	308	300	291	425	360	378	313	441	455	409	394
LOC551665	440	546	559	744	619	623	628	640	752	614	672
LOC725572	954	720	677	987	918	697	755	1065	956	1133	734
LOC551633	267	383	398	589	535	385	476	472	544	475	524
LOC551606	293	290	293	455	379	287	311	387	391	340	345
LOC412449	149	141	130	189	139	127	138	126	179	155	112
LOC100578271	1244	1187	1166	1501	1430	1178	1314	1254	1674	1553	1372
LOC412362	130	175	166	284	219	177	171	232	275	221	231
LOC412361	44	19	21	48	43	22	24	32	50	34	27
LOC727229	42	202	150	313	204	193	261	234	267	218	198
LOC100578205	294	309	271	450	405	315	335	359	393	359	314
LOC410678	168	250	237	318	275	219	222	249	329	307	255
LOC724145	35	18	33	28	31	8	34	33	24	35	19
LOC724195	305	468	547	888	794	627	787	665	541	515	568
LOC107965369	1	8	2	4	4	4	12	0	7	3	5
LOC102655531	7	7	12	8	11	12	9	9	15	13	4
LOC551158	474	357	378	545	565	393	470	475	530	513	448
LOC551207	571	532	515	857	691	628	693	632	797	724	641
LOC100576938	223	210	242	306	250	240	240	258	285	371	256
LOC551281	501	515	476	729	609	467	519	527	572	656	505
LOC412262	98	166	113	193	213	135	188	170	240	193	193
LOC551358	338	327	329	511	490	398	461	377	541	412	453
LOC412406	39	269	253	574	309	265	337	363	574	337	328
LOC551418	6064	6598	5794	8998	8327	6048	6891	8106	6807	7360	6109
LOC551452	225	255	232	387	289	307	273	298	301	303	298
LOC551472	18	62	65	121	74	71	53	81	143	79	84
LOC724638	104	96	113	144	139	83	90	140	97	162	89
LOC413968	2288	5631	4931	8362	6661	5838	9032	7707	8192	6749	6365
LOC408572	108	326	262	475	325	369	368	446	458	436	390
LOC107966061	50	41	53	26	35	33	63	31	38	26	43
LOC551584	598	399	378	521	565	389	448	499	457	479	408
LOC100577992	69	65	60	75	103	62	68	83	88	59	58
LOC410676	455	340	276	417	434	307	337	363	344	436	284
LOC725042	182	219	223	333	285	198	251	262	310	232	246
LOC410675	5	44	59	118	63	64	64	103	158	51	81
LOC725079	543	434	465	627	561	434	541	532	568	597	471
LOC100576454	143	175	184	249	208	165	282	192	209	160	131
LOC410674	686	479	708	943	803	539	798	571	792	589	673
LOC113219189	347	157	193	116	173	170	254	160	156	92	145
LOC410673	173	156	167	187	203	150	194	209	211	185	154
LOC725239	169	151	139	159	126	133	230	137	152	151	137
LOC410672	159	218	197	374	325	242	243	319	300	269	272
LOC410671	433	762	705	1302	944	897	1115	1112	1423	948	1009
LOC102653709	5	6	2	1	2	4	6	1	8	6	3
LOC551893	1098	895	837	1370	1242	958	1039	1189	1081	1111	945
LOC551912	670	589	567	912	678	487	706	776	872	793	603
LOC725459	348	347	388	576	400	367	469	464	484	433	406
LOC100576258	337	367	340	556	542	402	577	522	596	559	521
LOC107965063	173	196	171	204	190	181	263	191	192	238	186
LOC410669	182	92	98	84	110	81	142	79	92	61	74
LOC412734	235	296	305	484	365	356	311	347	424	369	353
LOC552014	884	962	906	1261	1202	896	1084	1287	1184	1288	948
LOC725684	754	933	865	1227	1270	970	1152	1278	1227	1135	1053
LOC408570	2856	4383	4767	7611	6033	5752	6835	6570	8453	6527	6353
LOC102656598	4	14	12	7	3	11	9	5	11	8	1
LOC725748	154	128	112	174	122	115	201	124	176	105	130
LOC552142	631	477	403	529	475	388	578	501	401	446	417
LOC100578882	331	165	162	131	179	161	221	171	149	187	182
LOC408569	291	339	345	639	378	318	355	458	476	373	359
LOC100578855	2	0	2	0	0	2	1	1	0	0	2
LOC100577689	142	162	193	258	231	174	210	187	219	217	200
LOC411927	726	815	798	1230	827	720	848	837	1084	886	806
LOC725947	209	140	107	161	160	90	117	145	152	184	115
LOC725981	423	358	371	470	404	361	399	392	498	473	442
LOC113219119	20	60	74	148	91	74	62	111	127	102	105
LOC551837	3693	4748	4645	7807	6939	5715	6641	6781	7782	6947	6348
LOC113218850	625	525	595	909	730	665	684	684	849	740	611
LOC100577648	550	471	514	654	593	453	539	532	596	629	458
LOC724146	204	130	128	137	143	97	210	115	135	140	153
LOC724196	79	66	73	69	69	58	80	51	62	62	48
LOC724239	22	25	32	28	32	28	33	38	33	18	35
LOC724282	29	15	13	13	14	8	26	16	3	17	8
LOC408568	347	596	582	1013	737	742	691	698	1038	748	702
LOC100578551	399	326	319	399	387	320	311	460	344	543	310
LOC100577533	181	146	159	241	196	181	177	207	206	199	192
LOC551386	1328	1271	1293	1938	1873	1342	1539	1675	1898	1721	1578
LOC107965508	235	259	251	363	303	215	290	267	334	255	226
LOC551419	185	255	275	315	318	242	369	289	369	291	301
LOC412015	56	65	73	69	65	75	64	78	71	61	53
LOC409313	175	345	328	566	427	378	421	396	626	477	431
LOC409312	398	458	403	678	512	432	513	548	576	487	473
LOC100577501	88	146	177	274	191	149	163	251	340	161	184
LOC551559	1408	1301	1339	1839	1603	1320	1379	1579	1608	1695	1488
LOC551585	70	103	72	141	124	86	86	130	113	132	108
LOC550724	207	344	342	655	479	436	470	562	718	493	482
LOC412240	556	498	465	706	609	479	549	543	597	567	565
LOC413118	394	558	465	632	571	521	548	616	763	625	566
LOC409062	435	464	433	738	713	529	513	657	602	584	517
LOC410662	450	356	290	290	290	270	431	280	313	282	290
LOC102654353	931	1670	1504	2312	1518	1316	2394	1753	1817	1704	1724
LOC725106	117	187	152	186	205	118	302	222	163	175	153
LOC410791	9070	12296	12402	20952	20131	15858	18110	18618	21451	17046	16453
LOC551792	1569	1443	1266	1632	1712	1345	1740	1555	1535	1643	1283
LOC113218960	11	21	37	47	51	37	44	40	43	19	49
LOC725273	128	163	157	232	225	173	189	182	131	137	163
LOC100576662	15	28	34	31	55	28	51	29	18	21	33
LOC100577043	1	2	0	1	5	6	10	3	2	3	11
LOC725283	5	16	20	31	101	90	44	58	34	87	82
LOC107966045	356	301	243	391	638	483	479	557	434	527	503
LOC550901	195	397	347	580	497	374	453	502	559	451	416
LOC551868	29	67	55	108	59	56	76	59	106	70	72
LOC551894	92	173	184	314	269	221	249	296	377	261	243
LOC725415	52	82	133	84	88	55	107	241	72	124	119
LOC551941	1451	1717	1648	2969	2444	1934	2614	2466	2627	2213	2248
LOC100576447	57	40	47	27	52	35	65	20	47	26	37
LOC408646	47	65	68	85	84	58	111	109	101	112	79
LOC725651	462	475	403	609	673	562	788	660	867	670	814
LOC102653777	0	0	1	1	0	2	6	3	0	1	1
LOC102653941	4	4	13	2	2	3	1	5	9	7	1
LOC102653800	387	525	443	672	800	652	677	580	696	589	469
LOC408645	232	189	209	248	221	145	230	170	183	182	189
LOC410788	164	175	246	379	509	324	280	344	366	271	236
LOC107963993	45	42	36	29	44	16	35	27	15	28	29
LOC101664701	135	182	178	235	136	176	150	207	195	192	211
LOC724197	48	40	39	47	44	18	28	21	42	14	19
LOC724283	1771	2139	1970	3213	2669	2329	2768	2793	3137	2930	2581
LOC410785	731	505	604	867	689	535	734	705	657	526	664
LOC113218729	404	185	235	122	221	173	322	173	164	188	210
LOC100576697	52	46	32	42	38	29	52	29	35	38	37
LOC410784	500	553	529	697	648	505	608	624	590	620	488
LOC724415	105	178	187	340	219	176	174	237	310	242	223
LOC408643	534	1082	1087	2046	1663	1521	1311	1947	2586	1575	1886
LOC102655181	0	4	5	8	6	3	3	2	2	4	1
LOC410782	998	1587	1370	2116	1550	1443	1824	1735	2120	1812	1642
LOC409126	1199	1385	1272	2281	1725	1415	1601	1877	2037	1864	1676
LOC409127	220	357	359	717	454	400	370	504	606	404	492
LOC413378	750	547	595	766	687	519	728	762	700	777	612
LOC413377	33	113	173	286	135	132	185	200	283	139	145
LOC113219302	0	1	6	4	2	4	6	0	3	5	1
LOC724639	289	203	221	258	200	152	168	264	172	303	156
LOC409887	573	648	620	1034	779	628	740	751	801	705	658
LOC409886	874	963	928	1415	1338	946	1183	1222	1345	1132	1034
LOC552426	240	282	268	433	337	285	308	364	459	311	399
LOC551960	714	618	655	818	856	619	676	757	692	807	668
Gat-a	50	52	66	59	73	34	58	64	70	48	55
LOC100577450	52	94	106	185	114	104	129	138	132	112	141
LOC410080	1182	1478	1376	2064	1749	1489	1653	1830	1985	1804	1588
LOC551906	290	397	366	596	465	414	516	539	526	471	433
LOC725284	146	186	185	229	204	177	195	179	253	213	194
LOC551889	146	257	228	374	296	219	223	309	339	275	274
LOC412088	89	133	125	247	166	130	195	143	183	121	134
TRNAF-GAA	0	0	0	0	0	0	0	6	0	2	2
LOC725154	80	145	124	176	289	197	287	244	229	259	228
LOC100576132	696	1028	979	1356	1322	1169	1467	1392	1374	1656	1209
LOC725044	139	152	161	201	181	169	175	187	198	164	152
LOC100579054	382	348	351	562	434	349	365	377	432	434	387
MsrA	423	555	558	1008	929	845	978	1021	1240	1103	1012
LOC411548	385	586	592	809	642	523	572	672	783	597	613
LOC100579021	280	217	243	375	309	279	227	298	312	294	215
LOC100578953	927	1500	1511	2371	1993	1942	2132	1934	2871	1977	1896
LOC409251	285	345	375	499	409	361	438	424	549	438	434
LOC100578883	165	148	270	349	272	238	218	261	370	272	260
LOC102656037	0	0	2	8	1	1	3	2	2	0	7
LOC724798	104	93	124	170	125	111	118	131	154	118	87
LOC411882	505	744	780	1216	984	767	992	1064	1192	995	900
LOC727452	443	496	533	769	671	622	593	708	787	714	648
LOC107965381	15	5	4	6	5	11	12	8	7	7	9
LOC725460	134	170	157	221	199	151	179	214	192	160	152
LOC408642	366	391	391	611	440	362	528	441	565	417	469
LOC551071	2246	2824	2596	4568	3544	2855	4089	3970	3873	3256	3483
LOC408641	4587	5203	5047	8169	6360	5104	6857	6011	7109	6914	5248
LOC725724	864	1205	1096	1970	1132	955	1656	1414	1569	1535	1268
LOC551208	60	114	96	134	87	70	85	114	93	110	90
Mir6053	3	11	3	21	9	8	19	14	14	8	8
LOC102655594	4	14	12	0	2	4	4	1	2	4	0
LOC551320	933	893	880	1383	1148	907	1056	1156	1264	967	1111
LOC102655568	13	25	12	34	18	16	26	7	23	14	9
ROCK2	435	666	598	1192	856	707	804	944	1051	820	833
LOC408635	427	581	568	827	676	643	715	750	844	760	673
LOC551420	470	647	529	830	737	624	685	845	911	673	694
LOC409392	763	1027	897	1358	1139	934	1181	1134	1239	1211	986
LOC726062	204	181	210	248	242	160	173	179	228	241	184
LOC100578360	152	194	247	360	272	227	205	322	295	255	295
LOC412288	253	566	530	1017	732	584	692	767	964	772	690
LOC726178	1649	2187	2216	3854	2957	2146	2622	3454	3212	2619	2721
LOC409189	2364	2891	3017	4532	4020	3298	3616	4237	4260	3950	3535
LOC411753	165	344	339	605	405	406	461	456	544	451	423
LOC107965121	5	3	7	7	6	2	4	9	3	4	2
LOC100577142	109	283	199	300	280	255	366	315	327	258	321
LOC410780	1624	1298	1401	2612	2671	1928	1758	2047	2754	1945	2003
LOC410779	713	362	398	286	313	269	500	294	280	316	395
Mir932	0	1	3	0	1	0	4	1	1	0	3
LOC107966060	10	17	10	7	17	6	11	10	3	12	3
LOC726350	227	302	307	454	354	343	455	445	440	371	389
LOC408634	335	456	509	806	616	488	578	719	792	615	594
LOC408633	201	220	252	286	301	216	242	328	270	257	225
LOC102653614	92	92	88	109	91	71	102	93	74	98	119
LOC409288	584	634	632	1183	1159	816	1057	1155	1209	902	1109
LOC726431	56	118	125	221	156	130	110	198	226	180	185
LOC102656779	71	64	62	118	84	81	95	101	103	89	72
LOC409505	22	32	55	59	76	50	42	60	104	55	75
LOC100576990	80	88	72	101	81	69	78	63	112	59	75
LOC552660	837	869	948	1211	1032	1009	1013	1059	1085	936	935
LOC726056	3844	2836	2747	3694	3592	2595	3087	3970	2687	3400	2822
LOC552654	1469	1916	1838	2787	2564	1841	2336	2557	2448	2303	2043
LOC552644	422	510	445	638	534	409	541	558	496	541	460
Mir9871	0	3	13	13	8	8	17	5	9	3	1
Mir33	9	6	1	11	2	7	4	6	4	10	6
LOC727436	94	82	90	98	102	73	71	92	71	91	83
LOC113219416	226	236	196	353	333	236	279	349	291	323	286
LOC552372	718	668	654	877	868	642	626	875	785	788	710
LOC100576918	33	40	53	63	47	35	35	37	62	65	36
LOC100576885	171	211	241	328	241	249	230	191	309	253	228
LOC552315	671	648	649	1059	800	672	728	813	793	811	770
LOC412712	195	334	311	495	384	340	375	452	521	402	405
LOC552274	220	275	350	440	354	303	343	384	442	375	323
LOC550992	1223	1258	1206	1752	1509	1155	1376	1658	1503	1621	1336
LOC412451	507	843	759	1198	1102	756	942	947	1020	948	892
LOC412384	641	661	786	1094	1054	820	901	929	1112	911	880
LOC409462	441	550	523	694	724	560	556	663	679	708	674
CSP6	314	262	299	351	412	244	272	579	384	399	251
LOC751767	102	48	73	62	129	49	111	141	168	112	129
LOC552185	194	315	286	474	326	324	275	377	471	363	366
LOC409229	145	179	220	275	171	206	201	255	273	202	225
LOC725736	66	113	139	208	158	110	131	139	219	140	128
LOC725712	1461	1564	1737	2428	2092	1695	1715	1877	2121	1951	1754
LOC411836	594	601	573	725	745	579	623	682	777	669	576
LOC551469	49	32	40	64	24	29	39	50	59	44	61
LOC107964012	1	8	2	13	8	1	4	3	8	11	3
LOC727199	924	924	837	1171	1231	856	792	1186	1115	1225	858
LOC107965571	19	5	21	29	56	16	36	27	29	20	14
LOC102655636	9	16	11	5	14	5	14	3	5	8	3
LOC409036	1772	1999	2150	2812	2543	2050	2293	2761	2637	2477	2202
LOC551381	3964	3266	3193	4095	4262	3017	3071	4099	3794	4376	3140
LOC413524	399	450	436	722	558	462	614	594	739	624	557
LOC410057	1604	2443	2378	3269	2941	2435	2857	3051	3723	3000	2891
LOC724794	272	209	243	385	251	187	222	286	276	273	241
LOC552435	119	232	197	378	262	239	261	264	443	266	294
LOC724118	17	57	63	111	64	36	58	39	91	78	78
Crz	3	1	2	2	1	1	10	3	2	6	10
LOC724148	12	16	23	13	4	10	18	15	9	7	9
LOC413551	328	831	786	1186	903	760	935	889	1142	888	826
LOC410050	103	134	146	184	173	137	156	151	224	144	164
LOC100578005	439	418	456	671	563	496	519	545	589	528	600
LOC413132	189	239	266	412	368	277	267	324	470	331	342
LOC411546	181	233	185	338	296	174	266	286	250	248	247
LOC100578146	78	44	63	67	64	64	109	59	43	59	67
LOC412745	29	68	112	184	138	81	87	145	206	119	120
LOC726259	125	115	106	172	159	90	78	159	112	174	98
LOC552260	102	120	134	223	126	133	143	168	176	145	116
LOC413855	188	234	240	447	318	304	301	289	379	381	299
LOC412220	276	389	420	607	642	481	504	487	574	489	511
LOC552197	179	294	283	472	419	327	363	408	473	409	396
LOC552068	302	493	516	855	698	574	583	720	791	641	679
LOC410777	50	103	104	126	103	93	73	126	138	86	112
LOC408632	475	598	544	780	784	571	710	694	800	721	621
LOC410776	199	272	238	398	335	244	328	338	380	300	313
LOC408631	350	535	491	954	619	551	654	719	766	661	694
LOC102654381	54	44	57	54	52	35	58	51	56	50	51
LOC410775	242	639	585	1024	604	530	946	807	861	807	627
LOC100578543	23	15	4	12	18	15	24	20	10	12	12
LOC102655243	3448	3865	3094	5103	5064	4141	5251	4786	5296	4812	4599
LOC724993	1427	1250	1303	1669	3450	1877	2326	2739	2093	2117	2838
LOC107965104	9	9	6	4	2	0	2	0	5	2	0
LOC100578606	127	206	188	340	270	242	304	282	356	243	259
LOC552090	341	379	382	622	509	438	530	447	511	429	420
LOC113218939	8	5	5	14	7	18	7	14	21	7	8
LOC113218940	9	8	6	10	4	5	7	8	6	3	7
LOC412353	5251	6223	6860	10843	8806	7132	7571	8757	9886	7371	8693
LOC412354	1173	2170	1802	3590	2901	2422	3551	3096	3588	2854	2689
LOC107965319	0	3	2	4	8	6	5	16	14	9	6
LOC113219004	185	188	206	414	285	214	242	249	314	238	271
LOC100576708	306	342	346	482	354	310	376	350	393	371	300
LOC413255	283	253	241	327	266	218	273	281	282	297	220
LOC100576747	41	107	67	200	135	88	89	125	203	127	129
LOC107965231	28	36	26	34	37	11	20	38	23	25	31
LOC725388	342	530	439	750	505	461	509	555	720	529	498
LOC551242	379	337	442	676	474	450	504	580	636	520	514
LOC409311	329	331	376	700	610	485	491	626	660	659	588
LOC725496	1686	2114	2217	3128	2723	2244	2608	2634	3106	2698	2524
LOC410756	1626	881	1117	1035	1307	906	1406	1096	1139	1019	1035
LOC102656083	30	27	18	21	36	20	38	15	21	22	15
LOC107965445	50	51	48	75	60	35	64	49	45	75	43
LOC410755	15	21	26	24	15	10	19	38	21	17	31
LOC725725	7	6	5	17	14	17	30	11	13	11	20
LOC724240	318	296	309	456	336	307	321	315	437	352	387
LOC551530	315	728	693	1212	881	737	930	856	1221	907	831
LOC724199	12	0	2	14	7	1	2	6	1	0	22
LOC408607	1349	2015	2239	3998	3505	2931	3644	4045	4049	3592	3486
LOC100576425	131	198	165	235	202	214	235	211	276	216	226
LOC107965634	8	12	23	19	5	14	12	16	15	11	5
LOC102655819	32	40	50	19	23	32	32	9	19	22	11
LOC100577577	12	12	12	12	27	22	42	10	17	3	19
LOC113219249	16	16	15	7	8	11	9	10	1	10	5
LOC551623	997	532	636	770	588	530	687	441	678	511	527
LOC107966072	92	39	32	69	76	46	33	58	88	51	52
Prpf3	158	273	294	444	345	277	320	343	406	342	293
LOC724541	172	155	133	149	100	136	205	151	160	131	143
Hsc70-5	2524	3513	3530	5648	4628	3909	4025	5117	5583	4137	4334
LOC551732	788	995	893	1373	1235	1006	1245	1181	1166	1063	1119
LOC100577959	111	80	113	92	117	77	127	94	99	102	98
LOC113218573	5	7	5	10	6	5	7	5	11	16	10
LOC113219074	16	23	32	30	42	22	24	42	16	30	34
LOC100577920	318	565	627	881	736	573	755	731	805	656	954
LOC100577882	109	81	76	94	145	86	151	115	123	92	127
LOC102655202	0	5	2	1	0	4	3	0	4	2	0
LOC100577847	35	54	49	78	72	49	69	79	53	47	66
LOC102655882	0	1	2	0	0	0	0	0	1	0	1
LOC410694	45	50	59	68	68	47	72	60	89	37	44
TRNAL-UAA	0	0	0	0	0	0	0	0	0	0	0
LOC113219412	1393	1025	1064	1381	1699	1237	1694	1408	1489	1257	1474
LOC724994	142	179	138	271	208	145	229	245	215	194	197
LOC102654799	16	11	11	8	18	6	26	14	4	14	14
LOC725045	289	237	262	382	336	245	238	323	313	320	248
LOC725081	4129	5331	4990	9160	6879	5743	6566	7225	8215	7242	6754
vas	76	118	107	151	123	105	153	141	182	127	160
LOC412263	566	2130	1750	4569	2252	1839	4445	2396	3198	2048	2399
LOC102654496	29	16	17	25	21	21	27	18	23	16	26
LOC725305	343	242	273	288	291	340	265	297	336	275	213
LOC107965980	0	0	0	0	1	0	0	0	0	0	0
LOC102654257	119	178	195	425	306	239	264	211	474	227	255
LOC552181	31	42	26	57	53	29	47	45	33	39	32
LOC409922	764	819	745	1167	1003	849	984	1045	994	1009	887
LOC409923	72	154	150	380	247	220	251	262	349	235	252
LOC100577118	72	95	137	157	175	133	140	163	206	120	133
LOC727144	116	174	216	318	201	182	215	200	241	209	191
ecd	128	188	207	330	280	229	248	247	333	223	289
LOC727127	313	696	688	964	958	972	699	694	1744	1033	766
LOC409105	445	506	573	932	745	651	610	733	949	660	629
LOC727116	1262	988	1093	1551	1367	1155	1216	1179	1453	1187	1126
LOC726605	88	111	111	174	127	136	116	163	156	136	136
LOC551632	0	0	2	1	0	0	5	0	0	0	0
LOC726554	75	74	51	33	73	53	73	58	51	61	50
LOC552434	199	270	187	377	264	267	235	281	350	279	346
LOC100578519	159	290	238	370	229	184	183	174	209	251	243
LOC100578468	3	2	0	4	1	3	1	0	0	3	0
LOC724669	281	242	217	324	360	237	284	347	275	311	275
LOC551905	12	4	8	7	3	4	7	2	7	3	2
LOC100578694	237	589	588	778	571	504	600	643	659	570	592
LOC727049	248	215	229	359	363	172	220	379	236	334	225
LOC726108	129	178	198	278	207	152	207	247	245	251	211
LOC413578	344	619	604	973	797	708	807	913	996	761	752
LOC412003	46	88	110	132	89	75	84	120	127	107	104
LOC727393	857	715	721	1003	876	784	822	966	862	960	750
LOC727456	137	256	212	415	333	272	376	381	593	394	245
LOC727460	1016	1399	1337	2112	1596	1362	1664	1778	2425	1773	1518
LOC113219430	1	9	1	2	1	7	0	0	2	0	2
LOC409530	122	243	233	314	268	232	277	309	406	255	271
LOC102654355	21	37	36	59	82	60	59	83	126	42	63
LOC552418	81766	74364	70445	126367	115757	91513	103022	108810	120643	106006	100092
LOC726053	85	135	147	217	163	146	157	196	245	173	163
LOC102654146	472	505	619	866	1129	921	1594	848	1128	1309	970
LOC552453	75	78	53	109	97	100	138	77	96	146	72
LOC724319	50	85	96	167	103	81	149	154	122	121	120
LOC100577437	20	51	26	66	56	43	47	69	44	29	53
LOC100577474	2	1	1	4	4	8	3	0	4	6	2
LOC107964093	17	13	19	24	15	21	30	25	23	23	21
LOC113218607	10	3	8	7	0	1	2	2	2	2	2
LOC113218606	61	21	28	19	7	16	22	9	16	17	12
LOC100577995	1128	585	1139	1433	1260	670	744	700	860	824	825
LOC552364	1065	1234	1167	1754	1396	1225	1454	1492	1612	1607	1350
LOC550695	1031	978	1078	1698	1183	911	1087	1004	1536	1213	1027
LOC724665	592	636	625	1050	853	606	687	902	950	820	844
LOC409950	233	316	267	345	539	468	718	711	587	729	529
LOC726051	8	18	16	27	14	16	14	20	27	17	22
LOC412386	313	553	593	1037	829	652	683	881	1066	731	825
LOC412516	12	29	48	73	41	49	48	40	65	36	35
LOC100576733	80	109	121	242	165	116	133	164	214	150	154
LOC726804	421	669	927	1888	1334	1063	1394	1447	1878	1227	1357
LOC102653978	20	19	8	23	12	18	3	8	23	8	16
LOC552370	261	403	509	792	580	607	530	634	983	613	630
LOC552343	408	589	480	817	691	559	625	741	751	616	660
LOC100576623	19	21	15	23	16	9	30	16	23	26	9
LOC102654074	30	24	24	34	45	13	31	28	36	41	27
LOC107965760	21	43	38	52	65	37	46	51	65	44	69
LOC102655285	115	89	111	125	131	101	88	117	129	105	106
LOC107965761	187	161	219	234	285	245	191	262	299	237	222
LOC100576732	42	40	51	54	50	40	31	30	62	57	32
LOC724673	116	124	83	203	184	130	131	182	175	163	193
LOC102655218	4	5	23	44	32	22	15	17	24	17	15
LOC726292	1	1	1	1	0	1	2	0	1	0	0
TRNAA-UGC	0	0	0	0	0	0	0	0	0	0	0
LOC412853	48	27	36	30	39	25	38	22	39	27	30
LOC102654800	6	1	6	5	2	0	0	0	0	0	1
Mir3757	0	0	0	0	0	0	0	0	0	0	0
LOC727515	126	73	119	148	105	87	107	132	84	110	108
LOC727168	497	500	508	861	633	610	531	645	777	651	666
LOC727350	246	371	395	647	491	393	394	455	611	422	468
LOC113219428	0	0	0	0	0	0	0	0	0	0	0
LOC727358	212	203	235	321	260	238	235	214	265	214	257
LOC726925	1401	1661	1920	3176	2927	2315	2077	2325	3236	2226	2174
LOC411359	511	675	734	1118	930	679	793	936	1090	797	920
LOC552129	247	333	277	523	443	348	421	474	562	385	432
LOC727574	2473	1761	1869	2516	2506	1676	2006	1907	2227	2060	2052
LOC113219424	0	0	1	0	0	0	0	0	0	0	0
LOC100578586	72	130	144	262	101	89	119	152	210	150	116
LOC113218599	86	88	94	136	59	47	54	75	79	97	68
LOC107965774	3	58	48	96	25	101	18	110	220	96	96
LOC409793	1170	1267	1374	2048	1856	1475	1522	1754	1913	1768	1462
LOC409489	143	285	256	461	383	322	387	419	497	370	379
LOC726110	238	284	303	488	401	364	431	383	500	380	361
LOC100576649	423	485	476	699	556	473	567	533	708	651	572
LOC409111	1144	1096	1031	1144	1189	1004	1364	1168	1194	1192	989
LOC100576896	50	80	114	190	95	87	115	142	148	119	113
LOC100576862	459	418	467	654	620	519	579	564	737	652	551
Tert	124	178	131	206	207	201	181	173	196	207	201
LOC100576829	305	519	420	715	633	601	702	699	777	633	631
LOC725528	1768	2094	2043	3047	2260	2052	2484	2540	2870	2602	2356
LOC412594	112	212	184	339	227	218	268	312	366	207	263
LOC725850	202	175	161	222	206	137	180	240	189	224	170
LOC727119	80	109	91	165	106	132	111	117	141	108	98
Mir3762	0	0	0	0	0	0	0	0	0	0	0
LOC102655454	6	6	14	14	21	6	8	10	11	18	7
LOC552202	13	28	18	82	22	21	33	23	39	47	11
LOC100578587	0	0	2	12	0	0	5	0	0	0	0
LOC412646	38	82	89	146	93	74	98	107	128	119	102
LOC726171	10702	8573	7961	10825	9356	7492	8687	9581	8556	9284	7992
LOC102654530	27	16	35	62	36	42	32	29	45	32	27
LOC102654576	7	7	14	20	13	8	11	6	27	18	17
LOC412465	591	503	539	980	773	718	778	852	873	688	738
LOC102654729	14	4	8	22	12	6	18	11	9	10	16
LOC100217360	0	4	11	6	54	3	3	9	18	15	4
LOC102654685	5	4	13	8	9	15	5	5	2	16	6
LOC100579011	503	662	639	1175	816	785	679	832	1132	1042	749
LOC100578724	1814	2174	1950	3335	2421	2629	2957	3282	3625	2980	2646
LOC102655559	542	522	471	799	721	623	603	791	861	804	640
LOC552292	121	96	118	108	119	86	63	75	129	84	71
LOC113218604	3	0	2	2	7	3	3	6	0	4	1
LOC102655008	234	194	193	230	185	133	209	208	238	190	185
LOC409457	55	107	146	235	158	130	134	197	224	152	172
LOC726760	262	334	376	520	442	415	449	414	617	408	455
LOC412505	1498	1751	1722	2637	2627	2062	2237	2655	2736	2390	2157
LOC412697	69	115	106	207	131	96	108	113	178	150	144
LOC724300	201	226	235	394	397	325	328	370	344	314	256
LOC100576121	60	45	41	25	39	21	42	26	21	22	28
LOC113218584	22	14	17	23	26	15	54	17	21	16	22
LOC412955	77	41	51	28	42	18	30	23	25	35	32
LOC102655291	11	4	11	3	1	4	7	14	2	9	8
LOC102655235	11	3	20	10	13	3	11	9	10	9	2
LOC726798	629	791	781	1186	751	655	911	794	996	902	667
LOC726812	218	241	278	382	376	283	334	388	354	350	282
LOC726735	857	1011	893	1397	1272	1039	1127	1324	1439	1316	1224
LOC107964089	348	392	429	560	586	421	404	525	642	486	402
LOC725270	0	0	0	0	1	1	2	0	4	2	2
LOC724471	7	5	10	10	65	9	19	17	33	24	13
Mir6041	1	6	2	5	1	6	1	2	7	1	2
LOC411729	104	192	178	367	306	241	285	298	367	326	311
CPR17	56	23	37	29	40	29	49	40	44	31	37
CPR18	30	14	23	38	39	15	18	29	20	13	15
CPR21	37	41	46	34	53	36	76	54	36	39	58
CPR22	1000	1356	1157	1509	1984	1149	1946	1943	1505	2109	1405
LOC724735	2	1	0	0	0	0	0	1	0	0	0
CPR14	9266	10675	9315	10754	11622	9749	13017	14145	13078	14662	11941
LOC100578507	212	323	284	429	351	244	242	358	242	299	262
LOC551255	930	979	941	1411	1295	1106	1257	1500	1373	1273	1294
LOC102655706	377	341	408	751	588	418	586	464	568	496	527
nAChRa6	207	179	178	180	206	144	236	182	229	175	162
LOC550962	59	64	38	69	56	43	47	46	61	52	67
LOC727534	204	272	232	387	288	244	270	337	298	258	248
LOC552788	635	808	750	1297	1003	880	868	944	1162	955	880
LOC552790	294	404	386	676	566	502	527	572	730	595	541
LOC724275	45	42	20	106	125	62	80	97	100	82	97
LOC413607	307	403	443	661	602	455	505	621	656	535	579
LOC102654955	1380	1718	1816	2649	2192	1861	1800	2128	2340	2267	1802
LOC100578624	233	232	245	373	277	246	294	302	363	295	278
LOC412759	19	25	47	56	40	28	39	39	50	35	26
LOC551997	519	804	730	1222	902	817	917	843	1147	1099	908
LOC412010	123	161	142	251	197	163	186	146	273	210	205
LOC412009	439	498	510	813	635	536	576	637	683	623	567
LOC412008	11	26	27	46	28	19	33	43	55	29	20
LOC552105	419	376	378	587	521	386	386	512	502	408	362
LOC724716	169	212	220	241	210	182	246	238	237	218	219
LOC107964039	132	61	103	116	113	85	147	72	84	81	83
LOC724736	245	140	104	128	125	123	174	144	135	127	134
LOC107964040	36	24	15	15	38	30	34	27	21	23	59
LOC102654107	23	21	25	32	38	12	29	23	19	13	23
LOC102654330	0	7	2	6	8	1	10	9	0	4	0
LOC113218593	0	0	0	0	0	0	0	0	0	0	0
LOC413279	0	7	12	23	9	11	7	28	8	9	10
LOC413278	20	54	36	110	80	69	52	59	125	62	74
LOC551690	655	788	791	1239	994	816	859	1046	998	960	808
LOC413146	88	130	162	286	193	132	171	184	262	172	174
LOC102656852	121	131	123	180	176	154	212	176	148	205	392
LOC409791	575	342	504	714	661	364	520	493	412	486	494
LOC102656798	58	49	39	55	68	36	56	67	45	53	53
LOC551596	1040	1323	1265	2046	1552	1269	1435	1632	1664	1503	1368
LOC413147	409	552	426	765	539	480	583	526	567	572	447
LOC113218583	76	78	73	109	85	72	56	108	112	70	83
LOC551536	708	746	653	1021	874	741	821	874	853	827	707
LOC412143	363	487	465	805	697	559	657	673	989	644	643
LOC100578537	177	210	240	397	329	261	224	324	385	257	279
LOC413869	555	581	638	946	822	702	788	799	870	841	684
LOC102655388	66	55	86	95	111	70	80	89	96	63	102
LOC100578498	560	730	881	1352	949	912	1157	1123	1223	918	915
LOC412711	42	149	117	218	156	138	124	159	252	126	190
LOC551273	742	871	763	1269	904	834	822	907	1095	897	901
LOC100578429	37	47	56	91	62	46	47	57	105	72	67
LOC100579024	445	320	307	402	405	292	326	366	327	399	310
LOC725295	156	187	186	262	226	178	219	248	324	261	202
LOC100578885	345	316	376	494	448	460	563	482	499	406	457
LOC102655792	582	778	683	990	808	637	852	765	809	858	642
LOC408716	2528	1758	1839	2691	2276	1530	2068	1944	2230	2079	1947
LOC113218529	218	161	148	159	163	111	209	146	180	149	120
18-w	81	524	563	1278	876	780	1286	977	1313	764	894
LOC408717	2376	3996	4163	7445	6106	4972	5909	6290	7094	5491	6036
LOC100578397	3842	2866	2790	3468	3854	2867	3653	3628	3350	3769	3315
LOC408718	805	863	722	1213	1013	726	1147	1053	1150	948	928
LOC100578839	130	109	106	175	103	102	104	110	112	140	126
Calpb	1176	1535	1468	2590	1798	1508	1763	1936	2125	1793	1826
LOC725743	169	134	139	227	167	134	141	181	139	211	158
LOC411452	1164	2312	2115	3007	1857	1957	3215	2710	2639	2271	2868
LOC100576174	58	107	106	190	156	116	138	135	191	163	139
LOC410087	1495	1559	1472	2039	1533	1654	1670	2204	1785	1704	1507
LOC724274	898	713	704	885	758	591	627	771	930	762	641
LOC724367	1387	1313	1545	1964	1791	2209	1687	2957	1998	2284	1752
LOC724405	675	979	1007	1646	1053	902	877	1061	1247	989	1152
LOC724449	4342	6423	6726	9748	6695	5467	5715	6866	6624	5850	5414
LOC724488	2864	2014	2246	2768	2020	1852	2108	2485	2605	2283	1783
LOC411348	1137	1808	1847	3282	2428	2053	2751	2731	2908	2362	2441
Mir12	3	0	0	1	0	0	1	0	0	0	2
Mir3477	0	2	0	1	3	0	0	0	2	1	0
Mir283	28	29	15	9	24	32	12	19	29	31	38
LOC408715	173	160	251	151	132	83	243	194	88	122	198
LOC102656562	0	0	1	1	0	1	1	2	0	0	0
LOC551009	490	601	650	1025	826	718	702	751	1003	856	802
LOC412824	289	353	415	657	603	487	452	518	736	543	594
LOC100578420	381	516	431	649	583	510	485	502	448	471	526
LOC107964054	0	1	5	0	2	0	1	3	0	1	0
LOC107964083	123	129	126	171	165	104	162	152	122	174	156
LOC408714	164	272	261	419	369	365	359	400	462	297	320
LOC102654245	13	14	27	5	12	11	15	8	3	10	9
LOC100578727	36	52	63	114	76	53	66	75	74	67	57
LOC100577598	7	36	40	56	21	34	22	33	33	22	30
LOC100576249	248	423	358	515	368	353	375	351	370	408	328
LOC410897	71	122	135	258	197	181	156	259	213	176	163
LOC408713	57	56	63	73	57	46	65	76	70	79	52
LOC410896	279	480	440	711	628	555	669	698	710	634	636
LOC408712	401	539	566	800	652	593	620	764	700	678	731
LOC552020	5208	4410	4888	8208	6349	4942	5301	5084	6986	5508	5177
LOC113218591	92	46	85	81	95	79	79	96	103	51	97
LOC408711	277	272	302	424	398	320	291	410	381	346	406
LOC410895	445	650	639	1148	711	757	879	960	1011	878	841
LOC107964043	9	38	17	39	18	12	22	24	16	21	24
LOC113218592	15	21	20	12	28	11	19	15	13	16	14
LOC107964042	11	9	8	13	10	8	8	14	18	17	4
LOC410894	37	50	27	51	46	26	47	32	62	49	57
LOC410893	542	503	529	677	783	547	777	688	688	676	672
LOC408710	562	588	562	964	868	749	830	851	877	914	928
LOC726303	61	77	62	95	72	55	66	55	73	56	57
LOC551849	85	115	110	178	146	110	110	120	157	133	106
LOC410888	34	21	54	23	22	17	36	23	9	9	18
Mir6045	7	2	8	2	11	4	10	0	7	1	4
Mir9864	8	8	6	4	3	3	0	4	5	1	0
LOC107964069	76	62	95	64	100	36	99	44	57	46	54
LOC107964103	160	81	116	82	93	98	138	105	110	99	105
LOC408705	2421	3039	2433	4222	3809	2739	4036	4273	3849	3624	3294
LOC551773	62	137	181	247	208	163	194	205	342	169	186
LOC551743	77	180	178	340	238	221	183	212	341	232	217
LOC724162	195	191	233	326	225	196	201	211	251	251	223
LOC413265	271	479	432	845	559	492	624	622	781	601	568
LOC113218582	0	9	8	11	14	5	13	13	6	11	14
LOC552307	172	187	127	241	183	152	176	207	211	206	169
LOC552346	384	569	671	1049	812	732	690	914	1048	869	883
LOC724424	113	156	123	185	146	146	134	138	182	145	164
LOC411955	140	186	230	286	227	200	222	211	268	245	248
LOC100579003	445	512	510	784	706	562	691	794	759	737	688
LOC552405	754	882	832	1338	1215	933	1041	1126	1244	1159	1011
LOC552422	260	307	317	411	411	284	330	333	445	400	329
LOC724598	347	427	439	713	620	492	550	559	754	563	500
LOC410127	323	596	651	1275	932	883	958	1053	1184	962	1008
LOC413928	146	188	158	265	217	135	166	232	183	243	155
LOC552471	87	151	106	221	156	131	102	177	154	183	134
LOC552483	38	44	32	69	49	53	29	53	59	38	43
LOC411349	242	472	560	1052	906	683	946	869	1232	864	978
LOC102654426	3808	3722	3411	4641	4002	3286	3860	4214	3738	3950	3333
LOC409038	413	518	466	529	565	488	618	532	525	548	473
LOC409039	991	592	761	809	855	604	946	657	788	761	694
Hiscl1	10	18	18	14	19	8	25	12	7	7	26
LOC725008	11	39	27	49	42	45	46	47	43	51	36
LOC102654452	9	18	11	26	17	7	16	18	8	15	17
LOC725119	184	297	229	377	242	244	319	312	443	371	270
LOC725164	211	261	323	444	344	244	420	414	319	271	301
LOC413060	129	74	86	87	124	110	117	79	56	60	89
LOC100579058	203	174	204	282	212	156	187	231	220	203	179
LOC410891	1095	1247	1159	2001	1653	1433	1485	1472	1678	1255	1351
LOC113218585	18	27	29	68	46	40	49	47	57	50	48
LOC410890	168	144	184	203	239	188	186	234	245	222	241
LOC725396	586	568	577	871	745	568	715	771	700	677	703
LOC408708	543	585	532	788	660	552	620	724	724	646	574
LOC725429	33	114	98	202	116	124	114	141	168	136	132
LOC410889	680	641	550	883	800	591	675	815	830	859	598
LOC725530	4381	3396	3256	4716	4818	3334	3569	4256	4124	4743	3480
LOC100576320	9	22	22	15	29	14	10	14	20	21	6
LOC107963989	34	43	31	24	52	18	39	24	37	26	22
LOC725506	3	16	22	4	18	15	15	11	7	14	17
LOC113218596	20	24	26	16	15	21	18	11	5	6	12
LOC725588	818	1413	1185	1833	1664	1336	2026	1671	1854	1517	1580
LOC725625	2042	1713	1631	2247	2568	2041	2390	2258	2347	2173	2227
LOC113218610	10	12	14	23	14	18	17	40	17	14	22
LOC100576512	26	32	41	37	52	44	37	69	46	41	33
LOC113218595	4	3	1	0	0	1	0	3	0	0	2
LOC725757	42	104	102	194	107	109	108	150	161	131	104
LOC725789	215	304	327	559	338	237	356	370	456	375	316
LOC725742	201	184	238	317	271	204	248	297	287	295	258
LOC408706	562	1119	1153	2291	1670	1386	1377	2049	2367	1673	1827
LOC725826	459	446	457	628	641	510	522	596	671	575	544
LOC725860	89	184	186	217	230	175	224	190	243	173	190
LOC725891	30	81	122	211	149	160	151	176	193	127	123
Mir3798	0	0	0	0	0	0	0	0	0	0	0
LOC412076	274	308	285	457	416	342	384	426	429	333	384
LOC412077	168	705	617	1136	847	723	941	997	1058	832	813
LOC726009	391	337	322	518	435	331	356	466	358	433	375
LOC551412	69	78	76	169	125	115	137	143	145	109	155
LOC726085	398	393	373	608	533	455	356	516	478	581	451
LOC551508	31	39	52	105	81	50	94	98	106	82	56
LOC409566	355	394	429	651	487	417	453	460	506	459	443
LOC412678	174	337	248	475	368	326	342	412	435	401	385
LOC413955	671	1412	1265	2025	1557	1419	2057	1808	1858	1771	1593
LOC412127	178	191	218	335	298	209	247	304	319	323	262
LOC410887	399	669	580	1216	855	777	911	884	1096	800	794
LOC726187	1195	1965	1952	3100	2727	2288	2520	2670	3305	2604	2406
LOC726295	2102	2263	2291	2866	2835	2038	2028	3169	2091	3131	2065
LOC410886	265	474	467	844	738	556	609	677	856	570	646
LOC551254	80	127	113	252	212	145	203	258	255	150	218
LOC410885	44	75	91	124	109	108	162	106	162	111	107
LOC410884	48	35	55	61	78	60	46	56	86	52	58
LOC551123	8075	4567	7436	10426	8578	4743	7732	5634	7568	6739	6755
LOC102654210	18	55	119	99	59	65	84	58	41	65	77
LOC100577125	44	61	97	84	53	80	102	71	48	52	68
LOC102654085	14	24	55	20	26	17	27	21	10	15	11
LOC410883	435	484	452	638	604	505	516	631	516	568	445
LOC100577268	223	271	316	426	322	293	370	343	338	313	251
LOC410882	1028	1085	1172	1831	1591	1360	1733	1770	1716	1451	1406
Mir6003	3	3	4	0	0	0	1	0	0	0	0
LOC550665	167	298	222	344	297	268	270	304	336	339	289
LOC724553	217	299	323	536	468	280	405	416	368	336	311
LOC413933	134	169	194	343	235	207	197	217	362	214	253
LOC100576274	32	66	66	95	61	51	75	66	89	63	49
LOC413023	395	575	525	780	618	509	659	525	618	519	478
LOC412780	26	72	81	113	69	58	55	66	165	87	54
LOC102656247	37	37	30	57	35	30	20	49	61	46	33
LOC727293	206	166	169	260	201	138	195	165	225	213	176
LOC113218590	272	258	260	338	280	233	248	312	274	253	274
LOC727300	257	281	248	373	411	265	303	451	369	339	307
LOC410879	179	228	211	264	229	229	225	261	246	216	181
LOC727308	971	1076	1157	1686	1725	1385	1918	1654	1588	1499	1442
LOC113218598	24	19	31	24	21	16	26	23	23	14	16
LOC408702	307	301	296	370	358	273	303	286	325	320	237
LOC102654348	0	2	1	2	1	2	2	0	4	0	0
LOC100579019	10	4	7	8	18	5	9	7	0	4	11
LOC408701	187	264	248	395	331	304	307	333	399	328	313
LOC725009	211	203	182	311	247	210	249	230	252	233	240
LOC100578514	15	8	22	5	5	4	21	14	10	6	3
LOC725089	36	15	33	5	18	16	29	10	30	28	17
LOC100578611	255	152	171	205	255	187	301	264	201	201	174
Mir6037	47	69	70	123	117	125	93	94	112	95	88
LOC412330	10142	6687	7257	9968	9597	6884	8861	8206	8938	8727	7750
LOC100578715	29	64	89	151	95	79	84	70	137	87	89
LOC412331	108	199	223	348	273	244	234	274	324	266	253
LOC725325	1540	2438	2650	4398	3177	2794	3596	3592	4138	3395	3155
LOC725357	2	8	5	8	5	2	3	6	6	7	4
LOC102655463	39	55	45	54	39	35	42	50	50	28	39
LOC411871	2648	1334	1418	1828	2045	1285	2272	1848	1659	1887	1669
LOC411870	134	287	308	435	376	329	386	337	456	316	353
LOC409246	85	318	347	606	440	287	400	452	701	451	567
LOC409092	46	103	124	153	105	144	133	137	170	126	127
LOC100578119	547	515	454	610	553	490	503	530	525	487	435
Mir279c	2	3	1	6	5	2	2	1	2	6	0
LOC409091	362	491	520	675	464	464	409	519	653	528	515
LOC724425	34	5	17	1	15	8	27	12	9	14	12
LOC100578084	176	222	218	309	257	151	243	220	254	266	198
LOC413350	1188	2130	1763	2750	2053	1817	3405	2323	1985	2617	1646
LOC413351	278	542	512	873	663	502	651	662	761	604	550
Cdc37	886	872	942	1457	1285	885	1111	1304	1264	1127	1091
LOC724599	1513	1368	1540	2394	2020	1397	1709	1660	2064	1678	1770
LOC552075	2566	4326	4524	7572	4655	3997	4097	4719	5356	4801	4474
LOC113218612	7	11	10	14	11	11	17	27	13	14	18
LOC100577939	21	36	15	32	33	24	32	38	40	14	14
LOC551992	415	407	345	513	448	383	430	526	481	498	427
LOC412700	753	1062	1015	1496	1150	1057	1463	1263	1394	1347	1105
LOC724808	1178	1323	1284	1873	1593	1325	1546	1732	1657	1659	1485
LOC724850	31	51	72	105	85	77	76	56	132	77	89
LOC551872	457	858	772	1304	1141	941	1057	1102	1528	1080	1085
LOC413845	749	790	876	1271	1142	873	1084	1030	1211	1102	845
LOC409871	283	471	333	609	497	444	433	494	589	470	388
LOC410878	30	44	29	28	26	48	29	26	22	28	29
LOC551772	460	260	222	207	221	192	344	182	225	213	195
LOC100578436	90	83	153	130	90	109	93	95	108	90	99
LOC102655100	8584	10692	10189	11935	11381	9650	11783	11706	13250	12183	10013
LOC113218600	124	215	217	328	255	224	205	251	414	256	218
LOC107966103	1016	1391	1794	2335	1757	1564	1541	1524	2503	1749	1639
LOC408699	871	990	937	1370	1252	1155	1307	1377	1448	1214	1113
LOC113218601	1114	890	1172	1476	1244	948	1127	1109	1264	1024	941
LOC107966102	1331	1347	1230	1885	1623	1450	1556	1879	1874	1779	1496
LOC725165	198	291	252	367	326	314	359	257	415	358	306
LOC725205	165	142	135	236	210	213	138	144	186	202	140
LOC100577787	37	46	86	114	83	89	72	69	95	81	85
LOC107966099	20	15	14	21	29	36	35	28	20	20	25
Or4	209	241	248	409	442	357	309	287	439	345	365
Or5	67	87	96	130	141	154	117	117	143	107	134
LOC102655367	23	26	26	48	27	50	56	27	52	32	33
LOC107966100	9	6	7	17	14	1	9	10	10	1	5
LOC102655434	27	46	39	59	70	64	37	44	94	84	35
LOC107966098	6	43	28	50	32	48	34	44	63	26	38
LOC102655553	22	42	59	95	51	55	60	58	78	59	41
Or9	71	70	91	142	113	120	85	79	144	81	95
Or10	35	51	58	84	78	78	34	78	87	80	70
Or11	292	353	401	562	603	516	392	468	589	475	403
Or12	845	871	938	1537	1590	1303	993	1153	1518	1142	1024
Or13	188	230	282	369	304	322	299	281	326	346	295
Or14	199	220	222	351	348	308	305	265	395	294	258
LOC100577715	28	46	60	116	92	72	82	66	80	47	67
LOC113218603	27	19	33	49	59	37	32	48	46	31	27
LOC100577671	8	7	17	14	17	13	9	18	22	15	7
LOC100577634	18	17	24	30	27	16	19	21	21	18	20
LOC100577938	327	474	447	799	748	532	446	475	698	474	533
Or19	76	88	135	156	188	143	106	124	162	126	132
LOC100577590	72	62	96	130	141	108	133	97	141	115	87
LOC725861	219	215	204	369	327	235	236	231	358	255	242
LOC102655825	67	46	71	94	82	84	88	68	84	73	61
LOC102655857	55	53	54	72	62	70	47	47	79	70	80
Or25	55	39	51	67	67	52	31	82	65	58	40
LOC107966088	0	0	0	0	0	0	0	0	0	0	0
Or26	28	66	52	94	81	54	34	74	107	95	55
Or27	62	55	69	74	86	58	74	76	77	57	45
LOC726097	95	112	141	165	217	146	177	183	233	160	136
LOC102656092	2	3	7	5	7	8	0	5	12	14	4
LOC100577334	14	22	30	38	31	29	20	22	40	36	28
LOC113218602	40	46	39	73	59	72	62	61	93	49	68
Or35	34	57	58	70	78	70	68	70	118	62	72
LOC100577226	204	216	260	424	381	362	258	310	464	313	284
Or37	109	90	91	142	127	92	143	121	118	100	98
LOC107963966	49	51	49	87	61	63	70	55	91	58	53
LOC100577101	195	226	264	452	368	275	213	311	467	248	331
LOC100577068	65	85	106	131	133	121	120	91	139	92	113
Or41	79	101	101	176	141	136	114	140	140	116	130
LOC100576984	55	62	46	103	120	86	92	89	101	96	76
LOC107966095	1	4	1	2	0	0	3	0	0	3	1
LOC100576944	128	134	131	241	215	144	158	142	210	135	104
LOC113218588	7	1	2	5	10	8	6	6	10	3	6
LOC100576914	63	32	51	64	73	38	40	43	76	48	62
LOC100576881	41	54	75	108	90	96	70	75	116	55	93
LOC113218533	34	38	31	48	33	43	33	34	57	43	49
LOC102656676	3	2	7	10	4	3	7	8	3	3	2
LOC100576816	52	36	39	62	54	35	47	25	55	43	50
LOC100576783	30	29	47	53	50	51	51	40	73	48	42
Or50	46	57	71	112	88	100	79	87	102	87	66
LOC107966089	3	1	2	4	5	5	4	1	8	2	4
Or51	7	8	8	23	19	12	7	11	33	20	14
Or52	22	29	43	48	34	37	52	39	44	30	23
Or53	27	32	53	88	55	62	54	30	76	30	59
LOC102656907	43	49	55	88	101	73	56	65	82	76	47
Or55	35	46	54	92	70	71	55	64	84	54	68
Or56	84	68	70	147	90	127	113	96	111	88	123
Or57	176	181	247	301	274	218	228	158	323	227	256
Or58	52	66	96	115	115	105	90	72	124	89	64
LOC102653637	88	99	119	296	184	146	76	137	213	95	143
LOC102653703	117	98	154	199	195	152	178	219	148	149	161
LOC102655435	94	108	84	165	149	136	110	103	157	149	122
SPG11	919	1298	1181	1715	1589	1313	1491	1625	1897	1777	1407
LOC113218586	12	7	2	11	8	13	6	11	13	7	8
LOC726583	118	219	184	265	193	184	172	185	200	193	180
LOC100576571	210	261	265	394	324	247	375	394	407	331	294
LOC550664	167	183	165	282	283	252	251	300	321	259	231
LOC412132	76	198	259	457	291	276	235	292	425	299	323
LOC552365	268	283	350	472	401	350	388	327	518	394	393
LOC726679	126	198	135	260	237	135	214	309	285	252	212
LOC412005	65	104	123	200	149	94	130	178	161	113	158
LOC726711	217	206	158	212	200	142	180	209	185	197	159
LOC102654653	554	770	890	1384	1082	859	991	1094	1299	911	916
LOC408693	73	318	308	904	436	421	532	606	886	435	518
LOC107964030	65	45	48	116	61	53	95	73	73	93	92
LOC726747	753	610	527	854	672	433	522	815	566	805	542
LOC410874	181	209	268	420	355	305	344	402	434	349	425
LOC408694	1518	1405	1508	2719	2371	1807	2204	2244	2459	2091	2135
LOC408695	11118	14131	14490	20670	25436	15397	13669	19462	21106	17075	13632
LOC408696	4030	4449	4667	7065	7457	4928	4308	6071	6520	5380	4458
LOC726783	650	841	655	1312	1350	618	622	972	1387	955	729
LOC726793	813	799	752	995	1207	883	727	901	1166	783	784
LOC726803	437	547	542	712	955	713	760	911	795	931	756
LOC100578437	740	630	718	667	903	650	977	922	867	820	725
LOC107964086	129	87	65	84	102	102	111	69	105	94	93
LOC408697	3112	4004	3384	6726	6262	5317	6329	6876	7469	5885	5898
LOC726840	233	223	223	343	260	203	279	255	254	294	221
LOC410875	288	269	266	429	409	255	252	375	365	377	329
LOC410876	154	132	114	165	185	127	132	169	175	140	142
Mir315	0	0	0	0	0	0	0	0	0	0	0
LOC100576403	0	1	6	0	1	0	3	1	2	0	4
LOC410877	1055	1005	828	1264	1109	907	859	1085	1183	1193	926
LOC550806	549	705	766	1370	944	883	946	1020	1318	951	974
LOC551801	141	236	248	454	272	281	328	346	349	267	361
LOC726899	184	236	202	297	281	246	317	287	360	304	228
LOC726924	3549	3494	3980	6666	5123	3575	4909	4922	5674	4217	4865
LOC551711	51	72	61	64	58	51	67	56	98	80	64
LOC100576433	157	210	197	266	233	179	230	272	287	247	237
LOC411671	15	39	33	55	40	25	21	44	62	24	32
LOC726956	265	273	241	468	324	268	291	352	370	304	239
LOC413186	880	868	829	1225	1287	1029	1187	1255	1476	1350	1127
LOC100578356	10	33	41	79	44	36	25	37	60	45	44
TRNAG-UCC	0	0	0	0	0	0	0	0	0	0	0
TRNAG-UCC_1	0	0	0	0	0	0	0	0	0	0	0
TRNAG-UCC_2	0	0	0	0	0	0	0	0	0	0	0
TRNAG-UCC_3	0	0	0	0	0	0	0	0	0	0	0
TRNAA-UGC_1	1	0	1	0	0	1	2	0	0	0	0
TRNAL-UAG	0	0	0	0	0	0	0	0	0	0	0
TRNAQ-CUG_1	0	0	0	0	0	1	0	0	1	0	0
TRNAA-UGC_2	5	1	0	0	6	1	4	0	2	2	2
TRNAL-UAA_1	0	0	0	0	0	0	0	0	0	0	1
LOC102656216	0	3	4	3	2	5	1	1	1	8	3
LOC100577827	440	259	293	263	291	218	347	236	233	246	458
LOC113219427	58	46	55	34	49	32	71	35	31	40	45
LOC107964072	42	29	55	42	64	64	65	52	44	42	55
LOC100577670	714	347	301	280	379	341	497	245	291	329	313
LOC100576284	9	6	4	4	9	5	9	17	2	1	2
LOC100578730	14	24	7	8	5	6	23	4	2	8	3
LOC726987	104	116	103	130	108	63	92	77	63	60	67
LOC100577255	36	37	36	28	32	28	51	29	34	23	30
TRNAQ-UUG	0	1	0	0	0	0	0	0	0	0	0
TRNAQ-UUG_1	0	0	0	0	0	0	0	0	0	0	0
TRNAQ-UUG_2	0	0	0	0	0	0	0	0	0	0	0
TRNAQ-CUG_2	0	0	0	0	0	0	0	0	0	0	0
TRNAQ-UUG_3	0	0	0	0	0	0	0	0	0	0	0
TRNAQ-UUG_4	0	0	0	0	0	0	0	0	0	0	0
TRNAQ-CUG_3	0	0	0	0	0	0	0	0	0	0	0
TRNAY-GUA	0	0	0	0	0	0	1	0	0	0	0
TRNAQ-UUG_5	0	0	1	0	0	0	0	0	0	0	0
LOC102656630	0	0	2	0	1	0	0	0	1	0	2
LOC410872	268	268	272	346	279	220	210	277	265	275	254
LOC410871	573	664	644	976	801	693	752	859	818	815	755
LOC724187	44	44	72	83	97	93	66	92	83	64	79
LOC551364	120	62	58	30	48	42	48	58	30	49	34
Mir3800	0	0	0	0	0	0	0	0	0	0	0
TRNAL-AAG_1	0	0	0	0	0	0	0	0	0	0	0
LOC100577749	36	38	35	34	23	26	40	32	26	25	15
LOC410870	183	112	167	93	125	92	211	85	93	100	116
Mir981	4	0	2	0	2	0	0	0	0	1	1
LOC408691	428	492	453	734	653	452	537	664	607	664	474
LOC410869	128	171	145	280	221	177	153	255	256	208	174
LOC100578833	20	34	34	76	48	44	55	58	56	49	34
LOC724507	23	62	79	104	46	66	105	94	119	74	111
LOC410867	617	1716	1555	3620	2675	2263	3096	3268	3359	2478	2442
LOC113218589	272	153	325	218	239	211	317	188	175	188	174
LOC408690	544	289	316	254	363	216	292	338	293	380	242
LOC100578801	24	45	27	49	28	14	30	27	32	28	28
Fabp_1	6663	6989	6241	9702	7402	6192	7243	8362	7373	7874	6574
LOC551008	42	66	70	119	74	80	70	63	84	75	78
LOC100578691	46	91	75	122	83	95	66	84	98	126	87
LOC107964104	696	699	644	958	867	542	619	1470	626	1051	593
LOC102655330	37	11	20	33	20	19	24	20	28	21	30
LOC113218587	5	3	3	7	4	1	7	5	7	9	6
LOC410866	60	44	33	27	20	20	26	56	32	45	34
LOC724851	121	98	115	127	150	122	156	180	115	110	138
LOC113219429	22	12	12	8	1	9	14	8	8	5	3
LOC410865	176	201	229	339	254	198	266	212	324	291	255
LOC410864	134	243	246	487	323	274	341	342	461	298	290
LOC410863	233	206	189	344	227	235	228	288	275	214	224
LOC100577605	4	3	3	1	1	0	2	0	6	0	5
LOC102654905	2	1	6	1	7	3	4	1	1	8	2
LOC100578478	23	42	30	56	48	30	40	31	45	37	20
LOC410862	417	599	631	932	773	607	849	825	901	814	778
LOC102654726	23	17	37	19	21	22	45	29	28	34	20
LOC408688	756	876	840	974	647	687	1097	882	717	809	922
LOC551914	1955	1561	1378	2043	2274	1773	2193	2035	2137	2071	1782
LOC410860	725	947	890	1556	1274	1151	1536	1364	1651	1317	1160
LOC408687	363	323	338	550	475	346	330	407	389	341	317
LOC100578213	101	118	91	135	150	139	118	174	127	131	133
LOC107964035	29	38	37	28	47	37	34	35	34	45	36
LOC725143	228	187	218	290	231	171	198	249	271	247	201
LOC107966085	12	19	17	24	11	17	22	17	30	14	16
LOC100578144	38	43	36	31	38	42	47	50	57	42	35
LOC100578072	20	31	38	31	48	29	56	28	45	46	36
LOC100577530	258	396	397	669	427	406	571	549	549	468	528
LOC100577496	38	100	62	118	73	74	108	96	95	79	79
LOC102653640	223	252	204	320	322	270	317	304	368	276	227
LOC408686	5328	6472	6770	10268	9755	7768	8617	10661	9730	9648	8422
LOC410857	1884	2469	3201	6183	3256	2306	3128	3087	3654	2446	2844
LOC102653599	75512	46562	51141	60441	44184	30858	47937	42570	36868	42664	37424
LOC410856	796	765	636	867	817	624	791	788	740	764	671
LOC410855	244	311	286	438	355	251	387	364	366	361	345
LOC410854	206	313	322	494	431	362	328	351	496	350	331
LOC410853	2029	956	1038	1147	1367	1053	1452	1078	1177	1083	1067
LOC725491	1620	1806	1980	2687	2593	1947	2083	2412	2803	2364	2106
LOC551477	496	468	409	603	590	458	480	498	537	516	411
Eaat-2	270	209	279	300	308	222	301	260	309	241	283
LOC725892	74	80	62	64	67	62	90	50	63	57	59
LOC102655971	180	352	379	592	424	327	424	450	595	431	477
LOC551395	411	611	492	930	806	619	650	865	944	758	674
LOC408685	13002	11782	14472	21594	18113	12663	17436	15337	17526	15778	15804
LOC410852	2180	2458	2541	4704	3935	2923	3579	3406	3853	2935	3191
LOC724211	3060	4387	4285	5492	4085	2059	4261	3676	4505	2556	3823
LOC107966114	11	15	23	22	8	14	14	15	38	22	9
LOC410851	732	747	703	1045	1162	957	966	1057	1151	944	942
Mir3801	6	0	0	3	0	2	2	1	8	5	4
LOC410850	28	32	26	48	27	33	41	22	51	38	24
LOC113218553	0	0	0	0	0	0	0	0	0	0	0
LOC551122	137	179	159	282	207	230	232	232	269	278	177
LOC410849	531	639	582	924	821	620	727	817	823	847	745
LOC410848	149	273	336	533	404	334	368	428	564	417	400
LOC113218605	391	604	718	1129	1262	995	1027	1178	1217	981	936
LOC724508	301	413	406	569	498	439	550	497	620	453	470
LOC100577751	168	66	93	56	115	67	165	74	75	66	74
LOC724600	97	133	106	146	122	94	85	108	108	106	79
LOC724648	394	384	391	537	426	387	439	429	502	572	445
LOC410844	78	160	146	357	246	208	221	242	355	219	223
LOC550739	144	258	267	515	309	327	379	354	479	301	395
LOC724775	582	818	781	1268	938	825	907	1042	1107	979	835
LOC552124	6947	6915	6207	9290	8409	7013	9726	8859	8999	8512	8364
LOC552101	5832	5543	5048	6246	6379	5940	8109	6904	6869	6664	6141
LOC102653857	503	418	477	480	516	454	717	574	654	579	483
LOC100577719	1289	1560	1503	2055	1978	1856	2845	2322	2546	2264	1808
LOC552074	1111	1402	1345	2256	1731	1429	1629	1621	2024	1648	1460
LOC113218551	25	78	76	104	128	87	127	128	114	103	77
LOC552044	709	1356	1419	2233	1775	1726	1917	2020	2131	1806	1583
LOC725101	393	521	481	732	603	593	747	665	763	752	634
LOC725058	0	2	5	0	0	0	1	3	3	0	1
TRNAP-UGG	2	8	7	0	18	9	5	10	9	10	7
LOC100577635	899	825	851	1627	1178	855	1039	1119	1128	859	828
LOC413130	384	602	587	938	773	658	782	815	879	842	735
LOC408681	23	22	16	25	8	13	21	30	12	16	28
LOC408680	1020	1819	1997	4015	3430	2546	2839	3258	3466	2613	2327
LOC113218597	54	32	38	24	38	24	35	21	25	36	33
LOC102656010	38	26	33	22	39	26	54	25	20	34	28
LOC725294	669	466	603	846	788	529	716	769	680	578	638
LOC408670	1109	880	827	858	891	664	1135	847	676	879	711
LOC100577606	412	389	301	456	365	289	295	375	347	376	295
LOC410831	1453	879	1207	1558	1412	1073	1428	1160	1307	1270	1220
LOC725589	45	64	70	106	103	80	53	73	104	85	80
LOC551689	170	306	288	534	403	314	298	384	567	360	400
LOC409221	93	180	179	292	252	220	225	239	361	229	247
LOC725696	47	93	97	169	137	119	100	153	202	109	147
LOC725718	3089	3309	3299	4591	3934	3315	3565	4241	3931	3928	3759
LOC107964096	7	10	9	9	21	9	6	8	19	11	7
LOC551595	236	308	322	501	374	351	380	388	484	383	422
LOC409236	1782	1870	1938	2842	2530	1941	1911	2302	2504	2494	1908
LOC725758	24	38	32	48	58	26	34	65	54	38	39
LOC409235	221	320	411	426	334	350	448	448	431	413	383
LOC551476	178	197	204	319	283	211	250	228	295	218	238
LOC409322	2040	2456	2294	3763	3242	2644	3326	3155	3800	3197	2715
LOC412030	91	144	166	235	200	173	176	208	316	164	234
LOC725930	98	107	117	193	110	88	128	109	184	127	132
LOC725957	1535	2554	2864	4430	3314	2979	3295	3333	4709	3597	3329
LOC551330	6490	6691	5691	9081	7802	5905	6467	8653	6558	8045	6182
LOC551290	449	611	563	1129	725	643	735	738	885	843	705
LOC410828	321	428	455	682	491	482	706	635	734	536	579
LOC410829	7262	17929	14661	29365	20051	18693	33486	26579	25729	20244	19328
LOC551167	6160	10548	9839	18534	15527	13301	16841	17259	17727	14764	14579
LOC113218609	8	4	2	6	4	5	0	2	1	11	15
LOC102656824	10	8	14	7	7	2	20	3	2	4	5
LOC551121	77	118	107	117	118	114	151	143	133	102	117
LOC726230	1475	2719	2373	5457	3534	2899	3698	3776	4285	3156	3161
LOC412133	51	142	175	339	187	166	259	247	289	160	236
LOC102653961	14	15	28	30	31	21	41	21	44	29	35
LOC411672	5	17	7	10	18	5	5	9	6	4	16
LOC100576808	0	0	0	0	0	0	0	0	0	0	0
LOC726393	13	5	20	10	19	4	12	10	4	7	12
LOC726428	237	192	216	249	239	211	211	262	273	266	212
LOC411763	29	78	73	119	106	89	89	67	156	75	117
LOC726438	218	268	313	389	359	301	369	388	427	354	387
LOC100576706	133	156	137	244	176	147	154	175	226	209	157
TRNAQ-CUG_4	0	0	0	0	0	0	0	0	0	2	0
LOC550738	1595	1732	1741	2681	2314	1870	1891	1904	2579	2023	1984
LOC550663	1283	1803	1713	3112	2276	1819	2228	2595	2701	2239	2181
LOC410825	135	350	371	798	490	458	503	565	674	506	485
LOC102653583	36	28	22	33	47	48	39	34	47	29	16
LOC100577139	4053	2661	3274	4462	4618	2941	4101	3557	3992	3637	4016
LOC100577106	68	60	64	73	44	32	67	59	58	46	46
LOC102656490	11	25	11	35	16	22	32	26	22	18	15
LOC552073	180	219	213	187	253	188	224	145	246	213	168
LOC408669	1254	1538	1394	1808	1582	1465	1982	1612	1518	1641	1587
LOC410824	353	374	321	377	357	287	435	306	347	385	347
LOC410823	166	97	109	137	97	68	149	113	112	122	122
LOC408668	451	526	456	867	652	487	707	702	657	648	628
LOC724554	849	1027	987	1766	1942	1305	1612	2043	2038	1962	1777
LOC552211	2161	2396	2274	3831	4537	3261	3649	4238	4358	4241	3579
LOC410821	3321	4179	3977	6071	6294	5191	7137	6823	6912	6184	5337
LOC102655220	1925	1664	1632	2446	2239	2006	2260	1941	2286	2179	1666
LOC724114	47921	62584	51620	68908	71240	50040	60814	81351	59525	67225	67446
LOC552277	12094	13834	13381	22948	25636	19967	22895	27586	21735	26612	22966
LOC724776	588	441	818	675	809	516	887	962	497	688	619
LOC100576118	209	210	285	312	327	263	286	311	286	319	280
LOC552320	22	24	38	24	30	17	30	22	41	41	35
LOC100576986	92	67	73	60	70	58	107	61	73	57	82
Mir6060	210	238	303	394	404	340	424	331	484	420	391
LOC724919	3165	2565	2536	3453	3352	2757	3649	2947	3249	3338	3011
Vamp7	697	653	664	892	918	712	844	893	927	740	697
LOC410820	304	364	373	486	305	279	446	536	395	363	579
LOC410819	1926	1610	1631	1967	1596	1139	2185	1696	1695	1591	1548
LOC107964038	48	23	20	15	11	18	30	14	22	35	47
Eyg	1378	2147	1562	2864	2896	2606	3391	2963	3300	2788	2641
LOC100576949	32	51	49	98	70	57	61	79	83	59	79
LOC408666	215	374	408	568	494	390	401	501	580	478	417
LOC100578654	189	254	284	369	284	264	339	343	348	314	223
LOC113219425	12	6	1	4	1	2	16	9	10	10	10
LOC102654230	9	6	4	3	7	6	15	12	7	6	6
LOC102653940	983	1111	1026	1526	1253	1026	1248	1335	1352	1172	1224
LOC102653975	182	171	197	223	187	183	203	188	197	177	151
LOC725144	188	325	262	415	299	276	327	347	408	276	244
LOC100578484	55	51	54	81	100	69	104	98	82	69	100
LOC100578412	63	27	36	63	73	39	58	28	18	17	35
LOC107966086	26	41	36	61	35	33	25	42	35	51	40
LOC408664	7377	4040	4977	5445	5990	4266	5819	5184	4830	5471	4883
LOC725358	963	926	939	1361	1208	953	1062	1161	1095	1075	947
LOC410816	707	718	793	1156	1042	885	822	979	1015	872	798
LOC100578170	400	436	549	844	710	538	529	558	747	570	549
LOC102656585	244	443	532	769	466	389	562	567	662	539	502
LOC107966112	21	37	31	15	31	32	48	25	26	33	19
TpnI	6372	6743	6265	8389	9640	7395	7440	8774	8036	7501	6374
Kakusei	109	87	100	80	114	73	105	96	65	69	83
Mir6038	0	2	0	0	0	0	0	0	0	0	0
Mir210	2	0	0	4	6	5	1	1	0	2	3
LOC408663	342	440	458	709	620	494	508	533	654	466	465
TRNAA-CGC	0	0	0	0	1	0	0	0	0	0	0
LOC100577903	239	621	644	1035	729	688	701	912	1219	885	853
LOC100576818	280	309	267	406	358	238	278	283	350	315	273
LOC100576847	34	16	23	19	15	10	24	36	22	22	20
LOC408672	389	573	613	873	690	612	586	739	789	729	738
LOC410833	121	101	115	163	144	101	105	128	126	156	105
LOC107964045	44	40	46	49	43	41	37	51	32	46	18
LOC725697	157	94	148	96	114	85	140	76	94	104	97
LOC408673	167	247	269	399	296	326	335	296	362	300	276
LOC408674	159	205	196	265	228	175	314	220	229	239	186
InR-2	128	143	149	163	87	111	215	129	131	135	121
LOC725893	903	1495	1191	2361	1772	1484	2116	1862	2097	1786	1739
LOC408675	1398	1099	1007	1442	1448	959	1106	1393	1252	1276	1104
LOC100577661	309	345	366	525	438	348	351	418	466	421	361
LOC725958	136	207	219	311	204	206	216	217	290	269	182
LOC408676	4977	7175	6671	10387	9245	8675	11281	8064	10990	7789	7585
Obp1	378607	401150	338493	452489	461967	397111	464287	474400	432816	511464	367747
LOC107966113	58	44	41	64	55	41	54	49	49	59	63
LOC102656639	222	162	152	165	166	172	241	189	209	147	190
LOC408677	3755	8451	7284	14740	11992	9745	14369	13196	13948	11310	11327
LOC102655088	131	121	140	201	129	122	169	160	169	150	148
LOC410837	4827	4797	4938	6213	5808	4453	5249	5842	5257	5897	4494
LOC410838	1688	1721	1678	2545	2382	1969	2141	2234	2428	2062	2014
LOC102654939	34	76	51	83	60	55	72	82	75	56	58
Jtb	0	0	0	0	0	0	0	0	0	0	0
Gstcd	0	0	0	0	0	0	0	0	0	0	0
LOC408678	786	1096	881	1661	1500	1087	1357	1330	1590	1280	1128
LOC552747	1322	1680	1685	2693	2035	1768	2056	2351	2540	2153	1984
LOC726231	2326	3850	3654	6450	5626	4645	5831	5737	6258	4967	4833
LOC102654678	6	1	8	6	3	4	4	5	13	4	5
LOC726280	496	763	778	1505	1136	934	1459	1467	1392	1097	1199
LOC102654445	24	25	36	33	37	17	35	27	47	23	34
LOC726332	25	37	43	37	45	35	74	46	62	61	45
LOC413164	1173	1581	1513	2663	2063	1622	1803	2155	2943	1976	2100
LOC408662	359	622	629	979	739	652	753	747	978	690	643
LOC726461	1778	2628	2396	4034	3541	3312	4679	4379	4445	3517	3592
Mir989	5	0	1	0	0	0	16	1	1	2	1
LOC107964028	721	619	551	758	912	617	998	874	723	866	762
LOC408661	1020	715	835	1301	1229	717	997	1124	945	837	1022
LOC411764	1545	1972	1700	2582	2618	2352	2756	2644	3237	2639	2434
LOC409192	1943	3692	3159	5073	4398	3491	5223	4299	5074	4368	3636
LOC411765	300	623	697	1472	958	790	891	1021	1288	873	867
LOC411766	168	242	220	329	243	244	186	243	353	213	233
LOC409234	1430	1332	1350	2132	1996	1601	1660	1904	2172	1780	1689
LOC102653750	26	23	17	22	32	8	19	10	15	20	12
LOC100576796	95	74	63	51	56	73	68	55	64	62	56
LOC113218594	280	286	292	467	386	319	289	352	440	343	348
LOC552595	319	347	302	542	434	412	433	462	419	426	362
LOC411906	149	164	137	283	240	183	190	224	326	213	200
LOC725441	491	763	715	1019	819	796	893	832	989	922	759
LOC552562	409	469	439	659	483	469	476	497	573	565	528
LOC412175	115	517	412	829	591	457	706	794	772	523	578
LOC552183	2939	5425	5124	9452	7345	6705	7160	7554	9843	7560	6690
LOC411697	683	686	718	984	752	680	744	777	872	761	668
LOC409164	2834	2953	2603	3755	3716	3084	3560	3200	3362	3458	3008
LOC724299	372	644	594	1043	822	665	944	812	1061	692	673
LOC107964046	41	78	54	116	108	91	116	96	96	52	73
LOC724341	520	530	555	810	748	633	677	784	864	678	626
LOC412315	382	385	368	615	568	423	419	478	602	460	472
LOC409430	2330	3057	3162	5226	4178	3237	3669	4034	4415	3763	3693
LOC552311	246	142	163	196	165	157	184	180	162	222	144
LOC102656232	5	5	14	2	5	2	2	0	2	4	3
LOC412314	196	300	354	447	442	375	391	419	400	405	420
LOC724555	1	2	5	4	0	0	0	1	0	2	2
LOC113218520	1	2	4	5	3	3	5	1	4	3	7
LOC102656130	12460	10085	10830	12880	14521	12395	12785	12041	15149	13498	11123
A4	141	191	222	222	235	182	247	233	254	273	208
LOC409151	429	672	725	1245	943	759	859	964	1237	872	887
LOC102656093	63	84	87	152	112	97	110	104	150	84	115
LOC724792	233	371	370	634	495	403	382	534	779	479	559
LOC726589	222	271	255	437	268	235	254	286	422	263	228
LOC726570	685	979	987	1624	1274	1099	1096	1274	1618	1214	1262
LOC551492	233	292	260	360	334	276	311	343	306	349	307
LOC725376	119	215	244	313	304	277	253	279	398	271	288
LOC107966087	27	26	25	57	43	29	32	34	31	44	42
LOC550895	62	72	91	161	130	98	129	120	177	136	136
LOC552092	169	287	304	530	403	326	408	451	483	413	409
LOC409086	2105	3053	3029	5313	3742	3269	4132	4097	4193	3610	3719
LOC552037	90	118	66	120	85	69	91	77	85	84	89
LOC725138	105	49	55	67	47	27	24	67	51	93	36
LOC113219426	0	0	0	0	0	0	0	0	0	0	0
LOC552012	29	66	87	127	86	93	69	119	105	96	103
LOC725070	248	442	393	626	507	396	483	462	675	496	455
LOC409087	289	438	413	596	586	443	483	544	554	536	444
LOC409088	318	323	334	450	380	301	406	330	511	365	346
LOC724986	554	641	641	969	817	676	774	825	892	860	796
LOC551891	387	709	736	1337	967	778	781	984	1181	915	930
LOC724734	551	501	439	510	535	430	511	590	452	546	420
LOC100578614	8	11	16	30	32	9	16	17	18	17	16
LOC408660	398	708	650	957	713	652	902	940	827	749	738
LOC551688	221	209	167	209	235	160	282	254	182	172	190
LOC724852	71	149	172	368	287	157	209	264	265	159	160
LOC102654200	517	517	526	741	621	470	654	640	646	551	503
LOC102654142	45	28	38	29	28	26	43	41	38	26	40
LOC113218542	268	431	417	923	560	654	731	576	718	496	572
LOC102654309	34	26	47	71	32	40	58	38	51	38	40
LOC410812	107	151	142	235	161	132	121	237	224	168	150
LOC410811	466	712	816	1373	990	909	1151	1082	1266	1009	932
LOC725059	299	249	217	338	313	218	240	305	268	348	230
LOC725091	99	88	118	151	97	106	135	119	134	106	137
CSP2	465	597	431	674	394	368	475	372	435	464	359
LOC102653939	0	2	3	4	0	5	2	2	2	0	1
LOC410809	18	38	69	79	67	50	53	72	113	57	70
Mir3715	0	0	0	0	0	0	0	2	0	0	0
LOC551535	185	247	282	483	346	292	322	423	595	418	411
LOC551563	127	208	204	365	295	227	263	240	408	292	291
LOC413142	102	163	138	306	214	176	226	270	253	219	192
LOC552620	181	248	297	579	357	297	325	409	429	348	361
LOC102653600	0	0	0	0	0	0	0	0	0	0	0
LOC107966117	173	97	115	141	126	107	128	136	135	137	104
LOC552593	352	248	242	380	273	212	246	346	291	300	251
LOC552580	399	544	515	849	635	529	589	647	699	650	577
LOC725397	35	77	79	150	104	121	104	94	186	119	126
LOC100577742	37	50	71	127	89	79	105	94	130	86	101
LOC725473	442	413	410	579	491	371	432	507	449	521	433
LOC409034	2861	1950	1983	2873	2425	1772	2676	2354	2891	2318	2344
LOC550804	1208	1658	1668	3015	2375	1958	2478	2387	3005	2449	2247
LOC410808	80	208	167	410	315	234	263	260	491	272	290
LOC725626	998	1289	1115	2002	1555	1218	1351	1475	1754	1456	1457
LOC113218611	30	27	43	48	35	51	35	21	37	22	25
LOC100578899	1135	1137	1095	1716	1409	1117	1456	1271	1460	1020	1118
LOC107964060	2	6	2	5	18	4	12	2	6	1	11
LOC413209	1341	1192	1146	1475	1344	1040	1357	1353	1256	1320	1130
LOC413208	814	1207	1061	1973	1419	1165	1361	1645	1543	1305	1482
LOC413207	1773	2355	2468	4028	3397	2993	3214	3666	4500	3415	3829
LOC409821	1204	2005	2309	4918	4200	3042	3475	3655	3754	2674	2584
LOC725828	879	837	801	1123	875	739	951	935	923	1064	749
LOC409820	208	339	305	557	471	375	426	390	575	423	444
LOC410130	876	1057	1090	1404	1417	1075	1217	1234	1384	1275	1181
LOC552319	1025	1032	1013	1496	1429	1146	1183	1393	1510	1379	1223
LOC408649	184	432	441	879	594	538	876	792	842	564	676
LOC107966106	160	80	91	74	92	59	142	61	50	56	84
Dnmt3	797	981	742	1325	1175	939	1591	1234	1197	1089	1021
LOC100577927	276	410	379	702	553	389	580	469	562	530	461
LOC410796	258	329	401	567	535	386	448	474	520	393	421
LOC102655624	3	2	4	0	1	5	3	3	3	3	0
LOC102655645	87	90	66	104	79	97	105	102	100	118	82
LOC410795	1805	1854	1927	3744	3164	2584	3454	3104	3779	2903	2731
LOC107966105	295	215	207	241	326	244	343	328	326	341	314
LOC726128	221	258	297	429	389	290	375	350	419	297	296
LOC408648	340	636	690	1386	968	811	936	1011	1355	939	888
LOC410793	163	112	160	117	117	95	137	93	111	112	108
LOC410792	647	729	750	1242	946	842	1068	952	1163	962	850
LOC413787	2497	2912	2742	4568	3937	3492	3911	3764	4665	3708	3348
LOC413940	1272	1823	1636	2390	1955	1652	2163	2104	1990	2065	1771
LOC410133	375	475	425	726	573	489	740	725	757	636	656
LOC726304	402	487	450	728	633	551	652	669	628	654	569
LOC410132	526	638	668	1006	865	714	699	835	1010	822	841
LOC410000	133	227	255	381	203	196	287	299	297	249	261
LOC410799	208	361	350	675	545	423	486	637	589	493	465
LOC726375	103	91	108	120	149	120	168	125	97	80	161
LOC408650	87	89	148	150	133	78	185	248	124	168	181
LOC408652	2402	3889	3359	5562	4865	4049	6147	5492	5146	4758	4316
LOC726419	56	151	141	328	253	188	201	241	339	196	248
LOC408653	203	499	588	1240	800	726	863	868	1258	654	707
PDHB	725	961	880	1505	1511	1150	1260	1388	1560	1261	1053
LOC408655	1984	1863	1829	2444	2244	1789	2105	2129	2382	2157	1902
LOC726478	54	84	83	88	64	41	89	67	86	65	76
LOC410801	12	21	7	14	6	5	19	16	9	14	13
LOC410802	1196	1326	1357	2053	1949	1642	2066	2020	2214	1789	1796
LOC551687	1004	1835	1524	2393	1913	1623	2108	2126	2280	2023	1921
LOC100577377	64	92	112	139	147	97	123	101	180	129	134
LOC410803	858	1350	1475	2430	2197	1676	2073	2455	2624	2122	2026
LOC408656	643	776	868	1290	959	879	1101	1032	1285	1019	1156
LOC410804	197	227	258	332	263	321	293	365	349	281	356
LOC408657	542	723	720	1195	837	880	919	1013	1046	847	848
LOC410805	154	181	159	229	201	159	194	193	186	166	131
LOC410806	684	830	836	1395	1173	962	1084	1131	1270	1158	1012
LOC100577216	472	530	430	666	495	403	533	621	571	693	470
LOC409422	210	291	265	454	281	233	248	360	496	407	330
LOC102654728	15	11	9	23	15	14	16	12	12	14	13
LOC107965799	3	12	17	11	8	8	10	6	13	9	6
LOC100576748	13	7	4	6	3	10	15	2	3	5	0
LOC102656479	6	1	3	2	0	1	4	4	0	6	0
LOC724483	13	6	9	4	21	4	18	8	8	6	3
LOC412045	2276	2440	2608	3929	2728	2524	2823	2999	3266	2836	2846
LOC724402	654	1038	1200	2030	1535	1252	1524	1749	2000	1463	1529
LOC724363	416	341	333	491	442	381	392	385	467	442	392
LOC724270	33	25	53	42	42	24	47	61	63	52	48
LOC551485	254	439	432	719	584	570	538	610	890	639	583
Mir6047a	0	0	0	0	0	0	0	0	0	0	0
Mir6047b	0	0	0	0	0	0	0	0	0	0	0
LOC726869	84	159	150	333	217	169	176	198	272	201	202
LOC413233	953	1384	1280	2155	1569	1384	1515	1670	1953	1647	1565
LOC727354	344	393	410	698	586	483	511	568	616	482	506
LOC551755	477	597	563	891	778	661	674	737	985	763	686
LOC113218664	145	365	306	523	407	302	311	427	623	383	395
LOC410161	355	694	725	1322	882	735	927	929	1489	913	892
LOC413372	4218	7843	7254	11918	9915	8582	11553	10519	14183	11117	9580
LOC102655050	785	694	636	759	593	497	658	613	717	684	528
LOC552667	123	285	255	503	248	226	303	295	451	280	317
LOC412506	891	1190	1108	1546	1435	1190	1333	1568	1812	1518	1473
Ndufs1	1587	2561	2565	4195	3650	3052	3145	3804	4254	3163	3099
LOC552649	1254	1237	1286	1764	1610	1317	1311	1676	1702	1616	1440
LOC409663	2354	2255	2238	2610	2279	1851	1850	1937	2492	2438	1709
LOC100576775	240	263	317	397	309	284	309	341	350	310	302
LOC552241	4281	4189	4359	6012	5446	4048	4895	5204	5191	5217	4517
LOC552175	914	909	954	1545	1321	1175	1154	1278	1497	1187	1121
LOC100576120	4	6	4	6	0	2	5	3	10	3	4
LOC727415	306	470	436	641	450	440	496	611	632	591	449
LOC409242	2595	4447	4573	7580	5576	4877	6686	6483	7007	5634	5797
LOC551723	431	368	355	488	541	350	496	476	472	538	398
LOC411536	552	1053	1287	2170	1418	1137	1564	1592	1850	1351	1403
LOC100576296	482	677	590	1083	890	720	876	948	912	784	727
LOC551966	353	472	549	867	571	533	580	703	726	680	694
LOC412619	345	588	551	833	674	515	686	700	798	804	629
LOC100576506	185	192	261	376	323	182	253	299	303	255	212
LOC552280	581	624	594	908	756	599	718	752	848	756	707
LOC113218653	90	71	115	132	87	88	112	133	113	106	100
LOC113218654	130	150	166	245	181	156	205	255	239	184	228
LOC113218655	19	18	28	43	35	19	30	31	51	31	23
LOC409556	222	382	424	577	520	434	500	574	663	558	479
LOC551442	759	797	718	1094	967	795	811	910	919	989	821
LOC412432	265	421	496	718	540	492	453	580	721	617	530
LOC102654682	465	453	401	566	484	391	420	519	424	483	435
LOC100576930	237	234	300	437	356	239	318	352	349	383	302
LOC552200	459	545	477	905	628	552	612	682	799	598	624
LOC409492	396	517	528	669	527	447	536	553	565	442	510
LOC550978	549	608	587	956	803	575	687	781	727	761	670
LOC100577044	9	14	12	17	12	23	37	15	59	18	14
LOC113218652	1	3	0	0	4	4	11	5	3	5	2
LOC102654766	2	2	0	2	0	0	0	0	0	0	0
LOC100577185	0	0	1	2	1	2	3	2	4	0	3
LOC113218706	0	0	0	0	0	1	0	0	0	0	0
LOC113218694	3	0	1	0	0	0	0	0	0	0	0
LOC113218678	0	0	0	0	0	0	0	0	0	2	0
LOC113218679	0	0	0	0	0	0	0	0	0	2	0
LOC113218680	0	0	1	0	0	0	0	0	0	0	0
LOC100577795	304	350	335	569	590	357	577	549	549	483	465
LOC550691	94	112	157	245	195	179	176	233	221	151	187
LOC409402	117	113	142	173	137	112	164	189	137	133	162
LOC551465	138	217	234	251	140	128	127	241	229	190	195
LOC552029	815	762	751	1155	955	692	913	872	859	798	822
LOC412667	423	760	753	1127	983	675	930	963	1090	712	788
LOC113218696	3	1	3	0	0	0	2	0	0	0	0
LOC107965800	2	2	0	0	0	1	1	0	0	4	3
LOC113218681	1	0	0	2	3	0	3	0	1	0	0
LOC113218687	3	2	2	0	0	0	0	1	2	0	1
LOC727126	5	18	17	32	27	31	14	20	54	16	17
LOC724227	224	273	336	440	366	303	518	458	464	520	325
LOC100578349	29	42	52	70	60	83	82	92	63	67	90
LOC113218682	0	0	0	0	0	0	0	0	0	0	0
LOC113218683	0	0	0	0	0	0	0	0	0	0	2
LOC113218677	0	0	0	0	0	0	0	0	0	0	0
LOC113218699	0	0	0	0	0	0	0	0	0	0	0
LOC113218684	0	0	0	0	0	0	0	0	0	0	0
LOC113218685	0	0	0	0	0	0	0	0	0	0	0
LOC113218695	0	0	0	0	0	0	0	0	0	0	0
LOC113218698	0	0	0	1	0	0	5	2	0	0	0
LOC113218686	0	0	0	0	0	0	0	0	0	0	0
LOC113218688	0	0	0	0	0	0	0	0	0	0	0
LOC113218697	0	0	0	0	0	0	0	0	0	0	0
LOC113218693	0	0	0	0	0	0	0	0	0	0	0
LOC113218705	0	0	0	0	0	0	0	0	0	0	0
LOC113218689	0	0	0	0	0	0	0	0	0	0	0
LOC113218690	0	0	0	0	0	0	0	0	0	0	0
LOC113218691	0	0	0	0	0	0	0	0	0	0	0
LOC113218692	0	0	0	0	0	0	0	0	0	0	0
LOC411858	727	769	730	1189	966	824	950	945	1164	989	911
Pten	174	161	156	339	219	177	219	249	261	220	178
LOC100577264	0	0	2	0	0	0	0	0	1	0	0
LOC409900	716	897	922	1170	1012	812	977	1033	1009	976	901
Mir6059	0	5	8	6	1	3	2	0	9	1	9
LOC413416	900	764	768	1224	921	662	1058	917	888	782	883
LOC102655950	1478	1207	1047	1521	1337	1001	1392	1313	997	1280	1055
LOC409286	425	805	697	1211	990	857	1141	1014	1171	998	798
LOC727546	1	3	16	3	0	7	16	9	1	3	0
LOC113218627	8	6	5	1	2	5	1	3	0	3	2
LOC100577436	7	26	18	16	14	15	31	16	20	23	15
LOC411365	198	275	238	493	315	272	384	315	397	282	267
LOC552297	36	28	31	35	45	22	47	28	26	20	36
LOC724164	543	510	588	679	573	442	517	648	577	593	464
LOC409703	146	220	210	278	269	200	251	292	280	227	247
LOC724301	112	237	237	443	366	303	405	388	366	356	279
LOC412979	130	227	174	311	251	169	223	223	225	251	199
LOC552234	1120	1369	1400	2346	1814	1584	1819	1986	2252	1984	1712
LOC412195	514	585	550	706	630	498	628	744	690	669	543
LOC552625	99	187	200	327	220	151	214	266	287	238	249
LOC725740	484	571	617	873	628	522	514	780	765	639	669
LOC552599	400	373	314	490	403	317	407	434	390	408	325
LOC413484	681	820	847	1140	944	953	1014	953	1243	1075	879
LOC100578734	258	244	225	380	344	209	266	333	341	299	219
LOC409932	1416	2702	2607	4590	3464	2922	3672	3693	3823	3277	2986
LOC413486	744	538	525	791	705	504	511	744	669	696	528
LOC724985	183	238	256	404	280	210	230	284	283	257	279
LOC413488	738	1228	992	1723	1421	1140	1482	1390	1762	1381	1350
LOC413489	92	118	121	181	122	95	102	109	146	151	136
LOC107966069	37	39	23	68	57	38	48	64	45	48	36
LOC102656299	7	15	8	8	9	2	14	11	6	2	5
LOC100577971	47	28	48	29	28	12	71	45	63	43	54
LOC107964011	21	28	27	47	39	36	46	60	47	48	52
LOC100577932	32	42	43	71	52	25	70	57	42	57	49
TRNAV-AAC	0	4	0	3	0	3	0	0	6	0	6
LOC724509	157	190	215	365	261	185	281	296	347	255	258
LOC102653952	55	77	59	61	57	45	70	92	74	75	58
LOC412708	827	647	633	937	730	735	707	895	883	777	736
LOC552139	112	119	141	180	158	158	100	132	176	170	144
LOC100577228	14	35	28	39	41	27	32	23	53	34	29
LOC113218630	698	666	741	952	945	650	649	908	755	1038	625
LOC724602	64	68	83	128	108	103	68	118	152	100	90
LOC100577147	2	2	9	3	2	1	4	5	0	3	2
LOC100577721	0	0	0	3	0	0	2	5	2	2	1
LOC100577678	13	29	9	24	15	16	14	23	26	13	16
LOC552148	73	99	133	204	137	117	125	165	173	142	162
LOC409888	361	677	849	1556	1093	913	1049	1106	1644	946	1178
LOC413394	177	335	393	591	457	403	477	520	628	468	467
LOC413393	159	187	199	342	268	239	223	242	258	242	240
LOC552022	351	524	519	684	644	504	627	571	655	590	529
TRNAM-CAU_1	0	2	0	0	0	0	0	0	0	0	0
LOC413391	11	11	17	12	10	13	16	6	3	7	5
LOC113218703	0	2	0	2	1	0	0	0	0	0	1
LOC100577538	41	57	66	84	64	53	92	90	79	75	55
LOC100576953	11	14	21	16	9	4	13	17	23	25	10
LOC413390	149	251	271	401	328	280	292	305	435	291	332
LOC413389	497	675	713	1090	1026	729	1046	921	1040	907	807
LOC413388	70	136	157	245	192	166	150	205	306	185	168
LOC113218649	5	0	7	3	1	1	2	0	1	0	2
Cac	1422	767	863	1024	909	705	1116	726	1025	818	883
LOC408763	3472	3087	2948	3836	3829	2990	3736	3319	3613	3578	3062
LOC107964236	53	82	63	99	58	77	90	68	91	91	78
LOC100577300	254	381	337	536	362	361	344	354	363	371	337
LOC551850	20	33	19	43	24	30	37	33	62	30	37
LOC113218625	28	28	34	35	33	27	47	31	54	33	28
LOC410976	12	13	29	9	22	10	30	6	17	16	8
TRNAL-CAG	0	0	0	0	0	0	0	0	0	0	2
LOC100578544	11	10	5	14	14	12	15	9	12	17	14
LOC100578508	6	7	9	13	14	7	10	14	3	3	11
LOC113218660	42	32	27	35	38	30	56	53	64	36	43
LOC102654788	58	46	61	67	85	59	62	79	95	85	68
LOC410975	133	119	95	111	138	108	173	94	113	91	99
LOC102654687	158	136	145	153	170	112	222	168	116	168	158
LOC100578418	55	66	59	114	119	79	105	98	107	70	75
LOC107964189	1246	1490	1470	2741	2202	1979	2168	2513	2424	2004	2106
LOC551057	85	134	159	243	212	158	171	193	227	170	195
LOC113218661	0	0	0	1	1	1	1	2	3	1	3
LOC100578353	24	30	20	64	34	31	27	38	33	32	23
LOC100578283	0	0	3	7	2	1	2	1	9	10	4
LOC100578261	16	17	25	28	22	12	44	39	46	17	18
LOC107964187	5	30	10	33	27	9	21	4	16	21	16
LOC102654134	101	112	133	99	119	93	96	122	87	110	106
LOC100578226	411	739	605	872	634	528	678	803	760	742	730
LOC102653875	33	57	51	76	57	58	46	87	76	63	67
LOC410972	495	470	497	595	491	416	588	512	483	517	510
LOC102653928	0	4	1	3	5	1	6	0	6	4	2
LOC113218647	155	362	387	867	555	427	471	438	783	430	460
Mir9881	2	5	6	26	17	8	2	7	12	2	13
LOC410973	240	270	219	307	237	229	230	302	305	322	209
LOC408761	81	104	164	233	136	117	146	134	187	131	153
LOC107964175	7	1	2	0	0	1	0	3	2	0	0
LOC102653792	7	9	10	12	12	7	6	11	10	12	7
LOC113218648	2	2	7	1	7	0	0	6	1	0	1
LOC725791	20	10	20	24	14	4	23	16	30	14	15
LOC725829	961	1285	1274	1866	1459	1246	1519	1515	1798	1371	1428
LOC107964233	0	0	5	7	0	0	6	2	1	2	0
LOC107964232	0	4	4	3	2	2	7	3	1	4	7
LOC107965859	25	7	21	27	10	18	31	22	10	15	10
LOC107964225	58	33	37	28	41	25	51	56	34	50	35
LOC408762	156	308	252	487	359	304	344	346	436	320	306
LOC410970	304	379	446	649	476	450	479	516	702	521	503
LOC408759	2462	1685	1897	2226	2321	1695	2524	2082	1952	2177	2178
LOC107964202	1263	1690	1537	2448	2029	1476	2164	2040	2137	1998	1830
LOC102656527	20	5	3	8	13	7	4	5	5	6	7
LOC411564	28	36	40	103	91	52	45	49	87	53	88
LOC411563	464	595	598	991	964	626	797	814	889	878	724
LOC100577638	135	428	423	817	488	419	609	607	617	476	501
LOC413448	171	180	177	282	268	184	212	225	244	235	185
LOC552493	966	1009	824	1225	1060	744	930	927	1183	1061	747
LOC412294	199	342	287	451	381	336	302	365	396	404	320
LOC102656040	21	45	30	35	28	43	42	34	49	37	34
LOC412295	84	111	97	184	71	106	105	143	191	130	111
LOC102654919	531	664	581	1004	783	707	716	810	1008	804	746
LOC724212	16	42	26	65	31	37	36	43	54	43	47
Hsc70-3	6526	6056	7063	11005	8858	8457	8468	10660	10720	9971	8995
LOC413708	1036	1135	932	1539	1345	1005	1328	1286	1416	1337	1135
LOC102655746	48	55	44	61	55	38	42	65	78	54	36
LOC411403	1811	1553	1526	1964	1965	1696	1739	1660	2108	1935	1549
LOC551655	464	657	680	1189	907	787	873	939	1052	877	906
LOC100577120	62	83	75	153	84	59	83	112	134	73	78
LOC411404	432	593	552	986	779	696	818	806	885	804	724
LOC724489	123	102	94	114	111	78	68	131	100	141	105
LOC410076	499	562	601	1010	754	679	712	698	902	761	696
LOC413810	464	636	532	913	721	557	652	678	793	676	576
LOC724510	594	1216	1079	2101	1470	1211	1460	1584	1931	1529	1431
LOC413812	781	886	843	1428	1191	926	1247	1139	1342	1116	1081
LOC102654823	21	22	29	18	25	16	37	24	38	18	24
LOC551458	564	749	735	1145	1388	1118	1105	1213	1342	1112	1003
LOC102655152	6	16	21	29	21	12	16	28	24	22	20
LOC102655173	289	328	266	374	329	338	373	363	379	359	368
LOC551430	165	272	249	454	366	277	336	369	446	357	340
LOC551396	311	488	482	754	550	450	549	519	617	491	444
LOC412464	119	218	234	370	297	282	273	290	322	240	245
LOC724809	147	244	252	364	314	236	279	363	320	302	286
LOC551291	2456	3652	3339	6706	5207	4082	4425	5276	5795	4367	4480
E74	304	390	412	651	406	329	468	436	370	395	409
LOC102654462	106	83	89	107	98	83	121	73	86	84	80
LOC725036	410	338	335	431	431	437	474	477	386	475	304
Mir3716a	0	2	0	0	0	0	0	1	0	0	0
LOC724920	182	171	143	177	239	141	132	233	182	216	157
LOC551217	302	345	354	551	520	477	464	481	533	467	404
LOC410969	261	328	388	564	397	384	406	429	513	383	363
LOC410968	132	261	201	443	301	286	346	314	382	272	307
LOC551083	103	180	199	293	229	172	186	246	203	198	185
LOC100576467	776	680	705	963	779	561	663	769	675	762	557
LOC551043	23	44	42	98	102	104	94	75	107	92	98
LOC102653804	0	1	0	0	1	1	0	0	0	2	2
LOC410967	128	120	126	179	133	94	176	119	123	103	94
LOC100578165	182	166	169	235	172	136	221	174	131	199	234
LOC411492	566	587	569	985	843	654	760	777	875	644	687
LOC551948	21	31	32	78	48	38	35	66	73	44	48
LOC551916	162	301	324	581	382	297	352	433	448	325	496
LOC725432	4507	3754	2982	4398	3931	2494	2754	4565	2804	4897	2436
LOC413987	767	1358	1140	1897	1700	1374	1713	1913	2081	1746	1708
LOC100577327	12	21	19	17	12	9	23	27	14	18	17
LOC413874	265	424	403	660	536	466	549	606	575	473	450
LOC100577303	280	413	357	742	372	415	489	513	405	312	461
LOC102655011	3	5	5	6	4	3	1	12	11	3	5
LOC725590	814	1018	916	1509	1553	1180	1653	1468	1594	1380	1334
LOC100577278	135	66	99	115	79	66	128	92	64	73	100
LOC100577162	3	1	1	3	0	0	1	4	0	3	0
LOC107964018	245	169	158	75	160	132	248	113	114	112	114
LOC113218662	81	44	49	28	45	32	72	29	43	37	37
LOC408755	101	169	136	278	156	130	188	194	201	153	158
LOC408754	515	594	508	735	721	655	754	672	727	704	637
LOC107964015	189	337	209	355	329	245	309	304	361	330	258
LOC102654815	69	92	83	102	85	74	75	82	92	85	75
LOC107964204	421	842	715	1355	1059	913	1165	1196	1300	1049	1033
LOC100576853	1402	1602	1487	2062	1908	2017	2417	2043	2321	2072	1775
LOC410965	323	423	362	635	550	428	501	545	572	483	485
LOC100576737	76	77	72	113	96	98	107	100	122	85	86
LOC410964	255	281	244	393	351	302	269	337	367	314	345
LOC102654314	21	26	32	43	24	26	52	35	25	19	30
LOC102656822	102	127	147	235	128	110	173	101	139	111	105
LOC725894	64	49	81	72	98	65	77	67	63	51	59
LOC113218637	12	5	7	4	9	10	12	6	9	19	6
LOC726496	142	151	149	225	200	131	173	220	219	187	171
LOC113218555	10	2	6	20	7	2	8	13	6	4	10
LOC725931	331	332	300	450	384	309	401	339	358	330	295
LOC412459	342	482	558	933	815	638	732	780	952	741	732
LOC409498	418	530	521	862	716	621	762	742	794	682	641
LOC552601	491	582	471	706	668	533	541	640	677	638	560
LOC413376	314	554	591	884	692	643	709	724	1009	673	703
LOC413498	488	707	671	1145	826	682	780	875	1079	755	758
LOC413948	59	82	109	136	45	40	71	66	64	68	70
LOC552647	412	452	489	777	589	453	573	672	831	594	635
LOC414029	1318	2110	1922	3634	2912	2618	3285	3478	4554	3058	3225
LOC107964212	315	344	383	520	414	344	401	358	491	444	430
TRNAY-GUA_1	0	3	0	2	0	0	0	0	0	0	0
TRNAR-UCG_1	0	0	0	0	0	0	0	0	0	0	0
LOC726232	161	186	143	248	211	163	149	156	181	182	112
LOC411411	1280	1180	1170	1741	1714	1304	1444	1564	1566	1532	1391
LOC411412	550	786	733	1169	1094	1212	1308	1385	1587	1268	1161
LOC113218624	65	57	81	73	54	58	70	79	84	54	106
LOC409130	2921	3418	3504	4737	4268	3296	3301	4361	4150	4104	3357
LOC726129	163	214	248	301	286	199	229	307	303	286	239
LOC409131	455	635	611	1035	1096	857	916	862	1238	755	855
Nmdar1	139	165	218	158	200	160	164	247	196	194	172
LOC409132	357	518	460	773	707	532	579	682	616	636	602
LOC726071	80	111	87	152	108	113	109	121	101	135	117
LOC412342	240	316	332	481	418	327	365	402	401	380	358
LOC412341	210	313	270	441	280	229	300	337	383	333	309
LOC409443	466	602	567	891	757	585	741	708	844	630	608
LOC551616	179	203	210	272	212	185	225	247	216	241	201
LOC410961	36	133	104	199	185	103	117	145	185	113	130
uzip	2537	1846	2618	3576	3207	2056	2117	2332	3151	2481	2470
LOC102655496	37	34	47	62	64	30	57	45	59	43	45
LOC551539	191	186	165	248	166	137	151	152	177	173	138
LOC724128	968	901	842	1104	1066	841	878	997	878	1072	798
LOC412160	380	418	421	527	525	378	442	476	529	508	496
LOC412159	495	487	463	649	653	507	604	577	569	640	545
LOC413363	175	489	499	851	627	505	602	648	771	583	535
LOC552603	581	656	530	848	692	500	628	669	737	719	588
LOC552613	62	232	217	437	283	266	338	333	385	317	312
LOC552629	1089	1140	964	1545	1453	1072	1324	1371	1361	1336	1129
LOC100577681	97	108	115	136	92	122	121	119	159	125	86
LOC113218638	57	44	48	79	68	62	65	61	78	70	61
LOC552573	338	753	815	1425	1118	944	941	1150	1921	1062	1100
LOC552563	570	581	549	929	821	693	827	819	780	735	688
LOC552551	2066	1857	1838	2988	2604	2131	2349	2407	2683	2484	2085
LOC726870	46	115	117	243	133	142	155	158	229	159	148
LOC726857	62	38	26	44	35	30	44	55	29	51	38
LOC412524	674	1129	1179	1915	1569	1199	1585	1675	1778	1505	1547
LOC552489	1441	1566	1387	2392	2164	1635	2314	2335	2467	2384	1957
LOC102656890	348	263	284	396	338	259	292	380	319	335	282
LOC412419	478	506	627	983	780	586	751	786	974	761	779
LOC410091	2803	3341	3206	4959	5041	3828	4062	4687	4869	4432	3884
LOC551970	162	307	352	434	506	479	726	591	626	580	527
LOC410092	203	364	407	529	349	295	435	446	415	412	319
LOC413858	366	781	923	1896	1743	1259	998	1270	1800	1195	1161
LOC102653989	161	130	165	138	196	135	152	145	136	170	146
LOC410093	426	426	382	548	472	398	410	449	430	486	375
LOC552076	106	137	150	232	172	112	152	184	218	169	151
LOC100577525	13	40	54	132	61	49	57	54	107	78	46
LOC724628	552	445	465	569	608	397	483	615	518	568	456
LOC102656758	17	15	40	35	28	31	23	55	47	36	31
LOC412851	56	138	109	245	219	173	129	144	259	174	170
LOC412850	304	387	404	677	490	340	412	481	653	511	525
LOC552193	1550	1523	1464	1987	2106	1722	2117	1755	2196	2171	1941
LOC107964196	36	72	59	106	74	78	86	81	95	91	69
LOC107964197	16	18	29	22	16	19	9	22	13	7	10
LOC409640	476	627	645	912	929	745	881	860	1149	1003	786
LOC102656549	40	23	21	34	47	28	63	38	56	31	35
LOC102656605	1	2	3	2	3	1	4	2	2	3	4
LOC724778	9	6	13	15	8	6	22	11	15	4	11
LOC107964235	0	0	0	0	0	0	0	1	0	0	0
LOC724810	61	97	102	212	122	136	183	172	226	142	179
LOC724947	116	215	193	328	256	216	264	279	360	221	251
LOC107964211	22	12	15	13	9	10	16	9	17	9	19
LOC412846	463	494	441	821	611	498	623	644	649	525	601
Mir6043	0	1	0	1	0	0	0	0	0	0	0
LOC100577174	780	987	884	1506	1495	1304	1135	1261	1809	1193	1259
LOC102655807	217	211	149	319	244	227	250	236	274	273	192
LOC113218646	175	119	113	149	139	170	170	165	93	156	122
LOC412844	13	15	6	12	11	1	9	2	10	10	8
LOC409639	227	218	315	390	390	269	295	275	374	294	344
LOC412843	97	101	136	224	378	245	259	365	364	224	195
LOC552399	48	80	92	130	112	119	116	116	187	113	121
LOC107964173	1	0	0	0	0	3	1	5	0	2	1
LOC409347	416	537	502	829	666	521	608	729	697	655	668
LOC409346	190	705	715	1120	1050	859	835	907	1513	1013	998
LOC102655237	0	1	1	1	1	0	1	2	0	0	0
LOC100576866	363	426	423	590	485	428	464	571	510	458	439
LOC411420	34	30	52	63	64	50	37	47	73	43	35
LOC102655094	1	0	1	6	1	1	3	1	7	4	4
LOC551484	168	265	252	401	314	228	238	301	326	263	223
LOC410114	656	839	668	961	848	722	802	983	1065	964	957
LOC100576768	85	163	158	218	194	153	142	201	231	167	187
LOC409523	170	285	264	379	351	267	341	363	352	307	330
LOC551607	363	378	362	529	507	347	423	457	427	518	441
LOC727159	1804	2369	2003	2924	2527	2250	2555	2559	3315	2597	2566
LOC413194	251	374	363	598	462	384	493	492	526	425	392
LOC100577242	1241	1642	1593	2637	2038	1675	2222	2072	2515	2020	2360
LOC725664	12	17	15	17	24	14	26	21	16	21	33
LOC102653853	18	43	21	40	26	11	41	38	33	47	33
LOC102653931	47	134	96	173	77	88	163	145	162	116	133
LOC113218650	844	617	765	1011	971	702	965	881	882	830	787
LOC410956	493	349	477	615	510	411	568	459	486	439	412
LOC113218651	52	54	86	111	82	65	102	95	77	60	67
LOC102653714	31	38	33	41	37	26	45	39	30	24	39
LOC408749	779	819	767	1258	1053	799	1033	1011	1161	982	987
LOC408750	147	224	184	408	277	261	273	338	371	283	252
LOC408751	337	708	680	1081	866	763	878	960	1134	864	894
LOC100576290	39	33	45	96	62	50	34	60	86	46	43
LOC410957	150	173	203	305	230	231	248	226	246	256	219
LOC100576234	304	495	441	555	537	496	662	583	539	516	511
LOC725830	157	180	239	312	299	218	266	263	250	246	233
LOC408752	453	604	624	916	590	578	723	696	766	744	626
LOC410958	4971	4916	4930	7532	6839	5577	6399	6611	7526	6502	6004
LOC410959	1441	3049	2783	5031	4392	4014	4495	4361	5429	3837	4035
LOC102655809	14	17	8	11	13	11	10	16	11	10	18
LOC410960	391	588	559	703	553	552	731	659	776	619	616
LOC102655862	12	17	8	12	30	15	26	13	20	8	14
LOC113218623	107	125	106	166	132	97	125	135	113	115	105
LOC551171	540	527	453	752	571	434	497	615	531	549	493
LOC725959	924	1872	1719	3008	2371	2182	2712	2484	3070	2390	2197
LOC413313	509	432	370	594	598	459	514	528	599	495	509
LOC413314	178	430	476	892	596	517	561	633	1125	636	692
LOC409865	955	1651	1606	2885	2217	2106	2110	2290	3181	2216	2272
LOC100578821	217	222	184	253	258	244	320	295	334	271	207
LOC726033	64	80	105	158	124	108	79	86	117	107	105
LOC410953	596	818	888	1509	1154	994	1053	1229	1425	1189	1078
LOC410952	287	312	351	526	442	351	334	444	479	424	350
LOC408748	159	257	236	420	309	228	244	286	373	257	311
osp	998	1207	1202	2083	1590	1217	1719	1810	1770	1533	1633
LOC100578670	8	2	13	16	4	22	12	10	13	14	34
LOC100577047	272	295	298	405	310	233	369	338	351	290	248
LOC726282	100	130	139	186	134	144	156	196	136	170	119
LOC410951	382	337	349	422	376	297	445	337	300	265	293
Mir9875	3	2	1	3	2	0	1	0	0	0	1
LOC410944	119	152	120	176	134	120	140	155	205	140	108
LOC102653852	12	25	31	35	32	24	70	23	34	34	28
LOC102653892	0	2	4	9	2	4	7	9	4	6	6
LOC100576901	288	489	440	712	508	428	721	595	551	493	514
LOC551714	4	0	8	7	7	1	3	7	1	6	4
LOC113218554	75	85	105	151	91	54	89	104	146	103	78
LOC100578399	59	62	78	85	63	41	71	100	49	90	55
LOC726409	261	177	189	220	233	205	227	240	217	252	171
LOC410947	145	225	228	230	306	206	260	211	253	230	218
LOC410948	1232	1712	1634	2914	2735	2422	3023	2883	3149	2291	2374
LOC410949	341	278	274	393	378	285	406	328	515	356	330
LOC102654169	1391	1212	1217	1536	1359	1074	1247	1405	1271	1473	1114
LOC410950	112	233	244	498	311	297	309	378	454	344	335
LOC107964222	0	0	1	0	0	0	0	0	0	0	0
LOC551479	709	562	481	631	554	379	406	637	483	703	423
LOC726529	351	607	559	858	688	531	746	658	865	771	582
LOC726584	172	259	224	365	277	242	306	273	326	233	242
LOC100578339	215	332	293	437	416	352	341	410	562	391	409
LOC551365	55	58	92	100	66	60	60	101	91	82	77
LOC100578296	51	52	46	70	57	53	52	91	54	55	52
LOC726633	394	455	508	699	582	492	529	567	675	568	465
LOC113218672	33	24	29	31	44	27	27	22	40	16	28
Mir375	0	0	0	0	0	0	0	0	0	0	0
LOC113218673	6	9	15	11	11	10	14	18	18	16	9
LOC409335	119	133	153	313	188	180	164	254	295	228	200
LOC551216	745	915	723	1126	1032	838	956	1040	1114	1068	887
LOC724129	748	907	805	1227	1209	925	986	1120	1124	1127	973
LOC551170	729	1255	1319	2002	1219	1234	1964	1638	1543	1310	1303
LOC113218644	0	0	0	0	0	0	0	0	0	0	0
LOC113218645	0	0	0	0	0	0	0	0	0	0	0
LOC409653	191	311	320	578	463	348	312	441	486	447	384
LOC551042	1051	885	820	1218	1077	814	845	1187	1088	1155	759
LOC724603	148	415	421	814	546	531	716	638	677	573	590
LOC107964181	9	13	8	12	19	1	4	11	5	6	3
LOC550964	46	35	78	81	73	66	75	90	62	64	33
LOC412883	10	17	34	13	13	8	18	12	21	15	18
Mir3717	0	0	3	0	0	0	0	0	0	0	0
LOC100577885	113	175	165	261	207	140	151	211	234	177	170
LOC410943	39	23	40	15	28	10	22	16	12	30	25
LOC100577810	14	11	22	14	12	8	22	26	5	15	21
LOC100577773	0	0	0	0	0	0	1	0	0	0	0
LOC724853	320	412	333	534	488	392	560	460	464	453	457
LOC410941	362	484	488	702	662	447	551	692	652	641	581
LOC552278	509	561	573	834	685	602	743	719	630	681	618
Mir9868	8	0	2	0	0	0	2	0	0	0	0
LOC410940	353	547	509	740	575	461	728	590	648	600	548
LOC413341	752	1848	1690	3121	2122	1869	2619	2622	2752	2171	2111
LOC113218704	0	0	0	0	0	0	0	0	0	0	0
LOC100576677	32	20	28	19	29	13	16	19	24	21	30
LOC552192	132	220	232	457	350	275	281	351	466	331	329
LOC409872	782	997	979	1630	1049	927	1140	1292	1522	1041	1221
LOC552147	19	39	41	94	70	25	47	63	91	58	55
LOC100576638	16	56	51	66	44	51	83	54	68	59	47
LOC410044	345	1152	980	1864	1197	1035	1584	1465	1606	1293	1483
LOC102654331	174	141	102	80	145	89	149	127	88	105	88
LOC102654622	214	140	119	229	216	141	180	162	141	199	177
LOC410045	1729	1561	1814	2749	2290	1932	2364	2463	2578	2308	2117
LOC413738	34	66	48	128	51	40	94	64	126	43	65
LOC411493	99	134	133	209	187	101	136	206	207	151	138
Mir9886	34	40	28	16	13	27	24	19	32	23	26
LOC411494	23	39	26	61	34	26	36	48	60	43	32
LOC102653966	0	0	0	0	0	0	0	0	0	4	0
LOC725698	329	311	217	329	365	226	318	339	281	269	278
Mir6049	2	11	15	21	5	8	17	19	32	9	6
LOC725792	437	290	247	254	292	238	418	209	249	261	229
LOC102655392	145	109	109	87	104	81	165	106	94	106	108
LOC410938	339	388	373	578	438	380	518	515	545	480	480
LOC409968	151	489	601	1098	720	647	735	903	1110	786	788
LOC551745	254	414	346	616	515	393	536	574	570	505	442
LOC113218668	8	6	1	2	1	0	1	4	2	2	2
LOC100578314	61	32	84	42	109	43	86	78	49	33	50
LOC410936	142	281	241	486	325	256	444	353	457	361	357
LOC102656050	34	46	50	75	56	48	54	58	36	54	58
Mir3718a	0	0	0	0	0	0	0	0	0	0	0
Mir3718b	0	0	0	0	0	0	0	0	0	0	0
Mir3718c	0	0	0	0	0	0	0	0	0	0	0
LOC408742	571	680	674	1163	710	668	699	727	877	696	669
LOC413490	374	487	506	806	561	481	509	563	844	494	524
LOC412929	2276	2680	2658	4404	3038	2663	3329	3216	4190	3554	3001
LOC411904	317	503	552	798	674	551	629	704	843	689	640
LOC411903	723	907	898	1627	1274	1003	1080	1258	1432	1150	1051
LOC100576502	40	78	79	115	83	89	84	87	136	86	91
LOC107964133	486	478	472	508	487	357	420	436	433	530	345
LOC726147	173	225	243	384	296	271	260	293	345	301	262
LOC410027	861	799	793	944	948	752	781	944	982	934	706
LOC413689	660	1022	806	1265	1058	896	1122	967	1190	1058	901
LOC412855	16	17	40	20	20	11	21	15	13	17	11
LOC100576644	3	3	2	2	1	0	1	1	1	0	3
LOC551654	20	42	42	47	50	56	36	40	67	54	52
LOC724188	1570	1535	1686	2301	2142	1705	2020	2312	2210	2306	2018
LOC409642	2536	2354	2606	3524	2738	2225	2500	2363	3020	2539	2305
LOC409643	172	236	303	739	275	274	219	292	458	246	266
LOC726727	86	153	153	197	181	150	150	158	216	136	157
LOC552510	453	516	523	725	620	552	622	574	657	680	502
LOC552519	543	425	540	913	629	465	539	683	719	581	648
LOC552539	361	343	314	462	491	382	356	434	399	406	377
LOC724343	284	231	217	358	261	163	254	271	238	321	238
LOC552571	1024	1584	1675	2918	2328	1816	2472	2332	2499	2079	2109
LOC413997	4117	3417	3156	4454	4426	3176	3979	4432	3774	4312	3380
LOC552590	409	698	741	1150	908	784	853	882	1047	875	890
LOC411893	11	10	7	12	19	5	10	12	15	15	14
LOC409256	128	214	237	326	262	230	284	349	307	283	318
LOC409255	73	262	259	515	350	287	318	387	631	400	357
Tbh	40	35	51	79	51	58	105	52	35	51	83
LOC410007	1377	2094	1939	3214	2267	1944	2539	2885	2666	2519	2426
LOC724695	366	493	443	602	512	430	505	511	736	537	557
LOC113218626	0	0	0	0	0	0	0	0	0	0	0
LOC411931	266	329	370	623	525	371	382	445	541	389	457
LOC411930	159	294	245	357	286	247	274	250	416	319	285
LOC411376	1270	1254	960	1623	1465	1514	1701	1777	1935	1796	1248
LOC726385	340	370	353	457	393	313	378	382	357	412	356
LOC726365	158	311	306	457	324	310	343	326	374	324	278
LOC550991	51	73	77	145	108	79	105	103	156	80	104
LOC552093	390	334	368	466	424	294	397	406	498	409	389
LOC102655840	22	25	31	33	37	32	30	39	33	35	22
LOC409893	2429	2111	2686	4526	3513	2322	3327	3204	3407	2684	2969
LOC413404	1375	1317	1189	1748	1613	1270	1474	1448	1353	1501	1271
LOC551375	84	166	138	317	200	140	168	189	285	166	178
LOC725037	347	282	262	347	300	323	371	335	379	354	358
LOC113218639	82	131	126	206	155	132	143	170	216	193	183
LOC409965	302	635	616	1362	812	766	794	953	1172	882	826
LOC102656442	263	211	235	274	210	181	190	253	256	294	183
LOC413889	319	235	242	359	339	285	300	287	352	358	261
LOC409295	236	305	256	470	424	346	357	400	374	386	347
LOC113218658	45	85	81	95	66	45	108	48	70	49	61
LOC724921	6	31	22	54	24	16	19	23	45	35	26
LOC551331	1963	2779	2384	4032	3208	2808	3713	3659	4097	3632	3047
LOC724969	203	250	259	407	420	354	291	380	404	364	378
LOC551256	476	568	548	799	619	582	647	752	653	611	593
LOC551215	223	264	234	375	252	241	289	262	291	277	302
LOC725060	69	75	86	161	102	87	106	102	84	131	132
LOC551169	1643	1663	1833	2434	2237	1729	1958	2231	2526	2155	1998
NOS	259	394	341	589	386	374	441	364	548	429	437
LOC102656334	1	3	1	0	1	1	0	0	2	5	6
LOC551041	766	887	879	1128	1089	889	1023	1025	1208	997	857
LOC412111	700	1955	1983	3560	2413	2099	2472	2622	3618	2529	2705
LOC102656384	85	54	53	69	56	45	47	90	45	87	51
LOC725326	196	174	188	309	217	193	180	288	313	268	219
LOC725359	98	129	130	178	129	108	99	129	138	109	109
LOC102653935	47	54	66	88	43	53	72	70	80	61	42
LOC550808	122	213	154	303	252	237	237	287	275	213	238
LOC100578666	1	3	5	3	4	4	2	5	5	8	10
LOC725474	35	77	99	175	121	106	124	140	201	119	117
LOC408741	541	623	670	879	654	582	669	639	782	655	601
TRNAV-AAC_1	6	2	1	5	2	0	3	3	1	0	6
TRNAV-AAC_2	14	6	7	14	23	12	11	6	3	7	15
Mir3719	12	6	10	17	13	24	32	19	24	17	18
Mir3720	0	0	3	0	0	0	0	2	0	0	0
LOC100578888	65	106	136	233	169	134	188	165	187	139	149
LOC100578925	41943	31193	32765	51252	57384	35773	53512	51414	55168	49010	47614
Mir3721	0	0	0	0	0	0	0	1	0	0	2
LOC102654809	7	2	10	7	4	2	4	9	4	1	0
Mir3722	0	0	0	0	0	2	5	2	0	0	0
LOC725699	159	156	143	176	150	139	239	174	199	158	159
LOC408740	2674	1455	1827	2397	2741	1835	2603	1962	2247	2276	2133
LOC100576098	265	302	258	381	324	229	310	249	267	285	220
LOC100577178	12	7	14	7	9	9	11	12	1	6	14
Mir6062	0	2	0	0	0	0	0	0	0	0	0
LOC113218633	97	71	91	45	110	74	108	77	41	44	65
LOC410933	4038	3141	3101	4417	4931	3440	4596	4198	4672	4414	3996
LOC113218634	131	116	114	138	138	111	165	187	151	116	151
LOC725960	6888	11690	10793	15870	16373	11351	19687	20637	16845	19048	15952
TRNAN-GUU	1	0	0	1	0	0	2	1	2	0	0
TRNAW-CCA	4	0	0	0	2	0	0	0	0	0	0
LOC726042	5897	5948	5861	8159	9105	6414	6417	8449	7346	8080	5997
LOC113218635	169	128	200	258	261	263	298	354	343	290	219
LOC100577224	6	11	11	25	18	16	14	34	43	31	23
LOC113218636	0	5	0	1	4	1	0	4	0	0	2
LOC726099	160	202	201	328	232	189	229	292	222	216	204
LOC726130	211	282	239	341	397	235	412	401	375	366	330
LOC107964224	6	1	1	4	3	0	2	3	0	4	0
LOC726158	2888	3747	4099	7499	6783	6175	6727	7210	5975	6647	6145
LOC726175	22051	19731	20960	26915	27335	21385	25287	22935	28436	28802	20153
LOC100577253	174	221	262	400	274	233	317	331	377	276	283
Jhe	3701	5940	5336	8553	5703	6112	6400	5257	7822	5667	5638
Est-6	5	0	1	3	8	3	2	2	2	2	4
LOC726252	204	224	231	285	170	143	240	197	184	163	206
LOC107964193	125	98	78	78	55	91	121	60	63	84	112
LOC113218659	16	17	17	30	12	11	23	15	17	17	13
LOC100576419	45	78	91	144	114	56	109	147	112	94	106
LOC409795	87	75	117	146	101	109	176	160	124	114	99
LOC413655	334	479	439	716	508	445	548	571	622	529	504
LOC724214	516	603	626	948	832	706	805	854	872	779	822
LOC724256	580	467	442	580	420	407	494	517	517	646	530
LOC100577293	209	178	153	307	257	189	202	242	237	236	184
LOC409906	313	786	708	1116	864	822	1128	1102	1195	1030	826
LOC551896	96	134	86	195	155	134	99	166	216	173	135
LOC102654488	134	194	263	384	353	285	233	316	422	347	257
LOC551874	423	426	528	737	721	484	625	587	666	567	537
LOC724557	286	311	259	417	316	265	337	300	354	327	243
LOC551827	248	267	286	463	312	276	235	310	365	323	312
LOC724651	72	168	209	358	244	162	277	329	370	183	230
LOC724779	1377	2357	2317	4356	2930	2852	2953	2801	4106	2863	2859
LOC551744	541	787	788	1311	1100	1008	1285	1330	1573	1121	1123
LOC411896	298	454	493	791	559	445	519	586	766	553	635
LOC551712	593	669	708	959	829	705	789	832	1001	847	758
LOC100577574	164	203	273	419	280	250	274	274	392	316	332
LOC724885	1177	655	712	1088	1346	785	1109	998	1091	991	1301
LOC102653797	27	16	21	12	18	32	32	22	29	30	11
LOC113218642	14	14	18	36	42	16	27	39	27	18	44
LOC413089	719	864	908	1574	1269	1021	1172	1328	1661	1251	1189
LOC413829	61	60	65	83	70	46	80	69	62	62	57
LOC410094	811	835	691	1014	1063	854	890	847	957	971	783
LOC409308	588	719	656	1060	850	705	716	914	896	896	722
LOC412002	85	173	168	299	240	165	175	258	389	223	204
LOC725122	2523	3818	3544	5925	4829	4657	5367	5166	6521	5257	4958
LOC551125	4787	3979	3718	5328	4954	3328	3750	4660	3697	4702	3688
LOC551168	65	180	190	370	225	170	280	252	348	258	262
LOC113218629	5	2	3	3	4	3	6	9	3	2	5
LOC409404	625	742	704	1060	906	626	814	916	922	951	798
LOC412256	617	791	837	1342	1080	871	1032	1166	1358	1049	1138
LOC412177	124	194	203	201	239	225	224	199	229	234	165
LOC412265	35	114	91	176	97	88	116	120	147	173	126
LOC725400	617	584	491	823	533	399	545	595	673	575	441
LOC409406	985	1056	1179	1612	1476	1137	1409	1506	1601	1480	1167
LOC412266	6470	5588	5226	6361	5778	4536	5406	6306	4875	6124	4601
LOC412267	381	430	453	744	553	508	512	482	632	540	529
LOC551457	157	146	163	257	187	151	160	183	244	176	172
LOC551478	390	541	575	884	714	553	727	757	709	671	567
LOC551509	55	92	77	128	118	82	71	87	110	102	111
LOC551538	1125	1074	992	1660	1313	1092	1207	1375	1255	1220	1138
LOC102655282	14	19	26	27	45	26	28	21	20	22	11
TRNAT-UGU	0	0	0	0	0	0	0	0	0	0	0
TRNAT-UGU_1	0	0	0	0	0	2	3	0	1	0	0
LOC551597	2534	2803	2252	3391	4302	3276	4760	3673	3841	3452	2837
LOC410926	206	328	486	611	629	601	675	789	965	711	661
LOC113218702	0	0	2	1	0	2	0	1	0	2	0
LOC410117	738	2993	2759	5489	4067	3485	4331	4242	5692	3712	3693
LOC113218657	9	8	7	22	6	2	8	2	12	6	13
LOC725895	674	907	935	1268	940	911	989	959	1344	1104	956
LOC552021	366	525	495	869	682	634	621	630	781	619	573
LOC411613	881	890	922	1203	902	685	993	801	951	904	721
LOC413791	717	682	852	1118	1057	856	902	947	1172	776	848
LOC102655867	2	3	0	5	2	0	2	3	0	1	3
LOC409856	214	204	283	296	209	166	279	234	333	239	190
LOC726043	626	675	649	1150	873	693	778	826	975	849	783
LOC413288	292	177	226	270	287	203	338	213	259	204	226
LOC413289	235	281	276	391	333	249	405	359	385	320	337
LOC102656502	28	24	27	39	27	11	37	33	27	21	43
LOC102656475	7	6	12	16	17	10	15	3	11	5	10
LOC107964132	4	8	8	0	3	3	7	6	0	8	6
LOC113218665	5	4	3	11	12	10	6	9	6	5	11
LOC409857	368	391	380	563	569	358	470	551	499	476	440
LOC551826	1867	1818	1807	2867	2176	1787	2535	2370	2529	2188	2185
LOC412923	34	27	34	54	37	20	42	48	46	51	36
LOC412924	454	1036	1016	1724	1487	1222	1345	1503	1569	1335	1288
LOC724344	1266	1498	1540	2332	1870	1674	1828	1860	1981	1722	1779
LOC113218701	2	2	4	2	4	2	3	3	0	0	3
LOC102655354	60	110	114	169	151	131	153	157	160	144	107
LOC410925	373	217	207	156	125	137	204	123	185	165	142
LOC410924	922	974	1020	1574	1368	1060	1361	1375	1290	1228	1187
LOC410923	1527	2056	2030	3147	2857	2331	2768	2531	3335	2624	2278
LOC102656190	307	233	229	270	251	254	284	334	269	301	247
LOC724558	517	661	527	659	854	539	773	790	758	593	563
LOC551537	264	328	270	512	462	299	452	458	425	381	391
LOC724652	50	285	258	513	319	314	414	343	421	295	348
LOC102656556	0	6	13	19	14	10	7	11	14	13	5
LOC113218622	0	4	3	0	2	2	0	6	0	0	1
LOC408734	526	625	580	847	684	602	775	702	791	799	608
LOC550667	1954	2779	2597	4309	3421	2639	3231	3525	4079	3375	3313
LOC102653938	11	7	9	21	16	18	16	20	13	6	12
LOC408733	488	1210	1257	2563	2102	1823	1685	2106	3079	2160	2552
LOC107964140	3	8	0	7	7	11	4	4	7	9	9
LOC102653649	16	12	10	13	14	10	21	14	20	16	25
LOC107964138	46	63	50	91	59	51	91	96	72	132	83
Csd	49	86	115	110	89	90	120	105	140	111	108
LOC100578464	420	519	441	553	541	519	681	562	706	627	559
Fem	717	1119	1082	1508	1317	1156	1273	1335	1618	1400	1215
LOC551408	741	858	860	1040	995	787	967	948	1009	1030	914
LOC724886	512	741	693	1290	1031	836	984	1078	1138	1093	1057
LOC102654351	8	12	6	12	4	8	13	19	9	16	17
LOC102654297	25	31	26	40	22	28	36	34	33	37	23
LOC113218675	38	35	36	26	17	30	84	44	30	9	25
LOC551347	24	31	49	41	51	43	44	60	44	30	22
LOC724811	802	1322	1305	2105	1823	1273	1508	1741	1893	1585	1586
LOC100578530	140	129	123	174	137	93	100	148	143	114	111
LOC408732	229	262	176	248	212	195	219	233	181	223	190
LOC100577890	26	24	42	34	25	19	34	34	18	24	32
Mir6042	4	5	14	14	5	3	16	4	16	4	15
LOC113218676	18	19	20	31	39	16	36	49	31	18	18
LOC102654417	234	502	390	772	426	412	781	717	637	560	562
LOC113218674	28	50	48	71	58	33	71	69	89	52	50
LOC410922	1133	1470	1336	2208	1882	1461	1937	1964	2168	1869	1791
LOC102654960	27	36	22	40	32	31	46	60	48	37	59
LOC102654870	20	28	25	30	25	25	48	46	43	31	12
LOC725401	109	109	116	168	125	75	80	136	93	108	114
LOC102655189	11	1	5	6	8	12	7	13	15	10	7
LOC410920	62	58	65	100	110	69	84	68	103	61	91
LOC113218628	2	5	2	1	4	5	5	13	11	10	2
LOC102655259	154	199	195	326	200	145	186	266	227	166	192
LOC113218619	52	41	76	68	39	37	83	106	58	70	94
LOC113218640	1	2	2	4	3	1	0	0	0	1	2
LOC113218618	0	0	0	0	0	0	0	1	0	0	0
LOC410918	2497	1752	2082	3046	2447	1750	2677	2131	2669	1993	2265
LOC551124	32	61	49	102	80	58	65	70	93	49	69
LOC725167	3948	5018	4751	6897	5961	4976	5781	5962	5870	5956	5061
LOC412243	2272	3053	3512	6603	4403	3569	6501	5417	5382	4141	4092
LOC107964154	11	7	9	15	8	10	17	12	9	13	8
LOC113218620	7	12	10	13	10	10	22	6	7	5	7
LOC107964152	6	3	2	15	11	6	8	3	8	5	10
LOC100578233	46	33	53	55	30	14	36	38	58	43	36
LOC410079	263	415	358	514	454	402	444	497	475	438	426
LOC107964206	639	435	482	716	521	281	511	406	456	490	424
LOC113218671	305	195	221	219	217	106	212	192	193	165	164
LOC551521	758	548	626	859	795	587	666	775	814	703	682
LOC726189	419	267	236	329	292	273	351	294	267	304	252
Cpap3-d	534	722	833	1135	724	571	853	831	741	738	670
LOC100577576	169	181	206	266	217	168	178	215	230	204	179
LOC113218669	21	28	10	15	16	9	22	17	4	5	5
LOC100577620	330	245	300	320	278	225	378	271	328	314	308
LOC107964237	94	65	65	66	64	51	77	73	69	105	52
LOC725831	30	16	20	31	16	25	35	35	41	26	31
LOC100577513	151	151	116	155	101	99	154	171	136	165	138
LOC113218617	1	1	3	2	1	4	2	4	2	2	1
LOC102655634	3	0	0	0	1	3	6	0	4	2	5
Cpap3-c	110	99	93	93	134	111	178	122	99	107	98
LOC100578109	88	105	135	197	129	112	151	145	202	169	120
LOC113218670	201	247	218	362	305	217	269	337	371	277	252
LOC100576366	244	283	277	410	350	326	327	355	354	365	294
LOC552802	342	287	259	451	380	259	288	401	350	383	277
LOC410072	826	887	868	1351	1233	965	1012	1216	1285	1227	961
LOC413805	319	271	320	392	372	292	303	385	360	346	349
LOC410073	468	617	546	771	668	519	684	728	728	654	594
LOC100576333	327	385	370	527	472	465	525	501	461	440	376
LOC102655453	1	6	8	3	2	2	3	3	9	1	0
LOC726131	31	28	26	40	24	29	16	28	35	24	29
LOC412599	4	14	17	35	8	17	4	32	24	11	36
LOC551235	320	450	364	690	525	483	526	534	563	546	539
LOC552811	3001	2784	2498	4328	7961	4683	6541	9638	6359	6271	6493
LOC414002	552	623	592	860	686	566	734	736	813	764	568
LOC113218666	2	0	1	0	4	2	0	2	0	3	0
LOC100576104	235	270	282	430	360	283	236	357	412	325	345
LOC412616	107	188	178	292	212	214	226	216	308	210	227
LOC724166	598	500	508	658	560	520	525	584	603	588	436
LOC552412	160	174	258	406	282	161	217	267	350	231	279
LOC102654882	2	6	8	9	11	10	2	8	13	9	4
LOC412956	127	146	157	132	113	116	163	107	147	146	124
LOC107964214	284	311	307	359	301	287	281	342	366	306	251
LOC100578040	189	282	271	352	328	256	275	332	377	300	292
LOC107964218	271	202	212	272	274	246	261	250	247	198	218
LOC102654214	6	8	12	11	5	7	8	7	7	7	10
LOC413817	173	180	230	374	287	312	332	313	412	312	319
LOC107964219	152	137	100	137	208	166	171	186	174	133	144
LOC724559	141	145	144	234	202	157	128	131	142	160	138
LOC107964134	125	99	96	164	99	124	85	132	109	121	94
LOC100578706	280	536	514	881	685	634	806	767	833	600	676
Mir6055	3	8	0	2	0	2	7	2	0	1	1
LOC724737	5356	4471	4376	6090	6143	4832	5690	5474	5949	5630	4900
LOC102653751	22	17	20	40	31	30	33	35	23	26	18
LOC102653826	13	7	13	15	11	20	17	18	14	20	8
LOC724780	105	177	131	230	222	229	226	257	260	276	237
LOC408730	79	221	293	459	370	308	299	337	540	288	382
LOC408729	170	184	155	239	180	151	199	196	196	190	152
LOC100578584	319	280	222	285	227	190	286	259	285	192	234
LOC410916	982	1148	1281	2007	1507	1182	1396	1514	1818	1596	1567
LOC408728	93	75	94	120	93	83	82	90	64	95	85
LOC408727	121	163	120	235	198	147	180	195	195	161	144
LOC552149	1601	1734	1553	2631	3454	3098	3207	3452	3767	3592	3037
LOC102656557	332	266	303	339	330	318	353	410	291	367	323
LOC410915	209	296	292	428	555	468	483	631	647	521	567
LOC725061	423	495	557	990	607	487	528	648	710	588	666
LOC410913	108	43	30	35	27	35	56	41	75	39	45
Cpap3-b	214	270	243	321	294	272	282	293	320	304	198
LOC100578320	132	114	142	176	133	114	142	126	117	147	120
LOC724900	18	13	11	13	3	6	17	12	25	5	12
LOC102656068	3	3	2	7	5	6	4	10	4	6	5
LOC413503	348	327	301	374	331	267	422	350	475	296	327
LOC725123	55	33	33	15	17	10	43	16	21	29	19
LOC113218616	64	41	49	42	38	37	65	27	32	35	24
LOC102656234	7	9	12	11	8	6	14	9	8	15	8
Ube2g1	1425	1450	1396	2107	1761	1449	1723	1810	2009	1720	1544
LOC551949	42	68	90	135	100	101	80	99	141	91	112
LOC551917	74	45	55	47	61	37	43	57	24	44	65
LOC100577675	201	296	292	396	358	299	300	355	334	327	289
LOC551875	282	397	386	562	473	452	380	435	507	494	397
LOC100576620	1366	1810	1578	2420	2220	1821	2339	2316	2224	2255	1940
LOC410911	263	376	445	599	519	412	441	409	500	454	394
LOC408725	727	1434	1518	2832	1850	1692	2602	2352	2463	1961	2129
LOC100576718	811	555	604	555	764	483	702	548	604	654	531
LOC102656910	12	23	33	21	16	17	23	17	9	17	15
LOC410910	20	53	46	108	97	58	80	78	150	80	84
TRNAH-GUG	0	0	0	0	1	7	1	0	0	0	0
LOC725591	925	1021	1051	1636	1368	1062	1177	1427	1505	1291	1284
LOC551715	121	107	120	190	154	157	127	150	156	146	149
LOC100576872	157	184	213	249	214	177	180	227	214	210	208
LOC725700	259	285	302	391	326	299	316	338	372	367	347
LOC412869	15	23	7	12	5	7	17	12	12	7	7
LOC412868	557	586	601	910	771	607	711	769	761	817	688
LOC412675	722	972	950	1595	1136	939	1124	1133	1353	1092	1154
LOC412620	177	303	309	534	381	352	427	391	459	387	446
LOC102654231	0	0	0	0	0	0	0	0	0	0	0
LOC725864	1060	605	807	1166	902	569	772	700	833	703	874
LOC408722	16246	12332	12713	18893	16296	12851	14640	13460	16643	14112	12690
LOC410905	369	672	719	1056	831	709	655	876	1200	761	764
LOC113218631	44	44	68	61	50	59	66	48	57	66	49
LOC725991	198	339	315	439	426	341	351	417	493	406	373
LOC408724	139	275	272	362	307	246	319	361	321	272	314
LOC408723	2513	3900	3716	6761	4481	3849	5093	5019	5262	4504	4151
LOC107964183	21	28	40	30	52	30	45	17	31	27	32
LOC113218667	15	20	20	37	21	20	26	13	21	11	22
LOC410907	220	249	278	440	372	300	313	397	388	350	326
LOC410906	21	22	21	40	25	29	22	49	33	31	33
LOC410904	309	556	581	919	709	633	675	814	946	740	823
LOC100577324	204	190	190	318	241	215	217	234	324	261	228
LOC726188	6976	7160	6727	11387	9299	7856	8685	9106	9617	7996	7713
LOC551510	141	200	154	244	237	165	316	258	228	241	239
TRNAR-UCU	0	0	0	0	0	0	3	0	0	0	0
TRNAV-UAC	0	0	0	1	0	0	2	0	0	0	0
LOC551540	146	185	149	237	239	152	177	169	189	207	177
LOC408721	125	226	205	348	301	214	257	272	379	251	235
LOC726283	74	105	145	214	127	126	139	144	187	114	113
LOC550745	977	1151	1185	1705	1476	1342	1623	1633	1692	1490	1422
LOC724131	394	422	417	621	539	422	477	515	506	572	414
LOC724167	76	87	86	167	115	99	89	142	134	131	123
LOC724215	153	338	247	564	355	315	345	353	537	353	365
LOC551673	848	1179	1152	2016	1624	1307	1542	1689	1758	1439	1500
LOC551701	65	74	66	67	53	64	56	60	41	56	75
LOC551727	195	192	145	221	221	192	228	235	246	229	232
LOC724382	79	105	79	139	123	93	198	102	103	134	85
LOC726305	356	439	428	781	639	554	583	664	771	599	612
LOC551403	1513	1898	1740	2594	2212	1881	2261	2288	2424	2208	1963
LOC726253	247	232	262	304	263	263	240	273	282	289	249
LOC100576850	213	214	255	408	331	301	246	276	377	319	334
LOC551302	548	672	623	934	751	605	732	860	894	803	698
LOC412596	240	423	436	635	548	440	430	465	549	455	499
LOC100576993	374	350	396	601	426	307	428	371	485	418	445
LOC113218718	1	3	2	0	0	0	0	0	0	3	1
LOC409543	286	594	604	1099	857	792	769	889	1320	768	912
LOC726100	1498	1420	1351	1830	1577	1333	1505	1701	1749	1736	1429
LOC412690	119	140	160	240	188	138	156	170	194	170	165
LOC726072	22	42	36	44	50	35	60	43	22	27	40
LOC552608	1870	1544	1832	3393	2697	2028	2299	2249	3205	2113	2224
LOC727140	306	351	342	615	492	372	410	487	439	417	391
LOC552583	146	146	178	260	221	189	179	207	177	207	185
LOC412670	516	587	603	849	654	588	731	628	819	713	594
LOC552548	544	786	729	1018	849	697	912	910	907	857	820
LOC552527	223	503	472	758	559	494	594	652	709	546	540
LOC412036	51	66	97	159	107	104	116	131	145	106	119
LOC409324	360	326	341	470	404	354	352	355	413	377	379
LOC411557	5380	2931	3650	4486	4944	3264	4542	3531	3900	4245	4163
LOC409306	1797	1772	1510	2082	2746	2178	2828	2353	2463	2306	1863
LOC726394	97	204	207	316	240	215	250	208	265	201	183
LOC726377	13	17	8	19	15	7	34	12	12	19	24
LOC113218517	18	24	30	22	30	23	40	23	51	36	28
LOC412013	228	200	216	288	235	216	268	275	322	284	234
LOC102656821	0	0	1	0	1	2	4	0	1	0	3
LOC102653628	14	14	27	20	23	14	25	30	22	18	18
LOC102653803	10	8	5	9	12	2	12	4	1	1	0
LOC409337	51	168	182	358	230	208	223	282	352	238	261
LOC412235	95	104	90	147	106	132	119	127	196	145	115
LOC100577580	148	173	155	244	209	196	152	215	223	162	165
LOC412234	514	523	494	706	548	503	506	603	680	553	597
LOC725905	221	176	186	272	259	189	209	229	282	199	181
LOC107965775	0	0	0	0	0	0	0	0	0	0	0
LOC100576498	75	87	44	98	89	74	116	49	65	60	64
LOC102655287	4	4	4	4	12	0	4	3	6	2	2
LOC113218735	5988	3923	4247	3518	3399	2470	3043	2822	4187	6052	3377
LOC102656302	32	23	28	67	61	36	46	40	35	49	27
LOC113218728	292	230	167	277	242	244	222	213	173	302	148
LOC100578134	980	1362	1331	2318	1863	1899	2083	1451	1732	2051	1360
LOC113218557	191	280	231	360	373	306	311	257	341	317	272
LOC412540	149	221	219	385	449	390	386	727	495	424	499
LOC552283	15773	13659	14381	20797	16875	13398	15061	16849	17193	16473	14538
GstS1	4381	4559	4554	6426	5738	4579	5177	7069	5206	6311	5025
LOC726755	8	21	31	16	47	15	50	16	19	25	33
LOC724226	62	49	108	133	278	135	158	84	159	250	274
LOC113218558	0	1	0	0	0	0	0	0	0	0	0
LOC113218712	2	0	0	0	3	3	1	2	0	1	0
LOC727333	0	0	0	0	0	0	0	0	0	0	0
LOC100576797	5	2	2	0	3	2	8	5	0	2	1
LOC551527	39	52	71	79	83	55	44	76	95	71	67
LOC551518	780	984	1076	1533	1054	1015	1007	1004	1200	1036	1045
LOC552417	477	662	488	836	881	768	952	594	725	701	903
LOC107965749	677	875	736	1228	650	624	855	680	772	744	702
LOC727166	419	482	426	611	515	532	529	569	632	569	440
LOC412166	746	1454	1501	3241	2440	2026	2324	3132	3759	2709	2547
LOC100576135	317	251	250	588	954	705	829	958	1164	1051	792
LOC100576093	0	0	0	0	0	0	0	0	0	0	0
LOC100579057	354	278	244	354	325	209	201	295	242	366	209
LOC409598	34	34	67	35	63	28	52	45	42	35	28
LOC551746	7	17	43	34	39	31	37	60	29	35	31
TRNAF-GAA_1	0	0	0	0	0	0	0	0	0	0	0
LOC100578955	202	299	341	649	928	584	601	637	772	516	477
LOC113218726	1	3	0	0	0	2	1	1	5	0	1
LOC100578919	1	2	1	1	0	0	1	0	3	0	1
LOC409182	2027	2309	2448	3767	3741	2834	3322	3618	4099	3410	3841
LOC102654758	4	6	4	3	6	2	5	3	3	1	7
Mir9877	0	1	0	0	2	1	0	0	0	0	0
LOC409905	203	312	340	647	420	335	459	503	548	425	402
LOC551858	34	21	14	33	34	21	16	13	19	29	23
LOC413936	1183	1426	1116	2247	1764	1157	1735	1687	1744	1556	1249
LOC107964351	8760	8892	8748	12890	11431	8522	9855	11219	10058	10324	8852
LOC726080	330	373	404	616	489	389	385	547	582	478	481
LOC412662	1070	2101	2146	3453	2631	2278	2643	2875	3235	2658	2784
LOC552451	198	385	374	678	491	356	482	535	658	456	480
LOC551629	158	287	259	475	373	326	384	373	479	349	377
LOC551599	371	394	377	581	555	441	557	619	618	530	445
LOC412067	579	649	658	992	940	816	821	964	922	871	831
LOC100576898	338	296	343	507	367	300	372	400	456	346	382
LOC551511	307	400	452	743	626	450	498	567	608	586	556
LOC408766	8197	6259	6618	8754	8520	6613	9135	8180	8469	7806	7676
LOC102654638	137	101	117	160	120	110	133	148	160	151	142
LOC102654965	511	518	478	520	596	476	591	488	561	537	437
LOC726671	1179	534	524	428	408	429	721	369	559	588	574
LOC102654463	198	167	151	128	185	141	205	125	90	120	125
LOC102654533	51	47	63	39	43	42	46	39	28	52	32
LOC726724	104	179	167	208	136	151	201	202	196	197	140
LOC726733	3350	2795	2643	3216	3702	3017	3084	3836	3014	4189	3079
LOC113218725	155	181	180	279	262	206	310	241	249	210	234
LOC726761	61	94	89	164	105	86	151	163	134	104	118
LOC100578989	4	5	15	8	8	2	11	9	6	6	7
LOC102654259	197	194	164	244	197	210	218	207	176	179	165
LOC107964264	50	48	62	27	51	32	56	68	29	37	57
LOC102653946	21	31	46	58	50	31	62	37	69	48	52
LOC411529	78	135	105	124	118	93	102	102	124	91	90
LOC726826	1098	1482	1391	1938	1651	1506	1741	1669	1970	1777	1683
LOC411531	248	376	340	510	415	364	413	401	494	452	400
LOC551173	19	40	32	57	45	55	24	48	57	62	45
LOC100576765	146	146	149	206	184	150	149	177	169	149	138
LOC411533	1162	1132	1170	1800	1484	1257	1273	1467	1494	1482	1249
LOC551085	23	25	21	43	31	21	37	30	51	21	19
LOC413669	189	369	461	767	503	449	478	543	783	540	541
LOC113218710	0	0	0	0	0	0	0	0	0	0	0
LOC100576735	187	221	227	289	236	174	219	283	257	222	201
LOC107964357	14	14	28	15	14	15	24	25	21	18	17
LOC411907	20	13	24	14	18	21	24	23	22	16	17
LOC550920	341	314	311	533	411	322	389	389	452	379	374
LOC550865	10	42	28	66	35	39	54	56	72	48	50
LOC412149	332	331	293	518	415	306	439	457	478	482	401
LOC412471	5	21	18	29	21	19	9	23	53	23	45
LOC726949	1197	1792	1919	2901	2395	2115	2411	2741	2833	2349	2243
LOC726966	429	548	481	796	590	573	639	663	815	743	612
LOC100578557	4356	6073	5673	9916	7652	6888	7789	7455	10481	7429	7500
LOC726980	11	16	19	26	16	10	15	29	19	21	23
LOC726989	589	824	820	1098	955	781	947	908	1096	943	871
LOC100578188	173	173	196	348	232	219	222	214	242	218	204
LOC409773	3918	4019	4167	5595	4940	4243	4639	4716	5309	5149	4343
LOC409774	2155	1870	2672	4423	3380	2425	2902	2767	4134	2717	2801
LOC102655821	171	93	118	94	128	93	181	83	93	88	117
LOC100578006	1074	1329	1447	2185	1807	1463	1714	1824	2105	1896	1701
LOC107964313	0	0	0	0	0	0	0	0	0	0	0
LOC411519	3539	3417	3360	5563	5018	3957	3709	4229	4589	3811	3874
LOC551918	208	216	228	338	256	197	302	251	314	253	221
LOC727027	2113	2112	2140	3191	2844	2436	2725	2786	3497	2955	2623
LOC412217	1214	2077	1974	3104	2769	2263	2769	3017	3284	2865	2616
LOC412130	942	1747	1516	2299	1996	1698	2013	2109	2358	2140	1799
LOC412129	525	731	772	1358	1073	866	987	1071	1221	1110	955
LOC727055	476	368	456	482	410	358	419	415	476	440	446
LOC412345	371	368	392	570	518	380	466	505	448	503	404
LOC551775	1019	1169	1182	1855	1461	1065	1321	1478	1511	1410	1282
LOC412472	100	158	106	243	214	167	189	199	176	169	190
LOC727071	2143	2227	2096	2949	2977	2178	2582	2844	2805	2724	2505
LOC408820	797	1144	920	1560	1375	1194	1343	1355	1425	1354	1157
LOC408819	537	572	555	906	902	726	624	743	814	805	633
LOC102654688	8	6	19	5	4	6	14	7	1	2	5
LOC102654720	9	11	16	5	7	9	7	5	1	3	3
LOC727085	14	12	10	15	9	3	18	21	6	10	7
LOC102654745	3	6	9	5	5	4	5	4	0	2	4
LOC107964334	0	2	1	0	0	1	0	1	0	2	0
LOC727092	37	46	80	143	61	65	109	93	87	47	94
LOC102654312	194	281	249	401	330	251	273	369	379	302	283
LOC411054	29	52	87	117	94	103	110	128	145	97	93
LOC113218749	50	11	28	17	5	13	21	6	24	14	5
LOC113218748	119	44	67	37	47	38	104	42	53	52	55
LOC411053	43	64	108	72	65	63	94	74	62	71	72
LOC102654271	130	162	90	226	280	179	281	316	215	285	215
LOC411052	3103	3893	3529	5780	6295	5120	6610	7582	6558	6074	5886
LOC100576476	74	91	72	108	109	111	152	124	117	129	76
LOC411050	147	100	132	82	64	92	161	98	71	104	105
Mir6012	0	1	8	1	0	0	0	0	2	0	0
LOC102653929	1	4	9	1	1	1	3	1	0	1	9
LOC113218731	10	2	4	3	5	0	2	1	3	2	3
LOC113218733	7	9	6	2	8	10	13	9	3	6	6
Mir6063	3	3	2	0	0	0	0	7	0	0	0
LOC113218711	6	11	15	25	3	2	11	10	10	7	8
apd-3	11	7	13	15	13	8	10	8	15	1	8
LOC727131	3	5	8	1	5	13	13	6	18	10	6
LOC727136	17	13	22	32	25	21	32	20	23	4	29
LOC727145	11	12	16	10	7	15	19	13	12	14	11
Apd-3	4	5	2	6	6	3	11	4	11	5	6
Apd-1	34	3	9	14	7	4	6	5	27	6	2
Apd-2	1170	2387	2313	3158	697	730	434	289	1501	699	668
LOC727165	559	782	1137	1442	396	559	262	303	844	620	492
LOC107964265	0	4	2	1	4	0	0	4	5	0	0
LOC412993	300	367	355	533	478	369	516	487	474	428	444
LOC411048	2895	1904	2643	3564	3024	1897	2552	2191	2630	2344	2461
TRNAA-AGC	1	1	2	0	0	0	0	0	0	0	0
Mir9892	0	0	0	1	0	0	0	0	0	0	0
TRNAK-UUU	0	0	1	0	0	0	0	0	2	0	0
TRNAK-UUU_1	0	0	0	0	0	0	0	0	0	1	0
LOC102655966	14	15	37	28	31	20	29	27	23	16	47
LOC113218740	34	26	65	30	20	30	44	9	16	24	9
TRNAK-CUU_1	0	0	0	0	0	0	0	0	0	0	0
LOC107964278	0	1	16	6	0	12	2	1	5	4	1
LOC724189	4876	4770	4778	7690	6667	5788	6036	6352	7207	5833	5403
TRNAK-CUU_2	0	0	0	0	0	0	2	1	0	1	0
LOC408818	3147	3285	2894	4656	4895	4284	4985	5103	5837	5213	4343
LOC411047	426	658	635	1255	850	657	844	985	1181	890	846
LOC724383	735	817	779	1270	1056	907	1101	1001	1195	1130	933
LOC102656142	99	118	109	124	115	139	119	89	142	104	128
LOC107964349	7	25	47	47	58	27	26	46	64	26	46
LOC100578773	81	120	129	235	214	132	157	189	188	201	159
LOC411640	131	316	213	335	226	233	254	289	308	254	213
LOC102656291	123	103	129	199	175	110	96	140	155	142	121
LOC550814	266	286	284	398	420	239	326	382	265	365	310
LOC724531	2517	2750	2364	3475	3430	2601	2735	3333	2636	3184	2550
LOC550748	299	521	537	831	644	501	681	739	783	598	615
LOC550671	19189	21898	21903	29401	32763	27010	35761	37381	36814	35770	30152
LOC724738	410	652	594	1146	836	663	823	881	1100	779	754
LOC552171	388	829	700	1520	1004	932	1087	1181	1327	872	1053
LOC409794	186	255	199	444	324	323	318	359	420	340	277
LOC411046	422	455	438	624	537	547	780	579	592	520	527
LOC107964284	6	14	18	17	5	8	22	25	1	9	6
LOC113218538	1	0	6	0	0	5	0	1	0	4	3
LOC102656496	34	28	42	51	22	23	53	27	24	29	33
GstS4	33	24	34	50	28	16	23	26	26	24	19
LOC552078	0	8	6	4	2	1	0	4	2	0	1
LOC100577614	2	4	2	5	0	3	0	2	1	1	1
LOC107964258	1	6	1	0	0	1	3	0	0	0	0
Vg	93	73	107	120	127	67	88	136	200	140	87
LOC408817	2099	2278	2189	3222	3248	2719	3303	3902	3344	3739	2742
TRNAS-AGA	18	17	18	15	25	0	6	14	7	22	8
LOC107964314	553	459	504	610	607	516	543	536	750	610	560
LOC107964315	6	2	11	6	10	7	3	8	12	3	7
LOC413399	528	793	781	1445	1180	935	1180	1409	1426	1048	1091
LOC102654156	44	27	43	37	41	22	27	35	15	22	27
TRNAG-GCC	0	1	5	1	1	1	0	1	0	0	4
TRNAG-GCC_1	4	0	1	4	0	0	3	1	0	0	0
TRNAG-GCC_2	0	1	0	0	0	0	2	0	0	2	0
LOC413400	130	169	202	281	173	137	186	219	274	178	158
Rps14	7008	5967	5236	7343	6748	5152	6099	7289	5658	7056	5375
LOC725207	381	411	478	734	601	498	596	590	677	572	681
LOC102654465	648	758	683	928	890	608	709	744	978	891	755
LOC409110	296	353	416	637	538	436	481	553	583	480	511
LOC551852	1580	2264	2116	3407	3124	2576	2902	3246	3540	2857	2562
LOC411044	106	108	146	266	187	167	172	195	221	194	193
LOC551257	1356	2422	2315	4168	3387	2812	3111	3494	4659	3330	3425
TRNAG-GCC_3	2	0	0	3	0	0	1	0	0	0	0
LOC102654674	40	49	61	114	90	68	87	83	82	69	73
LOC408815	153	205	254	364	246	226	273	294	230	286	273
LOC411043	192	316	288	424	416	357	413	412	450	343	349
LOC408814	466	459	501	822	769	514	652	700	758	660	618
LOC725546	1083	1006	1041	1686	1514	1257	1263	1273	1633	1255	1188
Camkii	7376	5666	6462	9842	8806	6128	8520	8214	7920	6650	6943
LOC102655144	1	7	2	3	4	6	12	4	1	3	6
LOC107964268	18	22	31	17	21	12	46	19	23	14	13
LOC102654974	11	22	16	16	30	13	33	34	23	25	29
Gfat2	591	760	730	1169	838	736	944	915	1232	860	891
LOC412727	57	149	134	220	173	124	161	146	252	176	146
LOC725645	1143	915	911	1158	1133	938	983	1235	1209	1084	948
LOC409316	134	293	302	478	429	348	337	375	649	406	447
LOC409394	1602	1757	1598	2299	2247	1735	1963	1988	2095	2015	1758
LOC412221	317	475	505	924	664	523	559	724	774	623	651
LOC409560	570	853	685	1194	943	815	988	1112	1178	907	990
LOC410084	206	346	288	488	379	304	379	396	481	358	344
LOC413508	510	1035	850	1480	1244	943	1079	1219	1255	979	896
LOC725793	757	816	750	1089	984	794	846	924	1027	946	917
LOC725269	136	360	334	565	387	374	421	499	662	454	447
LOC113218744	122	149	172	270	171	132	181	179	226	158	169
LOC102655838	10	54	44	97	48	50	45	78	86	66	52
LOC102655878	116	120	101	112	109	63	111	127	117	106	101
LOC413638	37	158	145	268	172	103	161	143	184	106	164
LOC102655779	285	235	237	299	287	277	324	370	364	364	279
LOC102655898	206	205	231	338	254	263	288	295	331	272	260
LOC727528	32	60	51	130	89	73	74	93	116	77	92
LOC102655942	47	63	88	133	95	78	73	94	89	63	100
LOC727466	369	465	333	487	425	365	387	428	521	402	394
LOC726176	371	414	459	658	586	419	463	552	658	559	580
LOC727471	217	207	216	335	293	217	240	264	318	242	209
LOC412589	211	250	301	397	337	288	305	332	343	291	339
LOC552614	575	792	692	1236	1107	848	896	1035	1294	908	1030
LOC727483	690	699	647	843	834	607	550	851	672	957	574
LOC411415	207	268	301	390	366	312	324	317	422	339	365
LOC409495	4170	5057	5278	7429	6654	5612	6176	6336	7273	6353	5892
LOC412416	1859	1944	1788	2854	2324	2043	2057	2064	2508	2142	2172
LOC413331	225	409	396	684	541	474	519	521	755	523	517
LOC551664	1019	932	884	1427	1146	899	889	1068	1123	1045	819
LOC724983	41	24	14	17	31	11	27	15	26	15	10
LOC551605	70	92	97	157	118	74	86	103	135	107	73
LOC551515	600	777	753	1223	912	796	808	858	1110	973	864
LOC411942	143	144	104	231	197	153	194	222	276	193	192
LOC725878	89	171	206	296	287	241	245	235	365	302	208
LOC413727	215	256	270	480	382	294	318	447	410	357	380
LOC725942	1973	1773	1842	2803	1876	1604	1715	1798	2036	1960	1673
LOC409588	350	659	575	1209	703	641	780	761	986	811	674
LOC726726	292	511	481	771	550	496	641	594	793	631	593
LOC107964350	20	50	62	109	84	66	49	86	113	80	90
LOC102655796	262	209	227	342	272	209	205	221	227	290	234
LOC113218716	269	305	273	428	350	287	289	319	347	342	301
LOC413884	516	645	614	943	793	431	521	858	573	904	505
LOC107963962	558	632	639	979	953	593	729	981	799	779	615
LOC411468	470	683	705	1168	910	858	949	976	1299	1045	980
Cbs	350	461	429	700	475	462	476	588	704	529	512
LOC725904	254	228	271	326	266	253	300	292	341	252	242
TRNAR-UCU_1	0	0	0	0	0	0	0	0	0	0	0
LOC551614	59	149	185	309	223	171	251	259	337	247	220
LOC725896	434	529	651	872	764	602	632	747	840	699	680
LOC551672	453	564	564	924	669	604	575	778	841	745	652
LOC413440	92	212	253	480	316	279	311	313	511	278	324
LOC725992	202	386	414	624	575	522	451	515	825	546	484
LOC409833	419	451	482	705	554	500	528	551	490	602	548
LOC726044	903	1920	1590	2981	2225	2046	2705	2963	2436	2331	2187
LOC726073	459	614	649	945	691	651	773	778	864	860	670
LOC725341	186	150	159	217	204	143	180	205	191	197	193
LOC725266	812	642	696	923	825	610	694	868	752	848	677
LOC551355	61	152	116	274	186	147	166	199	250	190	192
LOC100578947	161	193	208	331	243	201	241	232	299	229	211
LOC725374	316	455	448	621	500	430	497	442	624	482	506
LOC113218717	710	565	516	665	666	449	448	675	463	757	493
LOC551722	179	207	185	263	249	212	236	243	329	266	239
LOC100578823	775	1124	890	1168	1245	1043	1172	1221	1551	1237	1057
LOC102654345	201	200	213	307	264	207	243	234	267	259	186
LOC552138	5	12	10	28	18	12	20	13	30	15	15
LOC100576272	86	111	80	171	133	112	124	117	143	156	113
LOC411618	323	265	263	413	354	256	263	335	336	368	316
LOC409134	1450	1636	1767	2547	2233	1776	1928	2170	2264	2028	1936
LOC411619	344	483	500	970	756	681	707	816	909	686	775
LOC102653955	215	269	242	368	329	214	238	281	258	308	230
LOC409172	532	1087	994	1546	1057	1008	1282	1311	1423	1393	1093
LOC113218755	4	10	19	7	4	3	14	2	6	14	2
TRNAA-AGC_1	0	0	0	0	0	0	0	0	0	0	0
LOC409173	169791	219830	209928	349848	327176	266577	292790	327355	333719	295116	274757
LOC107964308	747	741	639	1065	865	838	1076	973	1150	1068	906
TRNAA-AGC_2	0	1	0	0	0	0	0	0	0	0	0
LOC113218752	1292	945	911	1312	1202	744	1061	1090	1127	1014	842
LOC100576383	720	697	831	1498	980	688	1085	1032	1180	813	797
Mir3723	0	0	0	0	0	0	2	0	1	0	1
LOC107964360	71	88	78	156	134	101	165	127	139	127	116
Or130	10	17	19	24	22	19	25	19	28	13	24
LOC102656221	32	44	31	53	67	55	60	54	84	34	63
LOC102656904	61	75	47	130	83	86	44	74	81	97	87
LOC102653782	35	65	57	79	85	63	65	81	70	54	75
LOC113218751	0	0	1	1	0	1	2	0	0	2	0
LOC102653577	0	0	1	1	0	0	0	0	6	3	0
LOC113218546	0	0	0	1	0	0	1	1	1	0	1
LOC113218753	3	0	1	1	0	0	2	0	0	0	3
LOC102655153	1	4	20	1	4	4	17	7	3	7	3
TRNAE-UUC	0	1	0	0	0	0	0	4	0	0	0
TRNAI-AAU	0	1	0	0	0	0	0	1	0	1	1
TRNAD-GUC	0	0	0	0	0	0	0	1	0	0	2
TRNAR-ACG	0	0	0	0	1	1	2	2	0	2	2
TRNAI-AAU_1	0	0	0	0	0	0	0	0	0	0	0
TRNAS-AGA_1	0	0	0	0	0	0	0	0	0	0	0
LOC113218754	1	0	1	0	0	0	0	0	0	0	0
TRNAG-GCC_4	0	0	0	0	0	0	0	0	0	1	0
LOC107964272	0	0	0	1	0	0	0	0	0	0	0
LOC726421	3806	4760	4290	6271	6516	5689	7603	6722	7087	7005	5944
LOC411038	155	189	182	260	176	129	265	188	201	192	196
Mir9890	0	4	0	1	0	0	1	0	0	2	1
TRNAE-CUC	0	0	0	0	0	0	0	1	0	0	0
LOC107964335	2	11	5	9	9	7	14	2	12	1	3
LOC100577876	402	454	386	616	544	503	473	522	536	538	469
LOC411037	30	54	61	112	102	91	102	87	150	64	89
LOC411036	272	97	125	83	100	76	146	81	122	93	94
LOC724604	760	1069	855	1533	1241	1002	1367	1125	1455	1166	1075
LOC102654736	42	111	79	147	160	104	128	143	176	119	151
LOC102655124	29	74	65	80	66	61	96	43	100	62	64
LOC102654773	501	728	621	863	878	668	1003	839	817	739	670
LOC102654858	53	75	73	114	75	80	118	133	141	108	95
LOC102654889	165	85	107	152	133	91	159	113	100	126	90
LOC113218715	2	11	6	23	9	10	7	11	28	4	8
LOC724511	205	379	263	421	363	288	408	393	430	339	253
LOC100578714	316	296	260	333	301	254	382	359	268	310	271
LOC100577976	51	61	58	64	80	84	68	99	78	92	102
LOC408811	817	1255	1219	2112	1850	1620	1853	1937	2392	1857	1798
LOC724739	57	140	108	225	174	144	150	186	260	142	143
LOC411030	235	274	289	427	354	299	452	442	398	367	351
LOC408810	1313	777	673	741	745	631	1061	684	844	750	723
LOC113218743	905	802	809	871	973	849	928	861	872	922	834
LOC100578609	31	29	28	45	34	16	38	37	38	22	21
Mir263b	6	0	3	7	11	5	11	9	9	5	11
Mir3724	0	0	0	0	0	0	0	0	2	0	0
LOC100577798	753	489	509	574	603	421	747	483	550	549	539
LOC412801	201	94	162	123	82	109	160	86	97	88	86
LOC724971	175	230	272	509	311	255	355	350	379	312	329
LOC100577725	8	13	20	8	10	1	10	22	14	15	9
LOC725011	188	181	173	242	211	150	205	191	211	185	189
LOC100577492	56	46	74	58	54	38	78	50	36	32	31
LOC102656583	29	16	36	34	58	20	36	18	20	18	15
LOC724717	0	0	0	1	1	1	2	2	1	5	1
LOC100577527	37	43	44	84	51	38	39	48	53	59	45
TRNAE-UUC_1	0	0	0	0	0	0	0	0	0	0	0
TRNAE-UUC_2	0	0	0	0	0	0	0	0	0	0	0
TRNAE-CUC_1	0	0	0	0	0	0	0	0	0	0	0
TRNAE-CUC_2	0	3	0	0	0	0	0	0	0	0	0
TRNAE-UUC_3	0	0	0	0	1	0	0	0	0	0	0
TRNAE-UUC_4	0	0	0	0	0	0	0	0	0	0	0
TRNAE-UUC_5	0	0	0	0	0	0	0	0	0	0	0
LOC102655228	365	290	333	438	407	251	390	347	361	294	298
LOC107964300	26	55	37	93	77	55	85	67	90	56	94
LOC100578579	1392	2020	1877	3155	2866	2460	3067	2697	3471	2738	2520
LOC725208	142	172	134	269	178	168	201	170	217	224	165
LOC725253	768	716	650	928	849	735	696	828	823	868	670
LOC409883	359	629	645	1027	861	687	914	925	866	832	910
LOC409884	174	198	238	333	222	236	242	239	345	240	285
LOC102656174	4	8	9	4	2	3	5	7	1	2	6
LOC102656261	105	130	163	239	176	160	240	230	193	182	183
LOC413371	702	637	570	907	725	596	883	793	757	730	719
LOC113218741	8	9	12	3	4	7	11	7	7	5	13
LOC102656089	12	8	20	18	7	19	20	25	25	15	13
LOC724429	110	173	157	312	174	205	188	240	355	202	218
LOC100576514	330	359	356	443	354	319	348	377	461	356	367
LOC724303	101	104	127	191	153	117	128	147	178	124	166
LOC408809	7374	5774	5821	7615	7112	5291	6402	6129	6167	6034	5724
LOC551012	161	276	295	474	316	256	283	358	496	339	317
LOC412703	50	90	145	195	126	120	134	152	244	117	149
LOC724472	173	253	279	356	267	228	284	332	356	286	285
LOC552077	1505	2301	2161	3769	2994	2649	2883	3039	3424	2918	2730
LOC113218719	119	39	63	43	74	35	113	47	54	52	54
LOC100578446	20	34	45	4	9	10	23	10	17	16	13
LOC113218720	53	23	42	12	19	31	54	29	18	15	34
LOC100576361	12	19	5	10	3	2	2	16	7	13	20
TRNAV-AAC_3	0	0	0	2	2	0	0	0	1	1	0
LOC408808	4881	6522	6336	10580	8238	6963	6896	8505	10075	8053	8100
LOC113218549	473	203	133	95	101	158	235	125	162	160	153
LOC408807	157	151	892	316	2347	691	882	523	328	410	3357
LOC102655177	5	14	25	17	8	8	20	26	14	4	16
LOC100576283	64	51	47	64	61	81	83	65	72	50	67
LOC113218722	117	90	99	34	88	75	139	66	54	64	80
LOC102654975	5114	2626	2673	2844	3457	2597	3731	2700	3249	3132	2988
LOC724888	19	25	26	44	53	18	29	39	35	25	34
LOC100576125	239	216	289	353	245	245	262	311	243	236	284
LOC411026	120	224	203	303	248	209	206	268	305	207	228
LOC102654580	575	194	142	123	161	207	302	106	217	191	213
LOC102654550	0	0	1	0	0	0	0	0	0	0	0
LOC408805	390	526	654	1245	1204	917	1113	1168	1488	1031	1185
LOC724793	2725	3243	3147	4816	4111	3434	4124	4572	4271	4184	3694
LOC107964304	11	11	20	34	19	23	16	36	18	13	19
LOC724830	598	353	345	446	396	342	499	456	629	409	559
LOC113218738	15	23	28	12	33	9	32	18	10	11	25
LOC107964305	45	32	26	31	23	17	38	19	37	16	19
LOC102654066	21	30	48	42	52	34	35	29	39	17	41
LOC113218739	64	49	52	54	58	35	51	56	63	53	55
LOC413117	69	167	111	222	236	175	247	301	345	251	229
LOC725209	182	192	156	242	232	201	202	292	243	195	200
LOC725254	42	40	33	26	31	27	51	42	56	26	19
CPR19	6	14	29	36	22	22	15	13	12	20	9
LOC725327	22	30	20	12	53	18	65	22	15	6	26
LOC551656	7	12	6	13	12	3	11	15	5	7	2
LOC409776	53	75	86	113	91	60	86	79	91	58	67
LOC100578672	8	19	15	5	24	13	3	12	19	8	11
LOC102656931	4	6	4	10	6	3	3	3	5	0	3
LOC100578248	38	106	135	178	181	108	163	167	169	152	170
CPR27	55	56	63	66	54	70	65	38	39	29	71
LOC725547	93	27	49	23	52	47	82	57	25	38	74
LOC413113	53	57	84	52	67	35	79	48	39	52	32
LOC100577562	38	17	23	25	15	19	24	19	13	13	14
LOC725701	20	43	57	65	29	17	37	41	27	37	26
LOC413112	1	0	3	5	0	3	0	0	3	0	0
LOC100576163	36	23	39	45	17	19	23	27	20	24	26
LOC409596	191	261	252	294	291	252	287	271	326	333	272
LOC552635	137	125	132	227	175	147	155	194	201	194	179
LOC725832	34	29	73	78	143	70	105	134	96	102	169
LOC409129	518	419	442	545	519	424	451	539	501	557	396
LOC100578201	110	258	275	502	380	251	399	440	496	366	299
LOC100578168	24	32	52	81	59	48	33	55	96	34	36
LOC408804	193	155	204	110	128	110	212	235	167	104	162
Mir2796	0	0	0	0	6	0	0	0	0	0	0
LOC725646	1	8	15	5	10	5	5	12	12	9	5
LOC725961	221	230	203	319	296	183	281	310	281	259	202
LOC551126	615	538	557	681	659	512	566	644	661	596	592
LOC411024	641	668	633	1003	823	634	716	737	814	850	639
LOC408803	116	140	167	167	161	109	146	174	164	155	155
LOC107964323	4	6	6	8	7	1	3	10	3	6	5
LOC102655281	39	24	28	13	57	24	62	43	20	28	23
LOC411023	120	183	206	277	203	206	267	264	244	209	207
LOC550811	49	47	53	57	65	35	73	61	58	33	51
Mir6054	0	0	1	1	0	0	0	1	0	0	2
TRNAS-AGA_2	0	0	0	0	0	0	3	0	0	0	1
LOC411021	240	613	353	553	178	110	182	149	138	125	168
LOC724430	10	10	9	30	4	11	22	27	18	14	7
LOC408801	3704	2682	3313	4527	3977	2765	3915	3491	3683	3475	3210
LOC724368	5907	7341	7244	11032	10144	8244	9369	11152	10961	9757	9018
LOC408799	5431	4876	4766	7002	6210	4721	5032	5555	5132	5663	4698
LOC107964275	401	389	410	589	458	412	432	436	474	459	389
LOC102656444	52	64	61	63	63	43	54	53	98	51	45
LOC409051	15889	20663	23249	36270	26484	19032	28707	25414	27076	24335	22057
LOC107964281	19	22	28	49	28	13	27	43	38	25	22
LOC724532	1338	1161	1160	1773	1534	1274	1325	1465	1588	1534	1336
LOC552007	4347	6971	7102	11907	9621	7962	8384	9727	10999	8968	8010
LOC113218730	13	24	29	50	37	25	18	23	63	30	41
LOC724740	385	462	413	678	612	480	692	494	730	563	553
LOC724781	187	298	183	351	308	250	233	310	281	240	225
LOC552429	1506	1463	1365	1920	1795	1349	1532	1655	1635	1828	1408
LOC411589	324	341	395	654	501	435	402	498	586	495	442
LOC113218713	0	1	0	0	3	0	0	0	3	3	0
LOC724889	1	2	5	0	6	1	1	4	1	5	5
LOC113218736	5	4	5	20	6	2	3	10	18	5	14
LOC410038	67	147	135	198	144	120	161	113	217	147	127
LOC552293	119	290	269	358	219	230	272	295	352	270	321
LOC113218737	90	69	57	56	50	36	39	49	53	32	40
LOC552249	790	1123	752	1435	1118	1159	1199	1505	1661	1335	1135
LOC724481	359	587	548	804	784	659	584	653	775	605	582
LOC413591	100	118	131	177	126	131	136	145	145	119	150
LOC413590	51	75	50	61	35	38	48	43	45	50	56
LOC409981	812	881	1158	1845	968	789	1120	1012	1303	878	905
LOC102654949	244	241	194	320	369	272	246	298	284	285	245
LOC406139	40	50	58	123	66	58	75	96	134	76	87
LOC113218745	51	69	56	133	109	84	92	110	125	104	90
LOC113218746	458	452	446	589	512	449	494	402	569	454	461
LOC412158	490	571	592	845	748	515	646	708	738	648	606
LOC113218714	22	44	40	52	38	41	35	23	49	33	37
LOC411759	373	411	438	627	501	455	567	586	683	517	501
LOC411760	6	7	7	2	3	3	6	7	2	9	9
LOC725012	9	29	31	95	56	49	35	52	98	42	50
LOC725092	113	106	137	154	129	91	157	200	147	124	160
LOC409697	629	1110	1173	1867	1613	1261	1504	1782	1488	1479	1342
LOC725169	810	1058	989	1664	1269	1000	1058	1192	1532	1212	1173
LOC411202	416	340	313	641	470	296	468	525	467	521	415
LOC100577553	400	350	315	461	420	346	392	400	404	458	344
LOC411204	683	870	865	1213	1005	814	1043	925	1100	967	922
Gr10	77	90	82	86	33	49	81	47	54	59	36
LOC408917	2906	3486	3087	4825	4420	3645	4533	4349	4429	3909	3411
LOC408918	3976	4103	3971	5503	5042	3828	4907	4801	4924	4711	4015
LOC411206	3592	3433	3209	4611	4563	3617	4044	4478	4033	4449	3469
LOC411207	548	440	435	721	908	677	827	903	879	793	851
LOC725311	597	841	1006	1529	1324	1047	1062	1202	1474	1136	1034
LOC725510	431	293	305	325	354	329	384	322	333	363	234
LOC411209	111	115	124	147	187	94	137	149	151	97	111
LOC107964271	94	64	71	70	70	58	93	70	67	93	66
LOC725381	879	786	909	1286	2147	1490	1319	1757	1421	1302	1337
LOC102656652	665	613	501	815	862	639	793	902	761	838	684
LOC408920	742	954	860	1196	1359	1124	1347	1362	1432	1399	1092
Mir3726	106	85	98	141	126	93	120	130	139	122	106
LOC725665	1864	2435	2173	3245	3076	2526	3668	3340	3197	3178	2661
LOC102655970	0	3	0	0	0	0	5	1	0	0	0
LOC411019	93	159	166	249	190	152	303	243	210	204	125
LOC408797	2862	3674	3213	5023	4219	3858	4625	4492	4781	4261	3971
LOC411018	168	95	146	76	97	72	157	83	89	97	86
LOC100577054	0	1	14	6	1	1	8	6	2	0	2
LOC100576964	0	1	2	2	0	0	3	2	3	0	0
LOC725962	176	153	105	239	226	160	239	215	184	164	182
LOC725993	306	439	371	577	446	447	462	479	692	534	541
LOC408796	705	823	702	1168	888	710	846	979	993	955	874
LOC726045	1330	2134	2305	3841	3265	2622	3095	3068	3807	2672	2794
LOC100576745	497	464	479	559	590	394	616	493	552	636	459
LOC100576894	838	658	703	747	781	683	801	645	813	712	655
Dl	1238	1651	1536	2435	1907	1660	1734	1982	2328	1894	1718
LOC551774	5659	4191	5238	7872	6841	4603	5630	5874	6387	5390	5534
LOC107964291	23	25	29	36	52	35	25	27	25	47	32
LOC411515	3493	3248	2812	4254	3727	2329	2308	3960	2562	3911	2490
LOC726132	280	268	356	465	386	303	332	348	393	372	329
LOC726159	206	364	384	667	399	365	415	464	549	412	405
LOC102655817	6	27	21	27	28	12	22	11	29	27	12
LOC102655676	16	21	28	42	28	24	27	25	36	21	26
Mir275	0	0	0	0	0	2	0	0	0	0	3
Mir305	3	0	1	2	0	0	1	0	0	1	1
LOC408793	464	989	899	1651	1190	1077	1659	1394	1456	1149	1153
LOC408794	520	566	566	869	622	527	591	684	810	590	593
LOC411011	809	547	575	671	638	469	747	654	538	577	593
LOC411012	187	319	416	675	870	647	534	649	860	594	665
LOC411013	254	552	510	830	765	629	706	712	829	713	622
LOC411014	1872	2270	2124	3862	2758	2240	2573	2718	3103	2753	2564
LOC726254	937	1142	1207	2004	1544	1321	1466	1588	1888	1433	1480
LOC100576412	95	144	131	188	177	85	136	127	173	155	148
LOC726307	3121	3220	3018	4775	4195	3719	4088	4243	4822	4111	3867
LOC409301	96	153	169	229	178	157	186	193	223	185	225
INTS8	250	498	457	626	543	395	543	551	583	460	496
LOC100576100	93	84	64	65	62	57	58	68	82	71	53
LOC408792	4299	5392	6055	8028	6426	4412	5172	5894	6274	5849	6255
LOC411009	14	35	48	39	20	21	26	48	34	33	16
LOC724216	14	6	9	6	4	3	7	7	3	9	9
LOC408791	36	81	105	205	87	97	129	102	168	101	142
LOC724346	560	490	521	661	594	468	540	594	687	707	626
LOC552841	345	310	351	506	357	292	322	364	455	351	338
LOC408790	825	899	851	1347	1156	989	1062	1212	1473	1274	1105
LOC724473	140	185	147	263	183	138	189	189	229	189	181
LOC113218756	0	0	0	0	1	0	0	5	0	0	0
LOC100578879	218	268	349	541	444	335	436	436	541	473	393
LOC411006	1694	2146	1967	3108	2811	2219	2674	2600	3018	2683	2270
LOC102655740	4	24	15	20	29	30	26	33	23	21	17
LOC724653	318	233	222	286	342	253	288	275	275	299	257
LOC724698	4	7	13	3	3	3	6	4	0	0	1
LOC107964328	20	14	16	7	7	13	21	14	4	7	5
LOC408789	29	38	52	28	26	21	37	51	20	31	55
LOC411003	371	443	421	592	485	436	534	590	566	567	486
LOC107964260	38	50	35	56	69	48	57	90	65	40	61
LOC107964329	48	81	72	99	79	60	67	85	115	78	69
LOC724922	490	602	520	698	588	440	568	594	643	606	571
LOC100578779	21	29	29	16	19	22	25	28	25	34	25
LOC100578999	119	137	110	164	159	114	99	137	163	134	105
LOC725062	317	357	340	529	507	390	424	503	502	432	420
LOC412072	26	21	29	43	28	29	21	37	24	35	29
cact1	75	121	111	175	173	152	159	195	282	210	191
LOC102656934	942	1327	1441	2178	1969	1488	1594	2137	2162	1762	1701
LOC408788	48	58	67	102	156	101	95	142	91	98	125
LOC408787	240	286	337	311	248	255	447	350	335	317	337
LOC725102	313	324	276	365	336	274	247	352	277	337	282
Dscam	1203	1678	1696	3244	1955	1707	3401	2582	2434	1925	1913
LOC409115	308	321	341	503	410	339	339	457	393	343	381
LOC100578015	311	445	442	593	640	460	565	542	613	493	438
LOC411579	264	243	279	362	332	258	345	404	396	307	359
LOC725434	43	76	126	155	92	71	136	99	128	118	88
LOC409117	644	971	941	1372	1138	949	1128	1143	1370	1195	1019
LOC411581	568	663	701	944	838	717	734	895	835	855	722
LOC552809	3830	3086	3246	4457	4725	3246	3379	4602	3823	4779	3236
LOC411582	200	439	409	755	612	547	661	625	815	610	634
LOC409118	472	577	493	673	594	542	571	571	574	679	569
LOC102655905	14	33	18	24	26	24	44	31	37	25	13
LOC725627	206	297	260	316	297	256	339	340	316	267	283
LOC409788	178	909	848	1711	1332	1191	1658	1556	1752	1329	1513
LOC725678	1054	873	927	1295	1179	927	982	1289	1069	1200	908
LOC413137	2462	2492	2397	3435	3035	2323	2591	2853	2711	2688	2321
LOC725703	1167	1420	1468	2206	1903	1595	1703	1866	2068	1711	1692
LOC409789	1204	1851	1748	2946	2821	2648	2453	3162	3655	2071	3103
TRNAP-AGG	1	5	1	7	4	9	0	5	13	1	4
LOC552792	227	505	324	419	431	596	421	539	500	301	516
TRNAT-AGU	0	0	0	0	0	0	0	0	0	0	0
LOC102655592	3	7	8	2	9	5	4	3	5	5	7
LOC413138	338	889	997	1904	1339	1144	1101	1366	1854	1220	1353
LOC413139	324	376	366	507	390	338	353	455	498	448	422
LOC102655452	275	182	165	300	213	170	172	228	185	281	187
LOC725897	73	129	128	194	141	113	144	185	162	143	151
LOC413141	1443	2676	2788	4935	3580	3192	4104	3946	4961	3640	4108
LOC113218742	7	32	41	117	57	51	68	84	89	87	83
LOC408785	389	477	520	810	656	515	556	605	696	661	494
LOC102655622	23	24	36	18	20	16	35	22	37	22	19
LOC726024	197	234	241	355	322	234	307	322	286	255	241
LOC107964319	207	304	269	499	438	403	378	384	476	355	343
LOC408784	936	1076	1107	1561	1355	1054	1161	1232	1333	1339	1155
LOC410999	699	932	783	1180	1016	863	954	1000	1105	894	799
LOC410998	234	378	310	427	330	254	436	355	315	315	239
LOC408783	785	904	790	1219	1023	877	886	927	1023	929	888
LOC410997	58	195	169	311	208	161	257	228	247	156	202
LOC410996	217	480	428	613	434	441	549	517	506	442	393
LOC100577548	80	106	112	165	118	118	169	147	113	105	122
LOC410994	51	162	141	204	135	165	233	178	166	121	120
LOC107964288	21	40	21	41	37	25	21	32	31	41	17
LOC408782	5531	11754	11203	16624	14649	12458	14309	13876	15389	13464	12535
LOC102654763	31	37	37	52	48	39	31	30	43	33	37
LOC107964289	278	298	256	447	326	326	366	325	373	332	331
LOC410993	204	187	181	291	258	163	230	207	227	192	181
LOC410992	476	537	691	918	798	598	601	752	722	661	611
LOC726308	584	564	622	865	694	656	648	586	758	670	588
LOC726335	654	924	841	1397	975	871	1273	1183	1185	1059	959
LOC410990	218	250	292	464	346	274	289	377	344	297	387
LOC107964343	2570	3802	3350	5889	4786	3803	5671	5714	5489	5114	4903
LOC726378	80	99	95	121	129	104	151	135	128	106	178
LOC410989	223	229	182	346	304	201	310	356	306	218	275
LOC408780	349	622	604	1000	732	668	927	897	891	686	769
LOC552664	368	447	382	619	514	462	490	508	516	493	495
LOC409488	1720	2298	2290	3542	3232	2452	2532	2727	3182	2598	2581
LOC552653	335	518	532	722	607	523	534	544	715	578	496
LOC412457	353	536	558	789	550	512	612	604	725	600	556
LOC412456	594	511	624	966	745	673	655	681	877	716	801
LOC409559	919	1275	1336	2135	1801	1368	1645	1720	1771	1436	1475
LOC552621	361	396	450	577	522	434	439	484	453	438	432
LOC726550	71	157	223	301	243	185	239	252	308	245	312
LOC411642	68	99	93	158	156	93	95	107	142	89	95
LOC726585	338	307	270	415	441	322	312	353	365	361	255
LOC409142	5671	5835	5884	8847	8378	6309	7146	7016	7759	6528	6475
LOC409143	11	3	24	7	1	4	7	9	12	5	11
LOC726602	81	163	161	213	166	141	173	152	171	199	129
LOC408779	7840	15297	14286	27872	19525	17085	30491	25176	23943	20406	19010
LOC726681	541	880	891	1191	1009	1019	1329	1019	1109	877	781
LOC413423	206	334	300	637	353	380	449	423	535	265	435
LOC113218724	14	14	21	50	36	39	38	32	36	22	25
ACSF2	93	41	65	69	90	54	122	72	43	51	43
LOC408777	178	301	306	475	367	347	492	436	469	350	323
LOC107964338	257	224	245	291	345	234	340	425	282	304	279
LOC107964339	248	202	190	239	255	197	256	268	244	230	211
LOC113218709	171	239	209	310	243	158	227	283	251	235	191
PIH1D1	117	153	143	226	171	123	110	186	172	154	147
LOC726784	355	435	431	801	581	501	565	609	734	551	539
LOC100578482	81	130	169	244	142	123	161	173	206	183	138
LOC726817	480	723	710	952	832	693	842	888	1002	854	681
LOC409662	311	411	461	762	563	354	445	565	605	498	443
LOC726827	1622	2943	2564	3665	3138	2649	4113	3111	3494	3267	2729
LOC726855	117	88	66	86	94	89	110	86	62	65	62
LOC726866	2969	2752	2616	4315	4540	3503	4378	4701	4597	4023	4640
Melt	10	12	15	9	11	8	33	9	3	10	18
LOC100578368	334	381	333	478	383	369	459	411	465	438	382
LOC113218734	1	3	2	5	8	1	1	1	7	3	1
LOC412898	366	480	551	722	611	491	561	555	590	537	505
LOC102655466	219	252	208	369	237	205	244	248	310	287	235
LOC100578330	144	249	254	367	353	287	227	278	368	308	304
LOC409659	369	312	361	486	441	364	358	405	383	402	377
LOC551961	6886	6676	6513	8807	8613	7171	7898	8077	8290	8432	6891
LOC412897	1393	1657	1572	2216	1854	1531	1899	1890	2236	1907	1730
LOC107964352	62	28	48	25	31	46	42	35	32	26	55
LOC113218750	19	33	18	31	34	33	39	56	34	26	29
LOC100578254	19	11	18	25	31	30	27	34	16	33	20
LOC102655409	15	15	28	9	17	31	27	10	9	15	9
LOC409658	2471	2528	2319	3607	2977	2625	3936	3439	3525	3055	2714
LOC107964317	188	95	126	131	111	82	172	109	105	119	106
LOC113218732	4	9	5	15	9	4	16	12	4	11	7
LOC552322	1084	1228	1215	1655	1442	1271	1409	1386	1509	1480	1271
LOC552336	574	782	733	949	884	742	762	826	820	851	773
LOC724304	899	1069	959	1518	1054	933	1594	1268	1398	1358	934
LOC414051	287	688	654	1242	813	682	724	938	1251	907	844
LOC724629	705	552	547	798	719	602	547	647	699	690	537
LOC550918	658	1044	1170	1823	1705	1396	1493	1667	2081	1591	1586
LOC552379	352	543	562	928	818	682	684	810	958	734	733
LOC410987	772	1103	1043	1533	1200	958	1349	1194	1306	1186	1040
LOC410986	3586	4954	4186	6667	6381	4970	6960	6836	6598	5999	5383
LOC113218727	2666	2619	2395	3244	2741	2258	2798	2854	2723	2792	2369
LOC408775	907	814	834	1755	1027	849	1144	1043	1233	883	1003
LOC552428	338	491	628	1045	756	644	715	735	898	726	752
LOC411677	730	690	602	963	745	572	686	894	768	995	659
LOC411678	187	289	347	640	376	390	426	367	682	419	418
LOC552698	235	212	214	382	291	202	270	279	293	275	263
LOC552704	645	632	573	876	814	662	630	704	886	703	664
LOC100576453	8	10	9	14	9	11	11	15	13	4	10
LOC551101	484	644	577	995	757	685	766	743	921	765	657
LOC409983	1830	2951	2912	5634	4087	3200	5407	5106	4916	4112	4088
LOC107964312	397	414	469	687	545	463	536	549	634	520	485
LOC411917	94	153	201	236	196	170	195	219	281	233	190
LOC552727	968	1049	1063	1613	1525	1132	1259	1467	1493	1395	1150
LOC107964262	95	120	122	164	143	145	130	145	177	144	138
LOC552731	684	1021	1008	1792	1324	1139	1386	1525	1893	1448	1258
LOC102656620	233	249	271	386	299	242	325	301	357	282	271
LOC724741	836	913	1041	1500	1167	1002	1036	1134	1409	1112	1115
LOC102655503	283	392	379	604	438	370	433	474	546	485	456
LOC552213	1424	1018	1074	1457	1290	915	1043	1251	1161	1339	1105
LOC552194	387	417	493	633	504	410	498	404	523	493	469
LOC413523	183	325	322	577	422	309	430	435	448	404	433
LOC724855	526	526	525	855	685	556	589	692	733	589	570
LOC724890	213	363	472	747	367	336	470	389	559	443	515
LOC724923	182	224	199	339	280	243	278	300	303	265	256
LOC413520	53	44	54	100	77	67	80	83	103	70	51
LOC409949	194	547	545	823	494	457	486	714	665	515	524
LOC724973	394	808	869	1436	927	858	1149	1219	1351	1091	1066
LOC102655609	13	7	11	10	8	6	11	9	20	7	9
LOC725013	48	93	73	138	116	89	111	127	161	91	111
LOC409140	574	709	704	1017	901	727	843	917	1016	937	781
LOC102656131	98	165	176	267	213	162	231	220	232	235	179
LOC411633	274	392	437	516	509	413	557	533	586	512	494
LOC725125	354	387	392	626	540	483	519	542	550	495	471
LOC412574	316	400	411	536	434	375	476	503	515	478	403
LOC100577497	36	47	55	101	73	69	71	72	99	78	84
LOC410985	126	190	168	276	197	188	216	231	288	192	212
LOC408774	192	443	424	774	584	399	675	652	803	632	600
LOC408773	127	174	135	212	205	146	171	186	203	181	134
LOC725360	9	12	8	13	14	4	6	23	13	9	10
LOC113218723	2154	2023	2089	3354	2620	1950	2462	2465	2523	2259	2194
Mir3727	7	2	6	5	4	5	4	3	0	7	1
LOC725475	540	518	505	580	586	430	506	616	465	577	429
LOC100577397	634	936	1009	1590	1415	1067	1492	1333	1356	1282	1231
LOC725548	3839	3785	3746	5781	5634	4653	5262	5330	5896	4878	4831
LOC410982	2331	3461	2609	4322	3829	3329	4829	4447	4233	4421	4143
LOC551628	865	1056	965	1601	1227	903	912	1266	1362	1159	1012
LOC408770	10377	7807	7548	11110	10487	8200	12437	10143	11656	10083	9849
Mir3728	0	0	0	0	0	0	1	0	0	0	0
LOC725943	1742	1347	1112	1775	1619	1020	1020	1751	1275	1593	1098
LOC410980	604	888	918	1302	1104	1000	1032	1239	1231	1207	1016
LOC551541	2819	3527	3458	4623	4516	3261	3399	4924	4130	4520	3265
LOC100577272	230	423	383	770	612	463	602	604	697	518	550
LOC410979	147	124	140	144	137	124	153	130	123	121	126
LOC113218721	0	20	20	83	39	26	31	47	55	10	29
LOC408769	3958	4629	4312	7567	6148	5172	6611	5929	6809	4941	5073
Mir9874	0	0	0	0	0	3	0	0	1	0	0
LOC408767	1016	1174	1105	1530	1439	1274	2057	1717	1676	1484	1386
LOC726086	580	593	523	744	600	575	599	631	610	679	572
LOC100576929	478	471	449	743	687	527	521	620	541	622	524
LOC725909	520	503	465	709	615	544	610	670	722	655	572
LOC551311	208	218	224	396	314	304	265	381	310	270	311
LOC412401	208	357	311	594	433	358	405	425	574	413	420
LOC551339	421	355	410	570	560	345	521	462	456	478	429
LOC412644	83	119	151	208	177	174	115	124	205	186	205
LOC724370	723	884	782	1120	971	870	996	1009	1183	980	905
LOC724529	37	36	57	85	62	58	47	60	77	64	57
LOC412104	401	778	940	1679	1207	1123	1236	1176	1792	1284	1185
LOC551185	178	433	370	705	433	386	459	519	686	464	468
LOC552161	727	855	821	997	954	761	811	1048	1019	962	937
LOC409589	4316	3848	3924	5370	5217	3940	4833	4942	4436	4862	3942
LOC552182	668	832	839	1232	1137	824	1255	1103	1068	1132	892
LOC100577579	58	108	120	205	148	127	132	167	207	126	186
LOC552227	1471	1475	1514	2121	2100	1607	1664	1814	1962	1996	1627
LOC726900	559	424	465	689	585	398	491	642	630	553	523
LOC409283	133	237	264	474	343	304	264	352	406	330	332
LOC551466	286	413	460	704	468	385	423	535	536	426	513
LOC727257	352	359	330	564	479	358	395	426	535	475	470
LOC552720	4430	4335	4231	5850	5798	4712	5131	5865	5726	5788	4580
LOC412676	245	387	317	557	450	328	395	506	634	446	410
LOC412268	347	463	366	706	508	504	516	578	684	539	564
LOC413815	318	278	350	490	425	378	365	347	509	378	413
PHRF1	1683	677	1182	1628	1243	735	898	982	1220	1034	1074
LOC551867	2532	2280	2069	2778	2711	2161	2287	2916	2360	2921	2125
LOC551519	826	1351	1296	2177	2017	1541	1807	2060	2020	1850	1709
LOC100577094	455	523	489	702	621	492	562	669	662	685	548
LOC725529	133	248	155	320	260	179	168	190	214	232	196
LOC724831	173	195	184	294	264	155	175	222	277	197	167
LOC102653815	609	706	668	947	810	647	792	668	1012	707	748
LOC412245	245	287	342	522	457	422	442	475	584	464	422
LOC409796	1652	1701	1517	2217	2214	1607	1795	2095	1928	2024	1624
LOC413757	125	156	147	256	152	113	160	139	197	152	159
LOC113218560	2810	2868	2826	4164	3754	2899	3190	3681	3657	3667	3118
Mir3759	217	801	615	163	134	353	462	330	154	525	125
LOC107965828	37	19	26	4	11	20	22	8	12	10	17
LOC725409	316	321	268	460	377	300	291	331	345	379	289
LOC100578534	451	352	364	422	418	297	360	431	368	389	320
LOC725337	997	1122	931	1463	1277	1029	1186	1240	1258	1334	1034
LOC725303	376	372	367	508	521	406	469	485	525	504	444
LOC725267	144	118	115	167	159	133	106	155	178	146	138
LOC414011	275	323	359	615	441	388	440	557	538	490	472
LOC725098	404	656	587	826	786	577	646	701	789	688	646
LOC113218814	5	7	7	11	5	7	11	4	8	5	6
LOC552402	302	281	362	581	426	353	380	419	575	410	368
LOC726916	261	281	298	486	320	311	310	379	460	328	423
LOC100576349	1	14	8	20	11	8	5	6	13	7	11
LOC551550	1043	1185	1162	1723	1420	1113	1261	1458	1508	1305	1346
LOC551520	655	879	900	1253	1049	961	1016	1113	1324	1204	1115
LOC100576378	248	307	224	364	383	298	324	367	383	383	354
LOC726058	1694	1715	1785	2789	2258	1624	1827	1970	2120	2053	1827
LOC726501	658	738	734	933	805	707	842	899	988	877	712
LOC552572	1381	1684	1382	2262	2063	1559	1702	2162	2007	1854	1662
LOC409581	428	610	636	1081	828	764	775	829	1134	823	783
LOC552566	204	571	559	1216	963	755	800	999	1244	893	893
LOC100576886	1	6	1	14	15	7	5	8	6	9	5
LOC113218767	88	66	60	89	86	70	80	112	106	90	76
LOC727141	212	377	423	699	478	417	411	514	711	514	448
LOC100576155	699	768	747	1139	923	750	769	974	1107	936	916
Chmp1	540	661	655	1107	898	743	663	902	941	833	843
LOC727432	405	374	292	509	522	429	406	548	546	468	506
LOC413809	211	289	301	424	438	344	353	389	482	321	405
LOC727639	250	338	317	531	333	335	368	374	402	349	336
LOC551782	179	304	266	400	418	313	384	393	406	403	310
LOC113218783	0	2	5	2	4	1	1	3	8	7	1
LOC727022	172	170	172	293	196	169	232	201	229	236	191
LOC551464	339	396	459	626	527	467	439	456	606	487	512
LOC727035	5	6	9	15	7	15	5	6	13	9	6
LOC551929	66	49	37	72	40	44	59	34	65	44	39
LOC551956	1106	1111	1113	1565	1479	1076	1253	1520	1549	1399	1203
LOC726806	491	532	457	640	525	443	557	549	644	556	496
LOC411919	46	66	107	147	120	109	125	150	157	97	120
LOC113218780	13	18	12	16	20	17	19	8	10	27	11
LOC412443	463	353	396	465	423	349	372	406	432	467	360
LOC412442	180	178	175	269	240	149	142	220	188	207	183
LOC102655142	5	12	2	1	2	2	2	1	4	4	10
LOC113218779	52	54	76	114	71	74	52	73	97	69	87
LOC550886	5420	8058	7672	13196	10327	8109	11513	10336	11805	10601	9659
LOC408822	797	616	677	894	893	622	943	682	755	637	701
LOC411058	540	425	539	692	633	455	628	659	641	637	517
LOC411059	196	266	221	294	270	194	231	248	232	237	237
LOC411060	31	123	127	241	142	116	117	180	243	125	156
LOC724513	166	215	204	289	222	196	154	248	261	236	199
LOC724560	99	116	135	153	117	106	187	137	132	175	127
LOC107964460	752	783	810	1232	1188	904	1185	1161	1244	1027	1017
LOC724450	1362	924	995	1691	1448	1012	1374	1233	1392	1280	1360
LOC102655134	4	2	5	3	3	2	0	4	3	0	4
LOC102655600	137	168	152	272	189	150	248	214	230	197	200
LOC102655560	170	76	162	89	129	89	165	97	73	56	112
Mir3729	0	0	0	0	0	0	0	0	0	0	0
LOC102655495	0	0	1	0	0	1	0	0	1	2	2
LOC411809	121	83	103	184	70	99	70	89	55	74	101
LOC113218788	12	33	36	76	36	48	53	43	70	67	52
LOC412119	959	1132	1203	1496	1385	1183	1393	1253	1490	1539	1101
LOC727156	213	247	231	340	239	224	270	292	337	306	265
LOC725492	607	882	893	1574	1209	988	1084	1190	1525	1206	1188
LOC409414	835	1097	1350	2204	1594	1257	1266	1544	1947	1533	1712
LOC100576359	230	222	257	418	246	235	291	353	317	292	254
LOC113218817	0	0	0	0	0	0	0	0	0	0	0
Nrx-1	43	69	80	103	63	77	71	59	73	71	59
LOC406145	6	4	4	6	1	6	0	2	3	4	5
LOC102655788	3	2	0	5	4	1	4	1	13	1	0
TRNAS-CGA_1	0	0	0	0	0	0	0	0	0	0	0
LOC107964467	4	3	12	5	1	4	14	13	1	3	0
LOC724385	721	1281	1253	1971	1411	1193	1697	1410	1929	1516	1343
LOC724431	79	158	125	255	166	199	192	183	297	212	164
LOC102656134	129	185	209	333	350	239	314	298	415	293	338
CSP3	91210	80654	86411	114380	139711	99514	113755	145502	107046	161854	104914
LOC724561	274	252	244	324	488	389	491	492	344	486	339
CSP4	2159	2312	2071	3327	2545	2177	2133	2099	2597	2022	2238
LOC102656275	14	8	20	18	20	10	7	14	12	13	12
LOC100576449	120	184	130	189	169	143	159	170	158	179	141
LOC102653851	8	17	13	21	13	11	15	8	15	1	16
LOC551982	279	601	666	1413	930	768	768	988	1470	869	982
LOC725093	137	151	165	253	198	177	227	200	289	188	233
LOC107964483	7	10	17	17	5	12	16	14	24	5	9
LOC551459	486	662	680	1124	889	638	835	849	895	818	812
TRNAC-GCA	0	0	0	0	0	0	0	0	0	0	0
LOC409678	831	2089	1831	3320	2801	2351	3653	3178	3543	2756	2461
LOC411507	440	754	852	1234	1048	992	978	953	1210	869	800
LOC102656901	84	70	40	90	67	52	45	77	55	69	56
LOC724891	435	572	515	715	561	451	506	691	616	555	542
LOC413929	602	703	594	995	860	695	883	895	951	775	787
LOC413930	291	355	387	514	389	371	362	399	479	372	385
LOC102656657	178	136	195	284	279	146	196	211	213	184	178
LOC410128	773	746	694	1052	891	767	824	1004	934	913	715
LOC113218789	259	266	342	351	387	274	265	345	318	347	234
LOC724742	277	438	507	873	600	508	504	634	734	551	569
LOC550749	144	230	247	324	271	225	223	287	323	285	261
LOC113218770	1	11	18	6	12	3	14	6	9	7	8
LOC100576603	295	300	339	510	420	363	387	390	425	301	350
LOC107964518	30	10	19	10	18	20	16	18	16	13	20
LOC113218776	20	2	4	2	2	1	7	3	3	1	3
LOC725074	5892	4249	3704	5010	4207	3265	3566	4852	3150	4946	3394
LOC102656027	8	4	15	14	1	11	10	4	4	4	2
LOC406073	159	164	207	288	173	159	243	232	265	143	181
LOC102656140	4	8	1	3	11	6	9	2	3	8	6
Dsx	1422	1323	1340	2074	2100	1476	2105	1992	2275	2193	1824
LOC102656230	5	6	10	13	6	13	7	13	18	8	22
LOC725210	127	106	84	133	155	95	135	132	127	129	95
LOC409063	29	48	53	48	27	43	32	60	30	62	33
LOC725255	113	50	59	53	111	40	83	68	49	40	61
LOC412859	258	395	358	463	481	319	481	427	440	282	312
LOC113218804	3	0	3	0	1	0	0	1	0	0	0
LOC102655943	1	0	4	0	0	0	1	0	0	3	2
LOC107964417	8	8	9	2	16	3	9	5	5	2	6
LOC412858	120	173	164	123	173	159	164	169	178	169	125
LOC550965	142	136	51	67	115	104	122	135	158	130	93
LOC113218796	124	194	79	136	217	216	209	199	206	199	162
LOC100577683	4724	4379	4228	5753	5090	4392	5514	5469	5633	5521	4442
LOC724515	13	10	16	7	12	3	8	7	2	3	9
LOC113218792	4	0	4	0	0	3	2	0	0	1	1
LOC102656245	14	6	12	4	6	0	14	1	10	9	4
LOC408824	121	112	147	122	128	87	142	135	127	108	96
LOC113218793	267	308	285	487	361	361	431	376	458	323	371
LOC113218795	3	11	20	19	8	4	4	18	12	9	13
LOC113218794	11	23	18	19	18	12	21	11	18	19	10
LOC107964462	0	0	0	0	0	0	0	0	0	0	0
nAChRa8	297	358	328	453	425	255	360	366	409	352	331
LOC551174	106	183	176	335	265	175	192	275	364	243	242
LOC551219	66	89	104	165	109	121	115	163	111	129	112
LOC409206	273	344	302	540	431	381	456	436	530	424	337
LOC724924	121	151	161	285	245	168	219	216	266	203	221
LOC413129	344	505	493	831	631	504	651	609	707	643	624
LOC409782	1204	935	1082	1570	1345	989	1248	1220	1344	1093	1088
LOC413128	129	232	281	444	346	352	299	406	410	335	427
LOC409781	23	41	47	94	67	38	59	104	72	50	63
LOC100578822	63	45	78	46	37	34	74	83	64	77	53
LOC725127	86	79	49	91	90	64	78	114	103	85	64
LOC725211	618	594	639	929	751	496	643	742	747	696	653
LOC113218800	69	110	108	144	107	90	99	97	166	122	138
LOC409547	1156	1397	1406	2159	1910	1465	1777	1798	1987	1771	1773
LOC102654384	96	155	146	255	173	154	153	143	236	164	190
LOC411465	347	429	467	744	624	479	522	696	715	630	611
LOC412687	121	182	200	332	240	211	208	250	321	219	236
LOC107964404	466	660	595	1051	856	715	753	841	976	765	871
LOC727582	266	364	368	520	495	345	438	439	491	415	437
LOC100577231	27	17	38	36	16	26	37	36	52	20	37
LOC113218785	2	1	3	0	0	1	1	0	0	0	0
LOC113218786	0	0	5	0	0	0	1	3	0	0	0
LOC724168	0	1	0	1	2	0	3	3	3	2	0
LOC413020	40	59	80	128	85	86	70	110	155	63	61
LOC100578151	8	10	13	15	24	10	10	8	14	9	8
LOC413021	354	549	557	836	578	434	661	607	726	539	659
LOC102655278	21	8	14	12	2	14	10	9	22	14	15
LOC102655308	0	0	4	0	0	0	0	0	1	0	0
LOC113218801	91	102	115	164	106	85	88	109	192	115	130
LOC102655605	21	31	28	57	40	42	37	46	40	49	44
LOC551802	6	13	13	12	18	7	10	15	3	10	12
LOC100577000	713	575	646	831	841	644	686	743	759	786	621
LOC550673	125	172	206	313	197	182	160	234	258	182	193
LOC107964516	2	6	6	5	15	6	5	8	1	3	7
LOC412751	54	77	79	146	97	90	93	109	165	76	79
LOC551897	966	1144	1031	1604	1365	1250	1312	1140	1570	1193	1171
LOC413527	42	45	45	44	54	40	54	38	47	49	50
LOC100577974	35	45	50	38	60	58	84	53	50	42	48
Mir9876	0	1	0	1	0	0	2	1	0	1	4
LOC102656371	21	5	8	7	5	9	7	5	2	6	5
LOC551993	580	664	749	994	962	726	651	866	901	813	748
LOC552023	106	108	121	235	128	129	131	160	210	157	148
LOC113218782	0	0	0	0	0	0	0	0	0	1	0
LOC411481	68	196	203	389	286	261	253	297	353	269	289
LOC411062	110	345	402	598	482	408	486	590	515	487	475
LOC552102	345	260	335	398	472	320	307	377	355	359	309
LOC724925	261	317	359	472	374	338	377	352	424	396	350
LOC100577896	72	89	74	112	103	104	139	126	119	75	95
LOC725015	153	387	363	707	450	480	483	564	832	501	588
LOC411065	78	71	70	117	101	67	151	109	92	94	93
LOC552195	2229	1812	1667	2627	2664	2033	2955	2639	2801	2449	2225
LOC102654399	16	21	23	19	24	14	28	29	39	14	17
LOC725170	397	291	291	358	365	324	408	389	335	377	304
LOC725212	107	173	139	245	192	148	128	175	212	166	161
LOC724868	2011	2449	2395	3349	3025	2214	2487	2925	2405	2916	2315
LOC411068	407	716	626	1411	940	803	875	980	1190	880	887
LOC411069	1008	1212	1223	1706	1642	1231	1631	1634	1452	1591	1330
LOC411070	225	374	361	695	484	362	406	467	581	474	411
LOC725361	50	67	56	93	109	49	94	94	91	84	71
LOC411071	1984	2289	1779	3175	3436	2613	3290	3799	3557	3483	2898
LOC411072	120	195	161	274	270	211	264	170	228	193	221
LOC411073	79	157	165	237	156	157	184	159	225	153	191
LOC725146	749	910	866	1280	1142	931	974	1153	1106	1116	950
LOC100578810	219	89	101	55	57	59	135	51	87	94	74
LOC408826	171	301	334	625	394	330	437	456	526	377	358
LOC100578741	15	12	9	33	27	12	38	21	8	18	187
LOC107964428	40	39	26	44	49	27	47	36	24	23	40
LOC102656628	1	5	5	5	9	1	10	6	11	10	7
LOC408827	4120	5177	4717	7928	7843	6342	7360	8374	9203	7267	7071
LOC102656568	10	12	10	14	15	9	11	7	17	12	12
LOC102655751	176	220	235	371	321	239	290	308	425	256	280
LOC408828	19	32	49	70	50	38	51	41	88	41	40
LOC725732	445	1346	1309	2353	2182	1796	2836	2836	2508	2229	2082
LOC411076	518	485	442	537	589	460	666	627	505	615	499
LOC102656326	36	23	29	40	32	23	36	17	34	27	14
LOC107964419	174	273	234	338	282	239	286	325	310	286	328
LOC552486	1509	1301	1012	1343	1464	1271	1343	1456	1572	1585	1350
LOC100577584	100	79	75	68	117	97	121	70	72	68	63
LOC408830	1016	1865	1977	4360	4483	3182	2963	3347	3852	2813	2460
LOC411077	369	283	283	458	388	323	352	421	358	400	297
LOC102656199	98	89	116	122	90	91	112	119	115	96	111
LOC412381	331	363	393	589	482	357	457	487	526	431	377
LOC412382	155	374	331	524	409	307	465	480	562	462	418
LOC100579049	1105	1580	1438	2425	2003	1632	1723	1892	2329	1770	1683
LOC726047	7	11	11	16	14	9	16	12	24	20	16
LOC409167	15862	22548	22394	35800	28998	22606	28420	30273	30280	26577	24901
LOC100188940	1027	1156	1123	1639	1500	1225	1380	1383	1540	1381	1318
LOC413365	118	216	200	362	253	220	284	255	334	239	248
LOC113218775	86	37	63	72	68	45	53	46	70	39	48
LOC411078	221	141	204	187	186	140	189	158	177	151	137
LOC102654898	2	9	3	0	1	0	0	2	0	0	1
LOC100578984	489	680	621	923	952	946	980	994	1097	955	902
LOC102654649	42	75	67	91	75	64	55	66	67	87	66
LOC726284	2175	1562	1593	2030	1888	1510	2236	1689	1807	1554	1649
LOC100578665	250	292	348	450	358	332	477	408	365	302	302
LOC411079	382	224	292	308	286	195	379	255	286	246	237
Mir9866	0	0	9	2	0	1	0	3	0	1	3
LOC113218552	59	61	80	98	76	59	117	93	69	61	46
LOC113218797	41	63	42	141	87	58	101	86	92	91	91
LOC102653921	364	282	243	369	354	284	356	328	302	316	297
LOC552672	17	11	23	18	23	14	16	28	25	21	24
LOC411080	56	109	87	177	100	111	118	114	155	132	109
LOC552691	78	155	160	281	188	132	211	187	151	166	152
LOC412408	169	246	251	425	317	315	324	296	366	340	303
LOC726439	5819	5745	5382	7561	7051	5277	6264	6992	5466	6993	5287
LOC413705	36	51	34	40	56	58	35	40	52	41	63
LOC726480	291	319	324	406	445	293	301	467	358	393	266
LOC414043	201	258	304	381	292	297	256	270	414	322	276
LOC100577410	5	8	17	20	12	11	16	9	14	8	17
LOC726551	153	237	149	225	166	120	184	149	231	224	167
LOC113218807	13	10	6	15	8	7	27	12	13	20	11
LOC726568	117	214	166	330	260	218	197	271	334	190	261
LOC412293	154	306	337	508	420	287	299	405	406	294	359
LOC409254	792	902	902	1297	1226	863	951	1078	1166	1012	930
LOC411892	917	1379	1423	2298	1881	1697	1793	1882	2591	1931	1895
LOC552740	493	537	666	833	701	545	588	702	693	626	613
LOC552748	152	167	140	193	172	147	174	194	198	193	149
LOC726653	321	289	264	418	398	219	299	399	382	387	257
LOC409047	139	144	123	211	163	141	168	193	163	167	133
LOC552764	416	570	617	979	745	686	712	867	968	694	878
LOC411981	1861	1701	1951	2922	2430	1808	2422	2319	2444	2199	2362
LOC100578215	23	43	62	107	57	43	76	72	81	57	63
LOC552771	58	39	55	77	77	70	111	120	87	108	85
LOC409882	5797	5386	5769	7943	7864	5119	7468	7669	7313	7167	6347
Mir9888	4	32	28	59	23	19	49	34	44	15	28
LOC100578444	2	10	4	8	8	2	7	11	4	6	8
LOC100576657	461	611	479	854	576	433	545	697	763	491	664
LOC724169	116	232	252	572	463	368	443	460	616	326	649
LOC408831	1364	1300	1355	1752	1812	1548	1676	1885	1737	1813	1690
LOC102655139	14	4	16	20	7	8	10	7	18	10	6
LOC551397	408	405	346	446	437	278	341	401	339	415	327
LOC411081	235	337	332	525	337	310	308	350	456	342	348
LOC724348	72	44	54	39	43	41	43	48	44	49	38
LOC107964473	10	7	14	15	7	6	2	7	3	8	5
LOC724386	40	52	40	50	58	41	39	46	59	66	47
LOC107964422	28	51	44	108	45	36	57	60	64	48	39
LOC411083	61004	57365	63508	87236	87224	56896	71750	75625	79481	74173	67316
Mir6044	2	0	1	0	0	0	0	2	0	0	0
LOC113218806	14	8	17	15	7	10	7	11	8	5	1
LOC724432	6695	9107	9522	13239	12099	9995	10900	10891	12519	10021	10036
LOC102655904	2736	2745	2627	3557	3507	3129	3772	3507	3612	3442	3083
Mir317	2	1	0	1	0	2	0	0	0	1	1
LOC107964423	1	2	4	4	3	7	2	0	2	6	3
Mir277	28	26	23	22	29	12	36	22	20	37	28
Mir3730	40	41	27	37	48	28	49	67	63	60	36
Mir34	9	10	12	26	14	10	12	14	8	14	19
LOC551480	280	312	276	417	399	377	337	330	394	399	312
LOC413691	45	62	68	89	49	41	58	54	57	50	65
LOC413690	152	208	209	311	266	212	260	261	272	251	240
LOC410030	601	692	647	1067	899	718	766	913	922	812	714
LOC724563	289	530	433	684	524	510	719	699	652	562	450
LOC724607	22	17	32	25	16	11	7	16	10	3	3
LOC413171	396	419	402	582	499	412	402	572	566	413	361
Mir3731	0	0	0	0	0	0	0	0	0	0	0
LOC102656705	52	63	43	48	84	68	63	61	77	55	62
LOC413170	409	791	726	1310	1153	881	1106	1120	1449	1191	1015
LOC413169	1056	1279	1196	1735	1711	1372	1613	1560	1756	1452	1472
LOC113218799	0	0	0	0	0	0	0	0	0	0	0
LOC551830	123	263	270	483	337	276	317	410	613	355	354
LOC100577396	9	17	21	17	15	7	36	24	17	14	10
LOC413366	305	168	232	203	283	193	306	197	211	199	163
LOC107964513	22	18	12	12	17	9	19	26	16	19	11
LOC551776	89	40	76	31	32	33	94	29	33	55	44
LOC113218790	11	1	4	4	1	1	22	4	10	13	9
LOC551747	54	117	100	190	133	103	161	142	187	99	144
LOC102654197	92	89	93	103	110	68	128	114	85	103	77
LOC726260	954	1074	966	1386	934	744	1054	959	998	961	775
LOC100578651	22	35	33	51	49	25	61	48	41	23	34
LOC726318	2432	4082	4287	6724	6053	5213	7064	6572	6807	6004	6652
IF-2mt	891	1147	1012	1472	1247	913	1160	1311	1237	1164	1054
LOC409334	872	907	958	1437	1189	967	1168	1130	1368	1185	1153
LOC725477	666	1144	1016	1443	1245	1168	1107	1239	1677	1254	1154
LOC410109	161	266	304	472	333	280	321	336	398	353	328
LOC725568	126	120	165	254	196	192	171	217	187	177	186
LOC409456	600	558	710	1279	848	582	674	732	994	765	788
LOC725362	423	441	429	686	574	511	548	549	664	554	609
LOC552574	1098	1049	1025	1364	1296	1121	1237	1274	1453	1408	1068
LOC102654987	2110	2386	2518	3990	3453	3020	3085	3693	3848	3395	3182
LOC725298	441	587	628	859	737	620	645	736	850	696	730
LOC100578191	262	192	217	289	238	182	164	267	222	265	238
LOC552536	901	1261	1421	2299	1514	1393	1450	1616	2193	1658	1659
LOC725171	563	531	527	651	560	415	492	587	567	563	514
LOC100578864	237	274	320	400	362	294	341	365	463	327	390
LOC413548	541	762	865	1277	1018	852	1020	1092	1313	1078	946
LOC100578046	331	402	301	605	655	408	544	602	535	633	469
LOC102655112	326	368	340	647	475	408	410	503	609	457	447
LOC413439	115	181	154	297	225	132	154	211	213	162	160
LOC102655240	70	78	44	100	80	51	80	62	124	75	64
LOC724974	550	522	593	731	775	656	567	628	758	717	578
LOC725147	585	515	453	613	571	406	381	641	461	740	356
LOC552441	183	222	178	207	200	145	174	191	179	205	121
LOC409382	1133	1682	1691	3001	2391	1942	2555	2315	3030	2110	2249
LOC100578355	266	361	301	393	329	295	341	386	394	366	292
LOC724856	261	223	254	369	305	290	319	334	370	346	296
STT3B	1001	1655	1418	2504	1810	1616	1926	1996	2220	1882	1778
LOC725795	74	176	198	391	261	193	273	248	414	279	241
LOC100577967	187	279	266	501	347	285	346	356	545	379	441
LOC725866	420	408	421	556	429	350	452	469	545	520	389
LOC725898	177	196	184	255	285	185	172	218	278	264	207
LOC411085	298	262	314	433	385	292	344	399	317	414	328
LOC100576584	25	16	17	12	20	17	44	16	16	14	17
LOC411086	169	112	160	213	131	108	206	172	148	179	116
Mir6004	0	0	0	0	0	2	0	0	3	1	0
LOC100577015	159	224	190	231	154	145	203	204	173	239	147
LOC107964493	5	15	21	19	13	2	7	28	1	5	3
LOC408833	562	578	534	813	663	537	561	655	658	657	474
LOC408834	111	148	157	167	208	168	201	197	192	165	165
LOC552079	383	340	376	610	420	396	565	496	570	458	436
LOC100577164	134	146	167	197	152	151	186	195	146	160	134
LOC552103	74	98	78	108	114	75	101	124	113	85	96
LOC412969	1	4	0	2	1	0	3	4	5	1	1
LOC107964495	0	0	4	9	1	1	4	1	0	0	2
LOC412968	150	339	325	610	306	295	404	435	462	350	389
LOC726269	2483	2399	2155	3208	2377	2116	2142	2395	3029	2493	2289
LOC412966	862	621	726	852	845	667	759	779	760	746	732
LOC412965	354	514	553	892	637	568	539	635	900	558	578
LOC409698	429	507	475	635	612	570	553	622	657	585	552
LOC726255	250	269	255	459	393	278	251	369	401	304	291
LOC413542	962	1108	1113	1477	1210	1029	1159	1169	1374	1298	1147
LOC726309	16	7	31	24	29	28	30	37	33	21	21
LOC113218784	1	1	0	5	8	1	2	2	2	1	0
LOC409818	7102	4913	5719	8092	8431	5818	7572	7579	8011	7056	7013
LOC552357	59	130	119	197	165	148	190	122	187	157	147
LOC102653596	8	9	17	21	15	9	12	5	6	7	19
LOC552381	548	866	829	1331	955	782	823	1052	986	919	857
LOC409819	376	521	505	694	642	489	541	636	663	639	550
LOC551258	721	956	932	1705	1392	1105	1161	1400	1608	1297	1371
LOC552413	259	301	300	436	304	260	328	363	336	383	294
LOC102654054	0	1	0	0	3	0	0	0	0	0	1
LOC411088	131	238	245	427	297	251	282	337	366	287	306
LOC410165	3419	3086	3640	4963	4477	3466	4339	4227	4815	4196	4094
LOC113218772	30	31	46	61	48	34	27	69	56	53	37
LOC414033	583	673	541	731	806	602	714	756	718	884	595
LOC414032	35	61	48	107	88	77	67	52	105	72	73
LOC102654470	14	17	14	22	24	20	21	11	13	17	18
LOC100578106	184	319	263	465	256	275	281	309	393	283	309
LOC551526	77	207	207	360	296	203	230	300	343	279	204
LOC727113	159	198	191	372	272	206	202	270	385	230	275
LOC551578	298	369	395	513	385	302	337	364	444	360	386
LOC551619	436	523	515	750	657	476	595	654	887	591	578
LOC102655168	7	7	14	10	23	9	10	8	13	18	13
LOC102655563	23	8	21	33	31	16	19	27	22	32	25
LOC551548	337	872	771	1229	858	711	1061	941	1210	1036	951
LOC107964398	8	13	9	20	10	15	16	14	41	8	22
LOC100576165	23	29	24	41	31	14	33	37	27	25	33
LOC726107	232	250	291	359	313	258	231	293	314	334	250
LOC100576759	140	278	274	504	303	309	351	384	407	389	368
LOC100576216	132	184	199	270	207	157	182	215	279	211	203
LOC551692	51	104	114	156	122	96	130	134	162	143	149
LOC113218791	17	25	14	35	20	22	20	28	34	20	26
LOC724306	520	465	441	660	547	476	520	567	617	613	519
LOC724349	478	439	484	708	605	457	504	526	632	599	523
LOC408835	1553	1243	1163	1826	1735	1323	1497	1548	1573	1360	1329
LOC724433	3188	3935	4173	7428	6817	5455	6429	5630	6905	4921	5280
LOC100576196	171	398	381	469	371	344	539	467	485	445	387
LOC411095	219	273	295	406	296	266	317	382	344	326	352
LOC724369	5679	5815	5506	7180	7144	4869	5268	6720	5370	6484	4838
LOC113218815	0	0	0	0	0	0	0	0	0	0	0
LOC411093	173	218	186	218	306	225	362	311	241	295	285
LOC408836	1334	1779	1606	2966	2718	2484	2756	2735	3151	2656	2536
LOC724700	495	451	462	679	504	444	523	593	551	490	477
LOC411091	407	485	461	824	521	375	473	630	577	541	449
LOC411090	222	234	228	365	280	202	249	255	292	234	261
LOC100576129	852	688	590	784	918	697	1012	775	882	818	831
Mir9869	0	0	0	3	0	0	1	0	0	0	0
Mir6064	0	0	0	0	0	0	0	0	0	0	0
LOC409058	13	20	32	20	24	15	13	24	14	14	9
LOC552523	23	50	36	42	47	30	55	37	64	36	30
LOC552512	208	400	349	554	500	418	488	566	495	451	417
LOC100577955	518	733	703	881	907	906	775	789	990	784	843
LOC411419	317	444	437	574	568	411	514	488	548	505	434
LOC409333	60	91	103	158	159	109	128	148	153	136	155
LOC412059	183	209	279	381	327	264	294	266	449	296	315
LOC107964499	2828	2490	2575	3534	2974	2294	3396	3372	3028	2961	2878
LOC413370	343	631	671	1118	853	665	888	905	1120	830	827
LOC552449	352	387	362	458	333	330	311	366	394	394	374
LOC725478	144	188	201	260	239	194	214	233	193	227	213
LOC412445	1770	1736	1823	2471	2226	1834	2050	2350	2375	2389	1830
LOC725550	2168	3475	3398	5189	4631	3702	4639	4744	5301	4877	4276
LOC552382	123	247	244	579	322	280	328	373	488	318	300
LOC725628	62	59	78	149	81	69	79	129	109	89	58
LOC412378	627	1078	874	1454	1255	1008	1166	1201	1288	1086	1162
LOC100577803	132	94	74	162	88	82	149	112	106	127	76
LOC725704	338	521	427	665	548	427	609	532	684	559	479
LOC113218771	0	2	0	1	1	5	3	0	1	2	0
LOC725733	383	335	367	508	395	356	386	367	447	419	358
LOC552323	457	412	352	548	478	382	411	486	428	433	383
LOC413766	218	346	394	601	401	421	462	494	527	479	390
LOC100577237	250	380	389	565	490	405	372	460	724	412	398
LOC725796	254	242	321	415	329	230	369	347	322	348	305
LOC725834	59	127	167	270	190	176	169	223	303	195	199
LOC413763	230	340	329	589	374	341	354	450	523	376	477
LOC552196	238	310	272	414	316	275	314	330	429	317	270
LOC413762	1555	1651	1625	2278	2033	1648	1670	2032	1937	2019	1638
LOC725934	722	958	888	1431	1048	1034	990	1227	1209	1133	1079
LOC412543	5443	6982	6646	9574	7352	5799	7058	7545	8030	7744	6792
LOC412707	77	127	161	376	208	194	205	202	288	223	225
LOC100576794	304	260	237	368	259	214	256	293	305	264	235
LOC100576826	194	396	355	627	391	401	429	417	466	385	430
LOC100576859	898	1264	1248	2054	1588	1389	1314	1396	1868	1477	1372
LOC410056	350	628	631	1063	826	681	759	876	1017	750	769
LOC100576667	743	1321	1309	2291	1643	1515	1676	1840	2230	1672	1678
LOC413451	67	132	147	156	156	149	131	156	182	167	151
LOC551927	331	377	438	650	536	440	452	475	614	468	455
LOC551903	556	1004	947	1347	1069	904	1056	1303	1242	1161	968
LOC727450	261	351	319	496	397	315	414	358	452	396	412
LOC412593	844	1108	998	1550	1336	1177	1244	1352	1700	1332	1379
LOC102656249	77	135	179	227	229	192	188	255	235	175	233
LOC726074	99	143	108	185	151	137	109	122	166	171	134
LOC100576413	829	1535	1469	2029	1727	1346	1696	1639	2078	1749	1635
LOC409155	720	1409	1361	2239	1804	1529	1813	1774	2353	1721	1684
LOC551128	1741	1666	1654	2803	2460	2053	2205	2624	2560	2304	2088
LOC726160	4	1	2	2	0	0	0	1	3	5	2
LOC552607	136	98	109	147	132	107	128	146	141	120	112
LOC411756	230	362	360	609	545	457	471	586	710	506	583
LOC726118	1653	1245	1319	1531	1621	1253	1229	1769	1591	2073	1305
LOC411757	289	326	353	475	420	272	321	383	442	372	347
LOC411758	2016	4104	3771	5390	5088	4366	5731	5596	5833	5215	4437
LOC100576101	386	642	599	914	730	598	785	685	897	693	678
LOC552659	211	254	267	401	321	279	257	330	348	375	298
LOC726310	617	800	832	1190	1017	770	904	877	1086	974	870
LOC726336	380	579	546	917	792	615	682	783	875	723	746
LOC413318	1598	2605	2289	3771	2772	2577	3060	3167	3185	2683	2728
H	362	621	615	1102	789	700	843	841	1011	787	700
LOC113218765	70	66	55	86	67	53	36	79	74	60	55
LOC726397	78	96	77	145	111	89	94	88	119	132	123
LOC409866	841	827	897	1420	1126	912	1072	1216	1267	1060	1091
LOC409867	59	118	157	264	175	135	142	178	201	141	132
LOC413319	15	31	24	28	31	25	38	30	36	33	46
LOC113218766	49	73	106	72	72	49	107	74	38	58	66
LOC100578718	40	51	57	73	62	76	58	61	73	73	69
LOC102654993	26	25	27	22	24	32	44	24	30	29	24
LOC726497	879	1302	1269	1990	1667	1381	1794	1679	2069	1542	1484
LOC411524	142	181	225	303	237	208	207	229	331	242	241
LOC726429	65	74	61	109	92	53	97	82	63	98	72
LOC726530	356	343	342	430	430	298	422	387	393	415	375
LOC411106	326	473	469	739	669	523	507	634	620	565	512
LOC411105	194	253	239	360	250	222	272	258	311	270	234
LOC408840	60	203	222	480	267	262	265	305	385	274	276
LOC102654429	45	58	70	76	43	38	79	64	47	45	59
LOC113218769	43	16	32	12	8	11	29	9	11	17	10
LOC100578440	8	5	6	9	8	6	12	13	5	5	6
LOC411104	215	145	157	82	139	83	198	134	112	124	118
LOC102653974	22	5	10	7	2	5	11	7	17	12	3
LOC102654030	1	0	11	3	0	8	4	4	5	1	5
LOC411103	877	910	844	1323	1168	1017	1049	1084	1058	1137	951
LOC411102	81	172	134	229	139	150	166	172	226	163	184
LOC726682	83	78	114	159	140	96	116	111	142	93	142
LOC100578123	0	1	1	1	0	6	2	5	7	3	0
LOC100578085	829	1037	965	1540	960	868	832	780	979	1038	1024
LOC107964414	0	4	1	1	3	1	7	0	1	4	7
LOC100578193	26	18	26	34	31	24	35	19	43	25	20
LOC408839	419	501	527	834	819	584	745	697	817	693	757
LOC100578156	470	455	389	671	1206	782	827	797	954	822	1570
LOC552780	153	137	153	222	204	181	185	245	159	258	164
LOC411100	491	630	617	872	742	584	735	653	802	841	657
LOC100577941	27	45	45	106	81	51	50	75	107	57	83
LOC411099	2943	2415	2460	3714	3349	2573	3548	3165	3337	3026	2993
LOC113218778	18	17	19	22	14	12	23	28	28	19	19
LOC102656501	138	344	428	802	559	497	607	681	737	519	605
LOC102656297	12	19	27	33	11	12	37	18	13	4	23
LOC100577717	24	48	56	50	26	38	44	39	16	50	38
LOC107964412	190	202	158	260	202	169	186	171	173	187	135
LOC726828	345	375	396	534	416	350	375	355	428	427	377
LOC408837	2812	3144	3318	4512	4082	3345	3394	4238	4319	3971	3387
LOC411828	195	302	329	562	399	338	397	415	548	365	405
LOC107964413	4	10	15	11	7	2	2	12	22	16	13
LOC552805	170	246	240	359	260	180	237	324	301	269	294
Coq7	359	667	620	968	804	670	655	945	883	820	666
LOC113218777	14	35	32	33	50	31	45	50	39	47	39
LOC107963997	432	447	478	643	564	457	563	539	554	561	444
LOC411829	57	229	238	453	224	241	280	276	362	263	311
LOC724524	125	152	204	269	179	183	196	224	268	185	174
LOC724133	114	181	138	187	190	158	152	187	148	150	104
LOC408841	93	305	300	516	419	317	371	339	516	265	343
LOC100577376	80	228	171	245	252	168	227	159	194	196	180
LOC100577335	323	373	363	593	621	429	494	501	702	424	446
LOC100577295	226	239	322	453	390	341	364	399	391	331	384
LOC724258	2	27	7	4	7	3	17	4	4	2	3
LOC724307	39	25	44	13	5	1	32	16	18	9	15
LOC408842	2634	2069	1852	2119	2124	1770	2496	2124	2003	2202	1872
LOC408843	659	718	712	953	925	735	891	863	905	870	835
LOC113218559	270	330	386	622	422	435	493	457	659	422	554
LOC411110	3	52	48	116	117	45	61	77	150	86	57
LOC113218811	551	796	817	1305	1123	944	958	964	1165	940	985
LOC100576965	121	142	216	298	263	196	268	269	250	174	274
LOC113218787	0	0	0	0	1	2	0	0	0	0	1
LOC102654740	7	8	6	14	2	8	10	4	2	2	4
LOC100579007	188	375	311	389	349	349	421	486	382	342	407
LOC100577042	109	110	92	132	126	112	154	137	93	111	112
Brd7	629	1149	1136	1899	1390	1240	1578	1542	1734	1355	1421
LOC411113	9602	8998	10599	16006	13317	9838	13006	11632	13277	11953	11598
LOC102654490	0	0	0	0	0	0	0	0	0	0	0
LOC724743	1033	1308	1219	1980	1717	1525	1646	1671	1911	1395	1473
LOC408844	3434	3506	3156	5587	6691	5457	6002	7294	6604	5771	7119
LOC107964408	117	78	74	49	75	55	95	41	48	58	61
LOC408845	484	1010	852	1453	1030	910	1420	1341	1337	1084	983
LOC408846	498	533	541	800	684	628	754	730	823	648	641
LOC408847	239	215	290	391	310	268	250	362	387	332	325
LOC100578865	38	121	125	157	141	88	150	130	164	102	121
LOC100576597	203	255	242	338	248	270	355	344	321	295	325
LOC102656464	536	568	515	577	611	567	689	610	805	719	576
LOC725128	4514	4698	4246	6143	5827	4980	6199	5711	5979	5635	4911
LOC102656265	26	23	38	38	28	28	29	34	38	32	22
LOC408848	704	1859	1793	3512	2409	1971	2381	2635	2882	2255	2310
LOC107964400	34	22	38	29	42	24	35	19	35	31	28
LOC102656021	551	758	688	1068	894	751	928	1017	984	940	793
LOC725299	31	36	25	73	43	33	35	55	42	55	37
LOC551854	131	227	242	487	309	256	295	415	410	302	342
LOC725363	236	258	297	440	284	274	290	311	384	298	304
LOC551758	94	234	227	420	245	223	267	256	326	254	303
LOC411657	50	59	54	62	24	20	50	44	39	41	61
LOC100578799	68	113	74	128	63	79	140	99	105	79	91
LOC725511	58	90	69	119	99	88	127	127	96	99	105
LOC412641	641	904	727	1296	1125	876	1016	1095	1246	928	900
LOC413001	425	721	711	1096	899	721	802	772	1038	842	753
LOC551890	1236	1854	1807	3232	2552	1982	2220	2455	3300	2082	2517
LOC100578733	13	24	24	28	36	18	27	21	34	27	25
LOC107964500	0	1	2	1	0	3	0	0	3	1	1
LOC551934	61	132	140	341	227	222	200	215	362	153	217
LOC727431	46	57	59	113	66	64	90	95	86	78	73
LOC113218812	6438	7333	7163	10186	14279	10512	10575	12903	12102	10223	9121
LOC409060	943	1139	1042	1417	1612	1030	1403	1442	1541	1530	1179
LOC727423	85	201	272	493	400	319	265	336	435	257	294
LOC727420	286	410	432	683	564	440	502	521	550	452	542
LOC727416	7	10	2	7	15	9	18	10	9	6	5
LOC102654715	122	123	143	210	193	164	129	168	218	158	152
LOC411603	363	347	329	479	406	350	385	369	385	385	358
LOC411604	177	256	242	387	310	260	301	386	361	332	349
LOC107964512	0	0	0	0	0	0	0	0	0	0	0
LOC100578746	63	58	66	58	47	46	57	62	69	58	47
LOC725867	213	188	146	293	184	155	198	219	263	162	165
LOC102654091	261	355	306	527	364	383	406	311	488	346	367
LOC725797	446	423	363	583	632	341	353	607	426	646	328
LOC102654186	12	54	46	119	98	68	67	92	129	84	94
LOC413935	303	259	329	614	535	390	361	478	458	438	484
LOC107964438	8	4	9	9	2	7	8	9	12	11	15
LOC552679	54	46	61	157	229	139	202	162	212	187	120
LOC100578566	23	13	14	38	36	29	24	37	40	36	29
LOC725569	952	1394	1338	2077	1847	1538	1735	1932	2144	1996	1623
LOC409444	464	777	741	1090	898	831	913	952	1180	897	921
LOC100578382	604	887	727	1355	1138	925	816	947	1253	1053	948
LOC107964437	251	289	267	425	301	274	237	335	372	377	258
LOC413966	189	302	179	422	304	284	288	279	362	306	314
LOC107964436	305	274	247	327	324	229	247	255	302	339	262
LOC726216	606	715	664	1048	841	657	854	794	979	809	724
LOC552236	243	297	234	373	338	301	307	300	384	324	292
LOC413926	136	212	218	354	252	237	258	326	378	286	286
LOC726139	671	586	589	941	755	648	672	708	699	703	684
LOC552198	180	279	282	518	398	341	326	363	424	356	312
LOC409510	300	428	446	681	551	454	401	479	560	447	388
LOC412531	91	124	107	145	156	136	149	190	187	120	158
Dcr-1	225	411	300	610	441	412	473	421	622	485	397
LOC552106	1157	1407	1327	1686	1862	1351	1568	1959	1671	1739	1438
LOC726002	343	578	572	984	691	620	738	676	992	787	750
LOC411631	609	1103	908	1579	1280	966	1375	1420	1438	1272	1163
LOC552025	480	509	471	661	636	482	569	630	577	607	498
LOC409686	657	1404	1290	2086	1501	1335	2091	1873	1834	1636	1406
LOC726101	58	196	221	434	307	227	275	261	418	172	224
LOC411115	5832	5117	4597	7127	6629	4774	7308	6795	6573	6551	5794
LOC100577702	265	222	237	301	282	247	253	271	259	318	207
LOC550966	173	293	315	460	427	311	319	412	428	443	372
LOC551919	1685	2565	2583	3678	3775	3113	3951	4040	4149	3682	3294
LOC408853	5505	6955	6760	12137	10752	9453	8998	10349	11765	8617	9615
LOC102655661	305	289	277	374	347	301	390	402	359	298	306
LOC726337	361	418	454	673	622	465	603	619	594	617	492
LOC408852	861	2564	2179	4175	3287	2796	4179	3682	3958	3325	3346
LOC102655148	395	290	227	236	277	177	255	290	195	355	187
LOC411114	12192	10230	10356	15152	13359	10076	13739	12470	12432	11457	11609
LOC408851	1643	2784	2722	4637	3365	2640	3054	3360	3793	3252	2970
LOC408850	1173	1753	1708	2986	2463	2011	2478	2480	3022	2454	2383
LOC409576	11	23	29	43	31	29	37	39	54	17	31
LOC411890	1041	1208	1190	1945	1611	1385	1547	1749	1957	1635	1587
LOC411891	243	403	323	562	413	388	466	560	666	464	448
LOC113218774	34	44	45	61	36	46	33	53	44	38	44
LOC100576817	28	43	64	96	74	76	56	62	99	71	67
LOC724388	148	142	118	188	157	138	150	145	192	198	165
LOC411385	967	1083	1051	1501	1325	1081	1161	1266	1278	1214	1166
LOC100576683	183	165	223	158	198	107	186	220	169	171	158
LOC409046	460	731	714	1091	868	827	870	874	1070	987	836
LOC102654567	126	157	125	257	215	193	210	222	245	209	221
LOC552299	120	279	243	439	303	275	314	312	521	382	394
LOC552324	862	1274	1237	1973	1468	1191	1274	1661	1643	1447	1341
LOC724701	235	350	372	658	467	415	515	504	677	548	505
LOC413711	751	726	749	1076	895	713	833	841	936	844	793
LOC552383	385	370	374	596	509	383	491	436	445	446	403
LOC100578298	430	462	523	713	640	568	549	515	786	590	636
LOC552430	89	140	110	268	204	146	136	187	308	220	206
LOC102654127	608	873	891	1514	1176	1024	1101	1281	1575	1222	1154
LOC552450	149	106	122	179	141	141	87	142	180	131	131
LOC412232	861	782	829	1306	1071	841	910	1056	1285	1041	1036
LOC724926	353	407	359	576	424	379	466	439	473	475	383
Mir279a	0	0	0	0	0	1	0	0	0	0	5
Mir996	0	0	0	0	3	0	0	2	0	0	0
Err	1985	1569	1692	2230	2195	1499	2215	1911	2016	2051	1659
LOC107964461	111	193	138	183	166	153	218	185	136	179	130
LOC100576277	87	309	260	533	318	269	419	471	341	289	322
LOC100578476	29	38	57	39	34	27	56	29	33	18	32
LOC411116	272	311	347	402	399	386	537	403	427	377	294
LOC551044	358	638	589	624	2536	575	1052	1125	806	954	840
LOC406081	346	987	2778	555	186	63	132	256	464	277	158
LOC725038	9903	8739	8552	11500	12498	10282	11078	11343	11444	11870	9552
LOC552513	312	259	250	370	459	388	409	338	462	358	322
LOC408857	61	88	77	66	77	67	100	101	67	73	83
LOC100576287	17	17	15	21	18	12	34	14	15	15	13
LOC113218773	1	3	1	5	7	3	0	3	2	1	2
LOC113218764	3	4	1	5	4	2	6	3	2	3	0
LOC725364	38	38	49	62	107	64	51	90	65	95	48
LOC107964006	57	34	38	60	46	43	19	49	34	47	37
LOC725148	868	1108	1108	1498	2239	1837	1889	1843	1783	1770	1456
LOC725435	141	233	302	453	291	299	344	371	438	375	358
LOC552559	158	118	121	167	169	109	138	212	139	180	136
LOC412286	2228	2187	2102	2707	2415	2152	2480	2417	2611	2534	2266
LOC413825	100	272	235	415	328	277	350	370	459	332	336
LOC411962	245	296	289	515	363	285	392	373	490	339	418
LOC413653	21	41	45	76	57	30	25	69	89	55	62
LOC412227	777	930	901	1415	1047	925	935	1193	1207	1237	1020
LOC727271	1438	1627	1727	2668	2307	1677	2054	2223	2728	2290	2122
LOC107964405	141	80	106	130	104	105	107	119	126	133	93
LOC551441	415	508	424	640	572	441	580	559	585	490	499
LOC409359	440	648	666	1224	898	733	744	848	1075	833	848
LOC725551	1408	2608	2444	4534	3207	2648	3333	3481	3892	2758	2889
LOC551831	442	584	552	861	742	567	656	713	703	663	594
LOC551855	322	394	358	482	493	342	441	411	459	443	376
LOC551877	1837	2132	2133	3518	2657	2270	2389	2626	3174	2483	2508
LOC411649	280	290	234	391	376	252	305	343	332	351	310
LOC551920	69	149	177	293	203	192	242	208	252	272	206
LOC107964510	174	81	75	91	92	79	124	72	75	83	106
LOC725760	45	62	64	57	32	59	50	56	63	69	64
LOC411647	584	662	663	891	617	523	623	610	754	686	666
LOC100577128	8	8	6	13	2	3	3	11	2	4	3
LOC409594	72	127	131	201	167	148	158	199	213	173	144
LOC725835	81	93	81	173	123	72	85	130	138	119	112
LOC725744	256	373	328	524	387	396	390	423	469	407	345
LOC725774	36	51	48	87	67	33	67	48	78	73	54
LOC100576559	355	310	240	314	346	228	295	310	295	303	300
LOC100576600	101	210	184	272	222	220	179	246	297	264	187
LOC412097	43	91	104	177	146	114	108	151	231	129	164
LOC725963	131	124	108	188	183	110	202	140	115	139	121
nAChRa3	406	344	437	564	476	361	379	457	518	421	398
TRNAN-GUU_1	0	2	1	0	0	3	0	5	0	3	0
LOC726025	318	346	374	524	478	413	367	451	530	430	466
LOC411122	760	1445	1316	2317	1842	1678	2135	2252	2411	1885	1925
LOC411121	222	317	297	545	435	341	368	425	455	408	381
LOC408860	740	675	740	876	918	807	755	830	806	920	799
LOC100576848	132	169	119	210	173	164	188	213	237	188	195
LOC726102	496	868	823	1465	1117	899	1330	1170	1594	1118	1093
LOC408859	853	1010	765	1426	1303	1121	1450	1488	1542	1370	1145
LOC408862	444	751	621	998	918	700	998	905	978	828	759
TRNAY-GUA_2	0	0	2	0	1	0	1	0	1	0	2
LOC102656631	67	55	69	52	79	54	77	59	64	36	59
LOC107964433	46	62	61	57	92	69	75	75	66	67	59
LOC107964432	7	9	8	17	6	9	5	8	11	5	3
LOC113218761	472	267	267	255	313	230	326	269	256	284	216
LOC100576404	927	1514	1353	2466	1900	1653	2208	1945	2359	1778	1696
LOC102654095	837	1152	1104	1478	1307	1122	1436	1394	1360	1021	1220
LOC408863	542	631	741	1282	1114	849	1169	1195	1216	972	1144
LOC411124	101	306	324	579	512	412	516	479	620	462	415
LOC102656927	0	0	0	0	0	0	0	0	0	0	0
LOC408864	862	885	920	1251	1615	1239	1479	1586	1601	1710	1249
LOC102653764	654	496	501	630	693	512	525	710	459	603	503
LOC726312	105	170	133	233	236	211	234	224	250	194	264
LOC412544	295	507	526	907	677	587	740	749	937	650	641
LOC113218759	217	195	169	200	265	175	145	203	175	195	175
LOC409153	300	361	353	565	476	363	458	507	507	442	430
LOC411664	178	326	370	716	531	415	437	483	833	371	435
LOC102656586	228	349	241	408	395	356	380	395	342	343	305
LOC552325	163	214	243	340	241	232	262	247	372	204	278
LOC100576346	101	252	344	502	375	327	306	356	565	386	348
LOC409043	844	1197	1183	1597	1843	1251	1384	1756	1791	1591	1190
LOC102656251	2	2	5	5	3	6	2	1	2	6	4
LOC411381	7	5	3	3	4	7	2	0	0	0	4
LOC102656120	0	0	0	1	0	0	0	0	2	0	0
LOC551314	1337	1894	2014	2924	2470	1992	2514	2355	2817	2475	2119
LOC724170	341	360	328	468	426	374	389	455	432	415	385
LOC724218	373	548	487	869	583	583	568	647	886	717	707
LOC552696	247	421	474	806	537	481	462	660	603	524	577
LOC552692	1394	1260	1087	1531	1438	1174	1373	1581	1480	1535	1264
LOC552684	1078	1392	1450	2300	1817	1454	2006	1947	1964	1837	1729
LOC552673	231	248	216	370	304	240	260	348	334	248	285
LOC410026	1401	1623	1470	2160	2126	1645	2068	2090	2231	1995	1669
LOC724474	423	462	453	700	534	401	469	478	541	466	506
LOC413686	353	423	345	564	487	359	407	597	474	464	366
LOC724564	131	163	153	215	217	190	205	273	302	169	162
LOC100578542	8	8	10	3	18	4	13	10	10	11	10
LOC724608	2	8	25	3	16	10	12	11	7	17	11
LOC724654	2	0	9	3	10	4	6	3	7	9	3
LOC413684	103	141	129	210	171	133	170	148	173	210	164
LOC724744	1176	1014	1108	1339	1514	928	1064	1366	1204	1432	1030
EF1a-F2	28003	29311	28223	45437	37561	31623	37583	38284	39921	36876	35372
LOC408865	224	186	214	228	216	226	324	219	234	159	194
LOC102655438	104	108	87	146	133	98	125	119	101	112	98
LOC100578576	154	96	126	161	199	167	244	125	203	151	171
LOC100578678	2483	2694	2596	3819	2905	2705	3227	3334	3191	2954	3145
LOC413063	212	354	396	546	436	371	410	580	629	493	520
LOC412303	118	170	170	341	218	146	200	230	349	197	221
LOC724927	615	939	873	1426	1276	1078	1090	1395	1537	1167	1235
LOC113218816	0	0	0	0	0	0	0	0	0	0	0
LOC552545	1206	1227	1217	1983	1795	1228	1589	1576	1771	1396	1455
LOC107964465	40	10	19	16	20	17	22	9	27	20	14
LOC409979	44	39	63	122	40	44	80	73	71	36	45
LOC413588	72	128	135	208	171	155	159	182	203	156	208
LOC412488	212	347	303	576	405	322	409	374	607	417	405
LOC412487	1099	1224	1218	1844	1175	1059	1083	1433	1496	1318	1552
LOC100579034	96	120	117	204	176	142	140	149	227	166	155
LOC726737	73	74	117	157	109	91	69	122	141	105	115
LOC726703	47	20	20	29	25	14	35	30	18	25	26
Acph-1	472	746	651	884	923	690	925	1071	1203	941	1041
LOC102654542	0	1	2	4	4	1	1	1	5	0	0
LOC725705	179	171	111	159	152	124	117	152	136	194	112
LOC413166	1	9	2	13	12	16	11	5	13	12	12
LOC552772	406	322	256	393	371	267	312	329	327	405	300
LOC413718	240	279	310	522	354	286	345	305	364	308	328
LOC552767	199	202	220	266	273	236	287	295	253	324	248
LOC725552	522	818	857	1394	1174	898	1167	1240	1291	1177	1014
LOC413807	241	337	299	528	381	320	325	375	463	407	399
LOC551369	3475	4637	4174	6113	7748	6129	5582	7494	6851	5881	5002
LOC551176	769	1105	1008	1539	2097	1451	1444	2160	1445	1580	1300
LOC725404	2531	2661	3068	4927	4661	3926	2926	3471	5162	3473	2446
LOC100578893	783	786	798	1049	1019	862	1075	996	1114	1071	885
LOC552741	434	372	346	489	445	321	358	453	462	569	382
LOC409141	2095	1995	1912	2729	2688	2162	2250	2403	2513	2680	2197
sGCbeta-3	132	84	81	117	77	86	109	61	108	77	104
LOC100576522	526	592	516	781	805	703	744	713	759	645	615
LOC102656864	54	50	43	81	62	68	67	68	53	77	47
LOC100576434	43	29	22	45	28	32	43	28	40	22	34
LOC100576207	5	4	6	12	12	6	9	6	8	3	13
LOC725215	25	22	68	28	8	9	13	10	18	9	11
LOC102656766	5	13	35	4	6	11	19	16	4	10	7
LOC100578835	173	428	355	600	418	351	390	543	525	464	452
LOC100577646	20	60	63	63	43	35	71	73	81	61	51
LOC100577107	64	97	124	133	72	93	105	149	108	111	108
LOC100577257	118	151	205	351	200	237	295	229	285	193	199
LOC100576966	40	68	95	160	94	75	90	124	114	109	111
LOC552439	321	372	370	625	530	421	475	523	560	475	404
LOC552420	308	407	345	570	445	410	466	534	483	531	418
LOC727246	2608	3113	2923	4285	3888	3327	3989	3821	4867	4048	3673
LOC100576908	12	62	68	175	101	78	125	125	148	89	131
LOC411627	195	223	205	339	214	214	264	255	360	262	233
LOC113218803	54	84	106	127	94	89	109	100	155	90	91
LOC552611	564	881	836	1357	1097	877	952	1152	1232	1073	988
LOC409207	923	724	803	1348	910	678	781	769	983	878	786
LOC102653584	24	35	23	32	34	29	26	39	28	28	22
LOC725798	10	10	20	27	16	10	27	21	13	22	17
LOC411545	414	720	761	1302	947	738	968	1064	1046	925	991
LOC552657	115	136	147	286	176	123	238	174	235	174	139
LOC725899	670	798	852	1298	1060	767	901	1106	1141	1052	921
LOC552782	358	483	453	761	561	541	639	616	683	515	524
LOC552786	451	631	694	1112	920	738	813	891	999	823	878
LOC552787	254	347	322	530	468	374	445	474	542	464	453
LOC411738	371	452	371	671	473	454	557	492	633	571	456
LOC113218802	647	593	598	669	788	632	783	905	742	789	715
LOC411739	289	307	277	408	492	339	350	349	319	339	400
LOC102654528	59	79	74	60	77	84	83	60	79	88	62
LOC726103	377	622	587	842	570	505	611	620	624	620	647
LOC552797	441	622	795	902	950	875	858	955	933	841	1111
LOC412580	24	70	57	135	80	86	73	108	126	91	109
LOC100578346	509	579	538	716	654	520	617	591	732	701	554
LOC552806	149	268	224	339	240	179	213	241	299	209	211
LOC409799	225	244	277	370	313	266	287	363	272	316	253
LOC113218808	604	504	489	769	743	626	639	750	820	734	683
LOC726286	754	1222	1124	1625	1287	944	1082	1145	1273	1188	1286
LOC552810	211	417	411	557	502	433	477	574	599	476	360
LOC412426	137	199	244	415	319	253	244	308	351	272	209
LOC408866	289	353	366	646	473	428	450	491	659	459	418
Ancr-1	63700	60487	56227	72363	77552	68350	90351	87668	89303	81356	75955
LOC102655090	171	325	396	574	473	422	445	510	447	446	437
LOC411125	398	424	408	553	522	460	525	583	580	514	438
LOC411126	1512	932	865	904	1076	894	1218	915	1121	915	878
LOC726552	708	795	735	1137	956	688	848	938	881	927	689
LOC102655217	124	111	103	153	136	103	107	139	92	131	120
LOC726569	898	795	824	1064	962	839	966	1019	866	1014	915
Tg	799	777	765	1009	740	688	837	712	927	710	605
LOC411133	992	1421	1236	1776	1774	1735	2307	1864	1773	1754	1605
LOC726654	1198	1733	1481	2390	2056	2173	2808	2255	2405	2087	1924
LOC411134	724	751	683	1081	974	697	810	916	988	859	838
LOC552831	820	660	738	1018	884	769	951	957	908	942	840
LOC410098	111	213	220	384	330	269	276	286	428	265	321
LOC726683	532	896	839	1502	1038	939	1149	1283	1356	1103	1050
LOC413870	254	443	511	889	660	539	666	669	829	579	661
LOC410097	914	1321	1171	1686	1431	1264	1484	1703	1792	1661	1400
LOC410096	1597	2439	2171	3182	2882	2302	3291	2978	3087	2942	2441
LOC410095	1782	2040	1830	3014	2973	2058	2388	3044	2586	2858	2207
LOC726894	654	584	540	793	848	637	663	745	848	771	626
LOC100578736	230	385	407	577	507	369	437	616	484	492	399
LOC408821	3286	3594	3351	5265	4017	3356	4673	4450	4360	4113	3708
LOC113218762	19	20	15	17	8	21	9	26	14	22	30
Cyp314a1	293	350	263	426	361	263	411	411	357	342	325
LOC113218763	16	24	24	21	29	24	13	23	14	23	23
LOC726776	62	98	121	135	134	79	121	112	121	112	96
LOC102656287	362	346	343	505	399	338	394	434	421	427	315
LOC412435	176	239	261	441	308	314	366	349	397	297	332
LOC552840	59	64	63	116	85	67	67	96	120	101	123
Imd	588	650	557	905	690	559	686	620	697	712	628
LOC107964403	9	7	14	21	17	18	15	22	22	12	14
LOC552842	114	130	135	209	175	134	148	214	176	186	138
LOC726841	947	1595	1331	2271	1918	1560	1827	1810	2156	1734	1640
LOC409729	11326	9546	9663	15744	11692	8468	14747	11791	12209	10773	10056
LOC409728	7055	6439	5790	7746	7737	5792	6456	7522	6389	7128	5770
LOC413014	3022	2847	2484	3355	3669	2708	2857	3535	2709	3523	2552
LOC726879	345	570	578	860	805	636	805	772	706	711	662
LOC409727	1058	2045	1792	3453	2405	1916	2733	2654	2761	2218	2178
LOC409726	275	416	429	683	638	515	630	665	663	578	560
LOC113218809	12	20	23	34	18	15	12	17	25	9	31
LOC726914	536	396	341	481	552	505	646	533	539	530	541
LOC102656709	18	17	21	21	27	16	23	20	22	10	29
LOC113218810	30	35	31	25	11	21	20	12	27	20	18
LOC413012	518	859	885	1775	1124	1098	1105	1176	1583	1187	1222
LOC409725	336	437	367	589	486	422	599	485	536	506	393
LOC409724	292	441	442	795	565	502	509	615	779	576	574
LOC726957	494	688	605	988	745	716	826	848	998	867	787
LOC413011	100	204	215	380	293	249	254	334	373	251	271
LOC552846	460	431	399	663	637	534	590	536	602	645	469
LOC412548	379	596	533	821	636	536	668	620	713	758	500
LOC412549	439	382	399	598	558	391	500	583	580	584	482
LOC412550	845	853	846	1425	1120	929	1131	1166	1191	1137	1037
LOC726990	21	44	12	37	15	26	12	17	13	15	14
LOC102653873	4	0	1	3	0	0	5	4	3	3	2
LOC726999	198	140	104	133	146	106	197	110	113	126	145
LOC113218768	0	0	0	0	1	0	1	0	1	0	0
Ndufs5	2504	2213	2197	3008	3113	2251	2032	2844	2585	2895	2196
LOC727009	195	223	229	364	295	213	235	259	293	251	241
LOC727014	330	425	341	598	528	369	434	490	431	438	433
LOC100578017	137	199	173	310	308	227	275	254	304	246	270
Qbp-1	226	285	244	346	364	265	305	308	369	291	261
LOC102654994	76	109	168	221	174	107	134	127	174	102	114
LOC412557	609	587	541	784	812	598	700	739	756	714	702
LOC102654379	259	222	258	391	284	262	283	311	334	247	273
LOC412468	1142	1695	1310	2313	1963	1594	2275	2141	2161	1944	1783
LOC409500	660	1070	1045	1498	1198	1135	1310	1381	1361	1187	1209
LOC113218872	4	23	8	13	4	13	10	8	16	11	10
LOC113218833	30	32	17	30	51	33	24	35	49	46	34
LOC100578680	1297	2578	2536	4628	2990	2642	3691	3240	4091	3203	3119
LOC102653843	61	64	80	111	100	96	78	80	76	76	75
LOC552301	5	4	13	4	6	7	7	3	11	7	12
LOC724826	279	433	447	765	563	521	639	577	742	532	549
LOC552115	3248	3157	3343	4531	3775	3214	3460	3731	4021	3918	3276
LOC552089	92	138	127	214	137	160	170	142	216	147	154
LOC552063	1363	2364	2270	3682	3186	2637	3181	3274	3740	3312	2869
LOC724666	501	460	524	778	625	548	548	592	781	660	587
LOC413154	31	78	48	86	58	56	57	68	81	76	61
LOC726620	1429	1421	1342	2076	1725	1301	1521	1881	1618	1574	1499
5-ht7	12	13	15	21	9	24	18	17	18	8	18
LOC412109	13	15	15	34	41	11	21	36	30	21	17
LOC724825	174	146	145	101	198	140	214	134	123	81	130
Abscam	23	45	84	38	45	27	45	70	45	33	46
LOC102655455	42	31	45	30	49	30	92	50	45	25	31
LOC413205	0	3	3	0	0	1	5	1	0	2	1
LOC413204	116	131	101	154	162	140	154	178	176	146	145
LOC411980	90	218	238	350	265	235	249	290	426	288	285
LOC409296	1777	1885	1774	2672	2345	1863	1903	2388	2291	2144	1995
LOC411609	271	400	327	513	382	362	440	442	452	416	420
LOC100578352	26	52	38	74	51	49	56	56	80	56	56
LOC413796	426	675	693	1030	848	630	732	835	897	763	775
LOC550869	142	236	193	250	283	197	248	227	227	204	224
LOC107964671	21	18	22	8	13	2	25	13	11	4	4
LOC726162	5	7	20	1	8	3	22	11	5	8	4
LOC408867	625	764	930	1426	1423	1109	1402	1500	1616	1443	1363
LOC113218881	8	6	25	34	19	10	20	33	46	30	22
LOC726290	640	824	758	944	926	825	985	1008	1078	1200	926
LOC107965838	146	176	169	224	200	128	162	158	189	200	118
LOC100578988	74	87	103	139	117	99	105	110	126	147	108
LOC552266	4141	3401	3118	4327	4126	2736	3159	3918	3112	4034	2798
LOC725629	2	7	5	8	7	12	8	31	3	30	72
LOC552306	928	699	754	1032	1031	791	757	899	884	916	751
Gat-1B	22	47	55	58	21	9	28	70	42	40	42
Cox6c	1617	980	1013	1149	1299	934	893	1209	1094	1542	807
LOC725706	50	57	89	177	92	80	83	109	159	79	118
LOC725734	114	137	163	267	223	224	220	274	224	209	196
LOC411793	480	480	498	696	640	449	557	621	633	571	530
LOC725799	52	75	88	109	93	85	124	102	188	87	102
LOC100578394	15	21	10	10	20	5	33	20	28	15	21
LOC413998	82	182	163	348	228	205	260	252	343	194	230
LOC726236	2	7	6	6	6	2	3	11	11	5	8
LOC551086	274	184	245	204	234	184	368	225	203	173	214
LOC102653602	22	22	26	21	23	7	28	12	15	16	14
LOC411183	3524	3908	3740	5670	5368	4079	4345	4835	5017	4946	4004
LOC551177	65	128	149	209	124	135	153	190	140	147	166
LOC113218844	27	27	58	50	71	66	71	83	54	59	59
TpnT	2332	2874	2470	3955	3734	2616	2406	3402	3604	3103	2278
LOC413071	249	406	380	688	453	378	511	436	508	388	446
LOC100576172	18	23	31	32	20	29	25	28	15	15	33
LOC724259	5	7	6	7	4	2	1	2	3	8	2
LOC113218561	686	1148	954	1568	1584	1343	1898	1537	1960	1481	1247
LOC411639	83	462	422	1150	834	728	1321	1061	1426	850	671
LOC726441	53	122	140	243	107	114	111	130	223	171	130
LOC411181	39	54	76	110	50	48	71	55	60	55	41
LOC411182	411	546	460	906	709	581	692	718	895	703	690
LOC107964525	121	106	123	179	99	112	140	142	152	139	122
LOC411864	334	326	343	542	337	248	318	291	333	364	297
LOC552342	461	778	713	1243	640	576	760	714	894	690	857
LOC406142	34	30	155	229	1427	1049	393	229	72	181	2380
LOC726498	196	163	178	199	201	150	124	200	183	200	153
LOC413447	50	125	127	241	129	131	112	163	224	143	138
LOC409908	937	904	785	1110	1054	852	935	911	1026	1065	906
LOC100576233	257	178	175	189	164	108	164	154	144	172	127
LOC100578929	72	102	125	160	221	169	191	261	213	164	208
LOC102655092	3	5	4	6	6	5	10	2	8	5	8
LOC726655	9	26	34	65	34	27	68	44	41	22	22
LOC726672	3912	3790	3512	5248	5182	3978	5249	5129	5228	5254	4708
LOC113218862	1	4	16	21	7	13	4	8	4	4	9
Mir1006	0	0	0	0	0	0	0	0	0	0	0
LOC409842	763	834	708	1141	935	731	906	1065	1030	928	947
LOC551512	295	182	265	355	282	260	267	321	379	293	248
LOC102656504	275	299	304	396	306	284	244	270	375	341	246
LOC412756	347	538	493	801	576	534	704	624	856	714	567
LOC113218840	430	418	381	604	554	376	439	475	502	493	439
LOC724475	422	525	446	680	627	482	567	565	674	568	550
LOC724435	357	335	361	477	387	360	350	361	425	409	402
LOC102656738	14	6	14	10	3	1	9	7	7	9	12
LOC107964568	0	0	0	0	3	0	0	4	0	0	0
LOC410005	221	347	313	575	443	432	380	398	471	352	319
LOC107964569	89	107	111	193	114	126	129	119	143	111	101
LOC724308	3	2	6	3	13	3	7	2	11	2	13
LOC113218562	19	26	22	16	24	6	28	10	4	10	13
LOC724565	4	1	3	4	3	0	0	1	0	3	0
LOC100576637	8	5	13	4	7	9	16	7	28	14	7
LOC724655	25	24	53	55	26	47	24	14	37	12	19
LOC102655889	14	17	45	24	28	18	28	23	25	25	23
LOC724745	4	8	10	17	9	11	14	9	13	10	7
LOC724783	91	96	102	149	63	79	74	45	101	63	91
LOC102654534	4	3	19	7	2	6	5	5	7	3	10
LOC102654897	2	5	12	3	1	2	2	1	0	2	0
LOC724892	8	5	22	11	7	3	6	0	4	4	4
LOC102654621	9	16	12	10	12	5	10	9	3	5	6
LOC102654660	22	39	20	33	11	9	14	16	14	12	6
LOC102654206	4	1	6	6	6	0	1	3	6	8	9
LOC113218843	1	0	2	0	0	0	0	2	0	0	0
LOC107964686	6	4	10	7	4	1	4	3	4	3	1
LOC113218830	15	42	11	48	16	22	13	22	19	20	18
LOC725017	55	74	62	76	32	16	15	18	38	28	47
LOC411978	0	1	2	10	8	0	3	8	3	3	1
LOC107964635	0	0	2	2	0	0	1	0	0	0	0
LOC413043	19169	23787	22341	39116	32014	29693	32638	32272	40641	34246	29400
LOC113218846	180	252	302	412	319	289	399	398	428	336	283
LOC100577963	340	413	513	637	474	405	458	504	529	480	495
LOC100577923	225	192	185	280	229	161	213	269	240	237	177
LOC100577629	107	121	128	149	109	114	140	159	127	126	111
LOC113218821	2	7	4	2	3	5	7	10	3	3	1
LOC413040	211	179	207	325	261	165	240	244	274	226	188
LOC725479	137	309	372	511	305	344	640	502	428	365	376
LOC725512	157	129	177	237	211	173	197	157	162	196	217
LOC411482	215	187	178	317	284	245	186	273	301	245	217
LOC409721	962	1112	1161	1878	1450	1195	1525	1578	1617	1543	1361
LOC100577393	1236	1320	1342	2170	1992	1465	2121	2137	1976	2004	1794
LOC113218874	59	32	58	38	46	32	53	60	45	26	28
LOC113218875	0	2	13	1	7	3	6	9	2	12	18
LOC413005	38192	28061	32181	42360	43585	34007	41394	39620	43178	39269	35190
LOC107964610	18	39	49	43	43	37	30	42	43	33	24
LOC413785	474	964	792	1482	944	798	1122	1180	1182	1072	995
LOC113218564	27	41	59	121	79	64	83	108	99	87	91
LOC409786	180	293	366	628	525	431	488	475	520	359	572
LOC102656855	1	1	3	2	0	1	4	0	2	0	0
LOC107964589	52	35	61	101	82	49	93	57	72	59	65
LOC409787	329	1518	1962	4335	4474	3368	2177	3244	4288	2504	2451
LOC102653609	138	150	187	204	316	232	250	297	249	192	197
LOC724389	51	68	65	55	56	31	58	72	82	55	45
TRNAT-CGU	0	0	0	0	0	0	0	0	0	0	0
Hbg3	509	1013	1296	1315	1075	787	974	1184	1497	1141	1019
AGLU2	700	867	765	1304	1242	949	1181	1381	1336	1107	1194
LOC113218868	1	1	3	1	0	3	8	7	11	5	3
LOC412448	26	11	20	16	18	15	12	21	30	17	23
LOC413592	401	691	685	921	702	666	748	717	1064	860	792
LOC102655219	165	144	152	235	189	115	157	180	219	175	166
LOC412522	656	538	481	706	656	509	627	701	647	624	536
LOC726174	224	186	132	216	209	155	199	216	203	226	169
LOC100578223	29	28	26	24	27	20	33	35	28	30	30
LOC552677	784	1160	1162	1890	1428	1223	1501	1598	1784	1558	1474
LOC412396	3361	3625	3464	4861	4867	3743	4107	4590	4585	4431	3782
LOC552662	154	262	207	312	314	284	273	331	395	330	290
LOC412661	125	221	212	395	265	194	205	269	255	286	207
LOC726054	1518	1233	1209	1814	1808	1456	1740	1682	1813	1798	1626
LOC727180	636	743	741	1069	859	751	725	827	1034	910	818
LOC411886	152	211	184	389	293	209	261	273	380	270	277
LOC413126	111	161	184	275	203	217	185	227	260	200	206
LOC409442	1137	1336	1251	1991	1627	1295	1578	1642	1671	1637	1532
LOC102656132	42	70	76	90	77	62	82	68	100	77	71
LOC409441	40	58	53	88	77	40	71	41	66	51	51
LOC113218867	1556	2474	2862	3992	4617	3673	2959	3927	4141	3513	2917
LOC113218863	0	0	2	4	3	6	12	6	9	1	6
LOC725964	195	409	434	654	504	427	476	366	481	499	402
LOC725800	479	478	477	545	498	384	451	462	490	441	369
LOC102653657	64	21	41	25	63	19	56	43	26	24	21
LOC102653687	2	1	11	9	2	1	4	2	2	1	2
LOC102653731	2	8	6	0	3	3	12	3	5	7	2
LOC113218869	18	13	21	10	33	8	18	12	6	12	16
LOC102653863	73	55	61	48	67	47	78	51	46	34	54
LOC113218870	10	0	5	5	6	3	4	8	4	2	6
LOC113218871	6	8	1	1	4	8	6	5	5	5	5
LOC107964592	8	16	4	7	10	5	13	13	9	7	9
LOC409675	33050	36591	37884	57891	54925	43266	50705	58226	56307	49021	49884
LOC552046	1717	2050	2081	3896	2634	2250	2664	2806	3057	2346	2547
LOC412933	282	355	333	484	391	327	387	392	363	398	337
LOC107964590	17	10	12	11	19	17	15	18	14	15	15
LOC725570	2030	1902	2107	2979	2543	1841	2264	2047	2549	2243	1989
LOC412932	81	98	130	186	166	167	143	180	245	169	155
LOC412931	283	407	350	596	505	389	529	464	521	506	458
LOC725630	1268	1236	1090	1623	1438	1194	1178	1405	1561	1573	1239
LOC725592	308	533	515	726	590	514	635	640	659	545	560
LOC412099	2630	5986	6634	15134	12150	8471	10132	9784	16460	9212	8924
LOC102656014	18	31	41	44	40	35	38	58	43	35	46
LOC102656171	24	8	10	14	12	8	14	8	18	5	16
LOC409425	735	591	730	887	971	530	854	844	945	935	690
LOC100577894	65	32	47	80	38	23	98	61	77	82	65
LOC102655953	3	3	2	7	2	0	7	8	9	3	6
LOC409183	438	659	574	1016	932	718	802	888	964	756	717
CPR13	0	0	0	2	0	5	0	2	0	0	0
LOC113218841	156	328	303	474	333	327	343	319	334	358	347
CPR12	627	663	606	706	603	627	844	632	677	781	511
LOC102655655	1019	1224	1116	1783	1284	1377	1594	1368	1733	1439	1268
LOC100578593	33	9	20	20	29	19	35	40	28	21	27
CPR28	1082	1185	1000	1455	1041	792	1141	1301	1149	1273	1007
LOC551658	423	585	526	922	713	527	594	618	679	694	591
LOC113218849	0	7	0	7	6	1	0	3	2	1	7
LOC113218864	3	11	2	13	5	3	6	4	7	7	5
LOC411673	148	266	282	465	332	311	288	330	475	348	337
LOC100578454	2	2	0	1	2	5	3	1	0	2	3
LOC409448	25	33	29	60	32	37	39	41	31	42	28
TRNAR-ACG_1	0	0	0	0	2	0	2	0	0	0	0
LOC102655446	6	19	24	36	32	19	17	37	49	15	25
LOC411496	28	35	52	39	33	27	40	43	51	42	42
LOC724703	256	377	404	639	641	403	503	564	510	495	463
LOC551700	545	524	491	721	636	490	573	645	703	611	544
LOC412339	1170	995	964	1187	1102	950	1131	1123	1230	1206	1065
LOC413328	235	365	383	591	453	387	437	505	550	397	480
LOC409028	178	251	280	462	353	317	438	345	503	346	377
LOC411355	440	671	668	1149	843	659	893	835	980	782	708
LOC550870	45	43	69	104	79	50	49	75	81	48	51
LOC409626	15	3	12	8	20	11	15	11	6	9	6
LOC107964601	0	0	0	0	0	0	0	2	0	1	0
LOC100578041	1	4	8	4	3	0	5	0	0	0	4
LOC100577819	1	1	15	0	0	1	4	5	0	3	0
LOC102654344	462	446	386	539	546	466	504	526	458	461	443
LOC107964600	0	0	0	0	0	0	0	0	0	0	0
LOC113218879	0	0	0	0	0	0	0	0	0	0	0
LOC100578421	105	83	114	74	102	79	139	86	73	67	86
LOC102654110	8	11	12	9	20	16	14	5	6	14	14
LOC102654006	38	31	35	91	44	31	33	63	60	75	71
LOC725997	4670	5332	5696	8378	7642	6442	7722	7020	8563	8284	6330
LOC408896	21	37	59	69	40	21	61	55	53	38	40
Mir3734	0	2	5	0	2	0	3	5	0	0	1
LOC107964597	8	9	9	6	2	1	3	10	6	2	6
LOC102655043	57	47	55	49	58	46	71	80	68	61	45
LOC113218882	54	22	32	21	20	21	34	17	32	19	28
LOC724260	9	6	3	2	0	0	2	3	5	2	1
LOC724309	19	19	34	21	18	15	20	25	18	15	15
LOC724390	50	60	77	56	65	75	67	59	61	51	74
LOC100577552	439	592	610	999	831	728	868	905	999	824	756
LOC413971	411	450	428	723	607	472	578	585	785	644	549
LOC724928	624	631	695	1015	782	697	817	846	951	827	866
LOC724976	85	195	210	366	290	232	235	294	411	268	305
LOC409898	160	362	311	548	373	321	480	512	540	458	399
LOC107964603	160	229	221	357	299	253	289	315	297	282	274
LOC409899	338	506	536	841	564	555	621	559	767	596	611
LOC409897	486	562	565	764	657	540	744	740	758	707	612
LOC409452	799	1226	988	1721	1826	1468	1882	1683	2051	1758	1490
LOC409451	2129	2151	2344	3158	2942	2360	2334	2839	2759	3014	2451
LOC725216	349	408	425	556	532	406	481	553	610	463	442
LOC551431	267	382	331	494	448	384	364	385	502	406	381
LOC100577712	7	12	8	5	8	8	3	18	9	7	8
LOC100578434	84	138	139	186	107	209	208	200	369	192	233
LOC102653636	2	3	5	0	4	1	6	1	7	5	7
LOC552645	564	772	748	1151	1011	786	907	957	1147	994	937
LOC724399	290	322	358	514	363	337	421	454	420	383	401
LOC412545	268	328	309	455	320	314	316	376	494	389	338
LOC724323	185	262	215	275	238	223	265	241	254	274	204
LOC725405	386	559	500	733	667	559	643	693	732	638	550
LOC412917	515	679	705	1049	764	742	831	952	935	902	842
LOC102654551	15	6	3	16	10	17	2	11	14	8	10
LOC102654469	9	11	20	21	21	5	13	9	16	18	12
LOC100578667	30	53	87	111	41	42	78	76	101	68	87
LOC113218883	59	40	51	31	47	34	57	34	26	29	27
LOC102655506	32	33	41	60	47	42	45	52	47	47	39
LOC551099	334	327	328	489	385	281	332	358	396	360	345
LOC100577936	15	17	18	39	18	20	33	32	18	30	26
LOC102654810	241	265	342	386	293	240	474	373	318	364	302
LOC102654775	9	12	14	23	13	13	5	18	18	18	15
LOC107964649	3	1	0	3	1	2	3	0	0	0	0
LOC102655033	15	13	11	10	12	6	11	25	10	6	13
LOC413190	285	295	299	405	497	395	516	455	464	436	374
LOC409810	249	311	272	401	356	289	312	338	411	374	327
LOC725097	382	453	469	594	555	402	448	495	628	516	464
LOC102655111	27	35	70	119	73	49	65	72	80	44	45
LOC413189	1058	1513	1524	2285	1823	1498	1768	1832	2091	1922	1740
LOC409809	885	1062	923	1694	1359	1086	1184	1467	1555	1163	1161
LOC100576116	516	682	598	838	704	589	741	751	834	699	742
LOC724982	47	87	78	118	95	97	85	116	124	92	105
LOC100576151	193	230	217	281	257	214	242	264	293	307	223
LOC409617	1744	1975	2059	2830	2565	2148	2482	2663	2741	2525	2317
LOC551020	41	118	134	260	205	160	158	183	213	149	176
LOC725524	2240	2751	2483	3966	3338	2702	3245	3436	3872	3260	3128
LOC725599	382	562	558	923	747	684	743	860	1089	777	783
LOC725673	219	315	336	523	398	291	289	381	401	356	341
LOC725770	404	741	615	950	758	648	702	800	920	780	742
LOC551566	50	201	229	512	284	277	292	343	499	248	312
LOC411970	380	502	446	725	519	470	586	621	591	593	565
LOC409293	19	16	40	19	20	12	25	21	10	6	8
LOC107964672	2	16	13	15	12	8	10	8	7	2	4
LOC409292	677	953	886	1256	1169	903	999	1090	1289	1092	962
LOC411969	1543	2122	2151	3682	2901	2460	2786	3294	3587	2804	2994
LOC409291	831	1023	974	1595	1245	1058	1200	1337	1378	1316	1177
Mir6005	0	3	2	11	6	4	1	14	5	13	2
LOC100577360	4	8	4	15	3	4	6	6	8	10	8
LOC408894	155	279	281	521	430	323	347	413	656	355	435
LOC411177	1489	1479	1454	2073	2070	1707	2210	2122	2242	2008	1983
LOC100577422	190	95	175	151	197	92	189	121	142	141	154
LOC409928	229	164	244	286	300	205	245	239	244	192	200
LOC113218885	22	29	30	22	48	18	24	26	11	15	28
LOC107965965	22	7	16	10	22	13	14	14	7	8	21
LOC113218884	6	10	8	6	3	5	6	6	1	10	3
LOC724490	794	565	572	816	727	489	426	813	604	933	513
LOC100577517	1613	1523	1808	2317	2003	1610	2134	1767	2051	1658	1698
LOC107964573	9	7	11	7	6	3	4	3	4	1	6
LOC113218848	6	2	13	13	19	8	9	8	9	13	14
LOC100577778	10	31	64	42	13	15	23	28	39	31	13
LOC107964581	11	25	11	9	22	21	13	17	22	18	18
LOC724859	319	289	326	331	372	290	400	322	292	299	314
LOC102656608	54	27	24	23	36	35	62	25	49	29	21
LOC100576183	50	45	40	32	50	29	67	33	36	24	30
LOC411176	294	395	365	573	460	364	523	465	499	391	462
LOC107964582	11	22	17	43	32	15	33	38	29	16	17
LOC107964583	102	88	82	112	90	83	114	121	109	81	86
LOC408892	823	861	813	1117	1060	931	968	1001	1050	1054	901
LOC113218861	36	25	24	41	50	16	28	17	16	16	22
LOC102654088	4	2	0	0	0	0	1	3	2	0	2
LOC102654122	27	21	25	19	27	23	23	38	22	19	13
Mir9884	0	2	7	8	3	1	4	3	3	1	2
LOC408891	323	309	365	477	421	345	400	418	370	408	324
LOC408890	718	758	836	1115	983	766	997	973	1048	872	989
LOC113218826	74	54	70	60	55	55	96	58	45	56	36
LOC100578830	43	74	114	110	85	99	173	132	87	109	129
LOC100578777	277	159	197	157	180	146	249	131	146	185	244
LOC411175	772	1256	1070	1873	1738	1598	2166	1865	1912	1624	1708
LOC408889	1932	2686	2625	4415	3500	2913	3523	3771	4132	3561	3350
LOC102656723	26	10	13	3	1	3	14	11	4	5	11
LOC408888	114	72	60	103	84	72	128	115	120	109	111
LOC107964623	26	17	23	18	15	4	20	18	21	24	14
LOC107964622	10	2	7	4	7	2	2	6	1	3	1
LOC100578675	1	4	2	4	2	1	5	2	10	8	3
LOC100576836	46	34	31	80	41	25	27	35	39	42	52
LOC725217	9	8	10	13	12	9	11	10	3	11	9
LOC100578546	182	235	225	266	290	181	248	301	250	266	232
LOC725301	76	93	127	144	140	109	139	142	121	146	112
LOC413076	254	109	146	133	191	157	224	171	184	133	174
LOC102655997	5	5	3	1	3	8	0	2	1	0	0
LOC102656019	32	35	32	42	39	25	41	27	14	47	26
LOC100578409	17	11	15	16	26	31	30	29	26	28	22
LOC113218820	4	1	8	19	14	10	14	12	18	19	23
LOC100578461	103	72	75	112	103	88	142	73	75	89	107
LOC100578266	466	452	366	603	569	401	577	536	509	585	475
LOC413074	596	988	937	1561	1178	979	1159	1207	1373	1122	1042
LOC413073	945	1229	1227	2011	1625	1329	1702	1767	1986	1615	1469
Cat	6861	8865	7899	13468	11666	10121	11164	12454	12260	12085	11095
Def1	271	371	961	347	624	477	274	498	284	449	1018
LOC408887	326	453	505	682	567	518	716	688	704	540	653
LOC102655070	46	41	27	59	44	31	48	88	56	55	92
LOC107964598	11	10	19	11	11	16	30	29	11	12	20
LOC102655213	118	142	109	137	140	116	217	170	162	144	164
LOC102655365	75	28	71	38	67	37	80	38	41	55	53
LOC408886	246	326	305	403	336	256	366	381	311	316	284
LOC102654776	48	29	60	56	25	25	85	82	31	53	41
LOC102654860	33	35	50	25	24	34	36	32	17	29	27
LOC113218563	1	6	4	8	6	2	6	10	5	8	5
LOC102654584	54	59	79	88	42	50	69	67	50	63	48
LOC107964584	8	17	17	11	15	10	12	16	21	18	13
LOC411173	331	327	326	399	382	279	363	379	396	429	285
LOC411172	165	275	262	380	329	280	280	326	469	314	327
LOC550921	204	352	362	672	524	388	531	508	688	430	512
LOC102654056	11	20	12	20	21	25	33	21	25	9	21
LOC102654087	68	83	83	96	89	87	102	138	101	102	158
LOC102654141	46	58	34	73	64	50	59	84	52	53	73
LOC102654172	17	25	27	24	15	8	16	24	29	15	15
LOC102654321	17	12	15	21	15	11	29	25	17	14	14
LOC102654387	11	18	20	40	55	44	48	27	51	50	33
LOC411171	982	1053	1020	1694	1231	1082	1032	1174	1614	1257	1148
LOC100576703	1382	1641	1707	2610	3187	2216	2100	2680	3145	2410	1752
LOC100576666	12	84	77	136	73	78	101	100	131	82	71
LOC113218858	2	8	10	6	1	7	2	7	9	16	14
LOC551832	526	516	496	729	641	530	601	564	640	540	546
LOC551856	361	432	369	499	462	329	422	429	481	461	386
LOC724656	741	1249	1189	1781	1498	1333	1543	1572	1835	1471	1433
LOC551066	397	591	600	913	713	631	699	731	882	788	740
LOC102656846	33	37	41	75	61	49	44	45	63	45	39
LOC411595	375	594	583	966	736	601	734	832	875	719	728
LOC100577386	217	205	248	330	223	190	258	237	302	287	228
LOC551055	74	106	120	244	156	134	169	158	244	181	180
LOC410031	516	846	789	1378	1017	933	1169	1144	1251	1004	888
LOC727108	303	678	672	1090	919	796	948	1074	1408	955	883
LOC412170	527	499	517	801	647	516	628	543	678	647	592
LOC412169	324	508	475	777	626	542	614	713	851	677	627
LOC551345	368	373	412	502	467	356	372	441	442	440	464
LOC102654626	92	172	164	322	198	187	219	197	325	200	272
LOC100576482	173	294	242	350	247	199	277	259	332	243	261
LOC412666	256	353	363	558	449	366	481	426	463	439	387
LOC551178	164	202	197	309	266	232	230	226	308	229	241
LOC724784	306	466	512	818	533	399	511	600	621	529	520
LOC724816	1080	1527	1479	2536	1914	1711	1627	2062	2441	1954	1942
LOC411167	175	264	232	419	321	330	263	332	396	279	351
Kr	100	70	86	71	152	71	148	93	77	58	81
LOC113218877	7	17	14	12	11	9	17	5	11	4	6
LOC100576304	6	8	2	0	5	0	4	2	0	0	1
LOC100576517	39	46	84	74	43	43	90	54	49	49	53
LOC113218828	10	17	35	20	15	21	25	16	20	12	14
LOC100576868	21	39	39	23	27	29	56	10	34	37	24
LOC408884	372	300	316	342	319	222	360	289	266	295	262
LOC411164	207	328	359	485	424	380	480	528	445	457	430
LOC411163	393	258	351	567	471	324	416	385	402	356	386
LOC100577669	282	452	374	674	756	577	741	797	767	698	693
LOC102655393	26	10	27	13	29	14	26	23	16	12	24
LOC408883	497	515	567	823	649	517	602	667	714	755	604
LOC725218	79	117	91	104	91	118	143	104	113	94	116
LOC102654988	16	9	3	3	1	10	8	5	1	2	4
LOC102655014	12	7	6	0	10	1	6	4	2	4	3
LOC408882	630	828	792	1280	1112	896	910	1107	1016	943	970
LOC724172	9321	7314	7388	11232	10235	7499	10530	9205	10766	9528	8678
Mir3735	0	0	0	0	0	0	0	0	0	0	1
LOC550677	70	50	77	66	79	62	67	62	87	59	81
LOC550922	132	60	76	53	83	41	118	75	50	60	65
LOC724220	839	511	530	528	655	480	667	509	560	436	480
LOC102654366	7	6	0	1	8	1	3	3	4	2	2
LOC411159	1951	1935	1668	2264	1819	1566	2187	1665	2137	1702	1957
Gycbeta1	211	291	302	470	376	321	351	339	478	277	267
LOC102654173	9	9	13	9	10	10	17	4	10	5	11
sGC-alpha1	301	534	606	852	521	485	662	615	624	525	520
LOC411158	147	183	189	275	205	179	249	210	248	181	224
LOC551749	313	391	353	564	474	399	539	493	623	386	427
LOC408878	7	35	16	54	52	13	41	32	31	24	22
LOC551045	705	812	886	1281	1225	1022	1151	1146	1215	1060	1116
LOC100576573	114	52	63	72	89	60	105	62	44	45	60
LOC113218824	2	4	16	6	1	2	6	4	3	3	5
LOC551803	181	260	341	322	246	258	360	301	312	246	276
LOC102653737	19	11	24	9	25	20	35	15	13	10	40
LOC100576253	4	3	6	2	4	6	5	0	3	3	1
LOC411157	341	421	488	619	434	342	454	399	474	440	394
Mir3736	0	0	0	0	0	0	0	0	0	0	0
LOC102653904	124	81	87	78	93	75	123	80	74	88	86
LOC102656875	59	55	41	62	58	58	35	78	61	63	53
LOC102656909	13	14	26	25	9	11	15	19	18	15	31
LOC102656936	39	17	33	44	50	37	52	62	33	52	59
LOC550968	565	608	712	1046	853	631	738	936	935	767	805
LOC724310	40	35	36	44	25	22	43	28	26	23	38
LOC411156	187	197	213	347	291	200	193	297	243	204	174
LOC408877	1970	1498	1936	2615	2471	1578	2304	2040	2379	2051	2297
LOC113218839	14	12	19	15	28	23	38	15	23	12	22
LOC102656574	1	2	0	1	0	1	3	3	4	4	0
LOC113218838	100	195	118	210	190	197	253	294	211	201	229
LOC102656653	40	35	46	70	63	46	94	128	43	74	85
LOC102656698	38	35	40	26	22	28	38	27	23	30	28
LOC102656730	6	8	3	18	8	4	13	17	9	6	69
LOC102656388	34	30	38	29	35	33	31	40	34	50	46
LOC100578417	53	42	61	59	84	65	91	73	74	73	36
LOC724516	365	335	397	430	444	319	386	396	455	406	392
LOC410159	742	1532	1421	2743	1944	1776	2529	2374	2533	1961	1859
LOC409263	268	330	316	499	401	233	335	378	495	328	359
LOC113218829	231	187	225	313	249	185	254	270	284	267	199
LOC552204	114	188	160	284	184	190	185	237	249	230	184
LOC412020	429	606	547	837	742	612	768	686	812	790	557
LOC727346	58	38	23	51	49	36	45	62	61	32	22
LOC409317	780	755	734	1051	1052	733	951	893	1002	855	729
LOC412021	22	48	47	83	56	43	46	48	55	36	50
LOC102654930	1151	2648	2046	4194	3066	2736	3789	2763	3718	2913	2416
LOC552314	454	496	397	693	506	439	484	506	560	559	501
LOC552331	187	282	272	394	386	321	301	399	465	352	379
LOC409336	200	329	280	671	498	450	463	484	785	507	510
LOC409977	447	625	607	831	757	610	778	693	732	763	662
LOC100577764	729	1149	1210	2027	1617	1328	1561	1610	1964	1507	1551
LOC100577846	910	1102	1074	1510	1228	1048	1194	1302	1490	1393	1255
LOC724610	454	446	387	637	536	439	461	516	584	516	483
LOC411155	515	416	461	697	518	419	575	562	467	432	505
LOC102655847	40	38	22	28	36	24	68	25	37	21	36
LOC102655786	15	17	23	18	17	13	17	15	5	10	21
LOC102655311	23	11	28	11	13	4	28	16	7	8	13
LOC102655200	40	31	25	31	48	36	53	41	31	25	24
LOC102655130	72	74	84	107	69	55	72	68	71	72	41
LOC551398	190	321	302	419	390	303	420	415	432	390	353
LOC724676	120	174	160	277	183	133	164	254	251	246	224
LOC551188	44	103	100	131	102	81	84	126	123	107	106
LOC551222	18	40	51	110	65	91	51	106	160	73	69
LOC411154	1264	2612	2650	4786	3767	3159	3793	4053	4787	3498	3680
Vha16	398	1453	1419	3213	2215	1989	2541	2612	3253	1996	2201
LOC551087	317	406	381	558	514	381	424	514	614	542	442
LOC551046	10	11	20	10	23	17	14	21	8	12	11
LOC411692	144	146	146	189	176	156	189	169	213	165	189
LOC100578105	95	106	134	203	158	112	127	121	167	117	167
LOC550827	5418	5041	4888	7067	6092	5706	6199	6895	6261	5829	6914
LOC552305	751	833	787	1121	918	804	951	894	1057	984	862
LOC552327	302	372	398	484	415	315	361	395	441	457	372
LOC100578875	281	244	215	343	279	224	294	331	314	296	231
LOC726081	142	307	335	487	415	335	357	362	530	378	413
LOC552363	182	310	308	557	396	382	374	479	596	425	467
LOC552387	81	93	125	192	138	118	184	138	195	114	127
LOC413368	401	882	853	1330	1017	996	889	922	1515	1086	989
LOC727202	576	587	606	803	758	633	728	718	788	658	577
LOC100578239	263	303	310	360	322	307	322	288	390	335	222
LOC552624	92	137	190	331	238	207	186	279	331	221	242
LOC411875	67	87	86	141	149	103	96	161	142	100	124
LOC412481	35	44	56	108	79	56	64	86	106	79	63
LOC100576162	37	90	99	149	184	134	111	160	203	137	144
LOC107964634	4	2	6	6	6	3	2	4	12	12	12
LOC102655238	259	226	255	382	295	280	271	233	320	304	244
LOC724350	173	283	252	428	376	293	353	349	433	331	355
LOC100578311	1003	1081	920	1508	1231	1050	1169	1271	1230	1294	1136
LOC411387	93	100	130	172	173	142	178	152	214	188	171
LOC107964668	413	465	331	495	416	406	545	521	515	396	497
LOC102654772	23	39	26	49	44	44	26	69	58	45	83
LOC100576222	22	38	44	26	54	31	41	57	47	64	39
LOC102654924	4	10	9	19	8	4	5	6	9	5	11
Pban	11	18	12	16	21	19	13	14	14	13	14
LOC724517	158	262	397	409	354	261	348	363	401	307	339
Mir6052	0	0	0	0	0	0	0	0	0	0	0
LOC552008	249	317	335	529	398	361	472	380	442	390	359
LOC413173	177	285	326	457	347	281	360	315	407	327	315
LOC100576400	354	363	419	508	478	360	378	428	415	466	315
LOC100578433	287	428	385	718	572	491	655	586	689	463	544
LOC552112	262	387	382	545	490	327	455	496	535	450	437
LOC724860	22	65	45	48	33	22	72	35	66	27	44
LOC413730	39	23	26	38	37	48	48	27	42	40	44
LOC100576568	1	3	10	1	1	1	2	3	10	2	4
LOC551973	335	488	462	711	539	461	525	564	552	517	528
LOC100578602	220	267	263	436	317	303	288	310	374	321	336
LOC550824	1128	1531	1371	2279	1860	1529	1726	2033	1930	1840	1646
LOC551952	151	229	224	362	246	235	275	250	340	282	213
LOC551924	764	1452	1400	2224	1783	1453	2167	2148	2247	2133	1952
LOC726423	275	369	309	533	410	305	391	382	427	443	448
LOC412823	91	102	65	185	122	85	101	116	114	104	94
LOC409459	334	600	600	1070	743	607	651	728	953	678	740
LOC727501	154	141	174	232	195	183	140	157	140	221	182
LOC727497	547	680	721	1121	1003	841	1015	1046	1067	1007	918
LOC410054	211	536	549	1451	959	749	864	1062	1296	838	993
LOC551865	41	94	88	147	134	96	91	151	164	110	139
LOC102656534	150	172	155	229	277	194	266	265	226	200	216
LOC413746	156	204	155	313	289	200	263	285	282	264	248
LOC100577491	185	288	232	349	284	237	314	313	291	250	315
LOC551788	13	14	14	13	13	15	19	17	23	14	21
LOC725417	138	118	130	203	149	107	81	156	132	123	105
LOC102656842	22	21	14	7	21	9	25	33	15	13	13
LOC102656672	0	0	0	0	0	0	0	0	0	0	0
LOC113218827	13	0	6	12	16	15	9	5	3	6	6
LOC551760	1076	1137	1026	1528	1335	1267	1078	1305	1403	1257	1162
LOC107963964	16	28	23	29	26	10	22	20	18	32	26
LOC113218876	61	55	38	49	53	37	59	48	37	28	71
LOC107964676	3	20	15	12	6	1	8	4	14	5	5
LOC102653661	100	133	85	110	123	94	144	131	131	116	98
LOC102653634	40	57	47	92	63	23	82	75	55	63	72
LOC102653733	3	8	9	7	3	4	3	16	4	7	4
LOC113218836	3	10	2	7	6	4	5	4	7	2	9
LOC102653821	16	22	30	27	11	21	23	24	29	20	30
LOC102653910	6	10	0	2	4	5	9	3	1	3	7
LOC100577698	17	11	12	4	11	4	6	6	7	5	10
LOC107964645	0	2	6	0	0	0	1	0	1	0	4
TRNAA-GGC	24	15	13	11	13	8	25	14	14	6	18
LOC102656661	658	521	523	787	684	525	745	679	672	670	661
TRNAF-GAA_2	0	0	0	0	5	1	2	4	0	0	0
LOC107964651	4	4	11	2	1	2	6	1	2	1	4
Mir3739	6	1	2	3	1	4	2	1	3	2	0
LOC102656209	17	6	8	7	5	7	14	2	4	9	13
LOC100576179	4	13	11	1	9	5	10	10	5	9	9
LOC113218565	4	1	11	1	0	1	3	2	1	0	3
LOC102656270	47	30	34	54	26	34	41	53	30	27	34
LOC411150	257	179	261	398	324	215	244	267	281	268	256
LOC100576307	124	74	87	128	99	87	112	111	89	130	129
LOC411148	72	90	87	118	112	80	102	142	147	112	86
LOC100576336	476	560	497	727	714	496	711	622	798	704	575
LOC408876	1575	2304	2014	3147	3071	2596	3380	3251	3168	2729	3000
LOC100577213	712	866	643	833	704	846	822	1056	878	869	704
LOC102653613	732	853	658	1233	882	993	887	1115	1086	838	795
LOC411147	340	336	373	680	483	411	434	580	609	488	537
LOC100576621	234	233	201	249	241	209	197	239	226	248	166
LOC408875	5965	5475	5313	7704	7459	5909	6231	7304	7083	7295	6230
LOC113218886	92	118	125	186	144	132	123	172	182	165	167
LOC411145	79	140	158	256	184	156	159	203	282	201	201
LOC408874	2097	2227	1971	2772	2170	1770	2510	2235	2357	2190	1903
LOC100576661	199	251	228	406	367	293	374	401	294	323	333
LOC102654605	43	46	39	47	18	54	62	42	51	39	53
LOC102654300	21	31	39	30	28	20	36	17	28	29	28
LOC102654016	126	92	108	143	138	94	146	165	121	139	136
LOC102653977	152	208	239	332	177	190	281	257	266	243	247
LOC551631	142	304	297	576	461	363	355	486	573	508	408
LOC551659	6	25	28	62	34	49	24	42	76	50	44
LOC113218851	23	24	24	28	27	34	28	42	38	26	35
LOC412889	186	237	231	282	292	209	235	288	277	238	209
LOC724221	2309	2024	1999	2580	2547	1792	1781	2811	2293	2976	1786
LOC412888	305	532	501	793	465	490	740	614	691	603	546
LOC100577565	0	2	4	3	4	0	0	5	3	3	7
LOC102655251	19	13	33	29	25	12	19	17	10	19	22
LOC102655355	2	0	0	0	2	0	1	3	1	2	4
LOC107964543	0	6	7	6	1	3	4	7	0	0	0
LOC412887	271	373	287	379	356	414	549	522	503	435	382
LOC724391	203	188	156	202	157	177	204	225	196	236	196
LOC107964545	39	11	16	13	28	15	29	13	6	14	17
LOC113218859	49	8	17	16	6	4	13	12	11	20	9
LOC102654995	9	3	15	7	4	2	7	14	9	11	3
LOC102655870	75	53	53	55	68	34	63	52	54	54	65
LOC100577636	669	1003	927	1579	1625	1226	1646	1498	1551	1338	1236
LOC100577731	24	44	43	51	79	56	44	73	65	57	67
LOC102655757	55	37	68	61	91	45	66	26	66	51	39
LOC113218847	4	0	4	11	5	1	9	3	5	4	0
LOC100576895	3106	2124	2534	3898	7280	5813	6526	8070	7351	8628	6163
LOC100577815	260	119	138	175	163	151	255	202	213	250	210
LOC409707	724	1203	1082	1762	1566	1455	1814	1779	1571	1661	1320
Mir985	10	7	4	3	2	0	0	2	2	1	3
LOC102656121	67	62	91	107	73	69	88	80	66	77	91
LOC724611	44	55	46	60	66	36	75	37	45	57	39
LOC107964594	109	66	79	90	90	66	115	88	62	73	82
LOC406093	1716	5882	13938	2782	802	164	340	1214	1053	1550	774
LOC409708	4148	5103	4829	6546	6295	4629	5873	6191	6287	5941	5458
LOC102656621	703	493	553	759	807	713	725	880	779	883	789
LOC409709	810	1106	908	1375	2023	1402	1470	2101	1994	1624	1460
LOC412984	473	521	590	825	730	581	629	652	715	652	644
LOC412985	348	423	408	655	549	450	472	524	632	592	537
LOC724747	270	629	600	1023	726	588	828	919	961	798	812
LOC107964632	11	12	16	27	17	10	10	9	10	19	7
LOC412986	754	921	893	1476	1237	975	1066	1349	1184	1183	1010
LOC552047	243	234	294	339	331	260	297	321	307	300	272
LOC100577057	2	6	10	4	2	9	8	3	18	5	2
LOC411144	270	259	278	334	316	221	239	353	334	316	252
LOC724929	2764	3090	3009	4994	4785	3630	4498	4841	4756	4207	3991
LOC408872	1678	1784	1748	2608	2084	1944	2711	1941	2401	2179	2140
TRNAL-UAA_2	4	2	2	0	0	0	6	1	1	0	0
LOC107964661	2	3	4	5	0	2	0	5	0	3	4
LOC102656753	54	88	94	193	105	104	131	99	85	105	115
LOC107964660	6	3	9	3	6	4	7	5	1	4	6
LOC107964659	32	29	16	28	31	22	25	24	26	35	34
LOC408871	754	791	845	1244	956	820	981	1146	1483	1283	1050
LOC550969	343	504	565	689	629	441	452	555	583	547	509
LOC100577958	232	259	268	378	349	329	299	321	490	328	416
LOC551371	151	211	238	341	228	226	255	228	282	220	256
LOC550689	1365	1736	1922	2697	2375	2057	2287	2435	3078	2401	2354
LOC725130	66	145	160	337	242	193	244	261	349	249	321
LOC100577919	161	172	175	253	248	182	216	260	248	188	195
LOC725258	98	169	204	299	216	186	221	217	293	200	212
LOC409305	217	346	370	620	506	391	474	475	620	442	423
LOC100577168	315	424	358	511	491	389	522	524	466	368	434
LOC100577214	219	370	273	568	368	375	510	484	514	383	424
LOC725328	65	190	178	364	239	201	200	241	378	216	255
LOC411141	260	574	616	1049	913	715	760	840	1171	763	825
LOC411142	539	679	761	1234	993	799	941	984	1115	934	863
LOC551088	737	838	774	1250	1030	824	914	1066	1106	1058	1097
LOC725436	520	1477	1531	2826	1938	1692	2216	2367	2770	1864	1970
LOC725593	27	28	32	29	30	15	51	26	39	12	20
LOC409972	196	278	262	394	391	256	318	356	402	242	286
LOC100577805	21	28	28	53	38	32	21	37	25	28	35
LOC409536	3499	5059	4614	7520	5721	5380	7497	6911	7050	6463	5682
LOC412279	138	83	94	137	78	60	138	104	98	79	87
LOC113218865	32	10	26	15	19	15	23	7	18	16	15
LOC102655356	4	15	10	28	5	11	10	12	17	17	12
LOC552224	21	29	55	43	32	16	27	29	22	30	41
LOC113218834	10	10	8	11	9	15	19	12	19	13	10
LOC102655284	213	249	287	369	305	242	288	272	351	307	286
LOC724352	39	77	61	105	101	77	78	86	86	83	70
LOC724311	647	1118	1123	1796	1277	1003	1683	1565	1627	1330	1251
LOC113218860	46	33	52	60	51	66	71	51	53	52	64
LOC107965926	1	11	2	17	9	12	7	12	13	8	13
LOC113218866	385	494	403	617	535	378	542	531	579	535	437
LOC725707	52	90	104	185	102	109	120	123	172	116	131
LOC100576696	6	12	17	36	21	35	28	47	36	26	5
LOC102655049	55	48	58	80	73	63	82	89	114	89	71
LOC552058	102	135	134	177	211	112	177	154	174	173	136
LOC412573	216	301	327	479	368	344	350	458	589	370	367
LOC725761	83	183	157	233	159	114	167	172	259	195	186
LOC413900	83	127	121	146	144	121	182	147	180	128	144
LOC413899	239	278	309	450	419	400	321	303	442	371	323
LOC413898	418	495	478	678	609	470	579	623	681	645	495
LOC107964653	43	58	39	113	57	44	75	69	54	65	37
LOC725813	70	92	81	123	62	58	73	59	53	58	95
LOC725881	1295	1000	1046	1387	1305	873	1044	1203	1196	1212	990
LOC552244	1212	1580	1484	2334	2240	1886	2301	2286	2306	2188	2097
LOC100577262	41	123	104	209	144	117	177	159	193	106	133
LOC102655981	83	87	95	176	131	108	137	141	173	149	167
LOC113218854	59	100	88	155	109	113	158	120	143	102	120
LOC107963977	65	65	53	74	50	45	71	68	79	66	122
LOC102656523	34	95	75	143	84	76	120	124	98	85	126
LOC113218855	3	3	0	3	2	12	4	10	11	10	2
LOC413159	494	295	422	510	438	259	396	355	369	357	341
LOC102655529	6	0	5	8	12	4	3	5	3	6	1
LOC100578585	29	30	24	48	34	40	46	64	53	44	58
LOC102655635	108	79	97	118	74	78	38	79	113	62	80
LOC113218857	0	0	0	0	0	4	0	0	0	0	0
LOC107964575	0	0	2	0	0	0	0	0	0	0	0
LOC100577020	64	25	69	43	78	28	74	53	36	24	36
LOC102655881	16	7	11	18	19	14	21	6	11	5	6
LOC113218856	10	0	1	4	11	9	11	7	8	7	12
LOC100576976	31	7	19	20	8	3	15	24	8	10	11
LOC411670	1304	940	1050	1291	1588	1027	1369	1339	1266	1401	2154
LOC113218818	9	10	3	13	9	6	7	9	6	7	12
LOC107964673	1	1	2	0	1	0	4	1	1	2	0
LOC102655252	3	2	3	7	0	3	3	5	2	0	2
LOC107964682	2	0	2	4	1	3	0	4	0	4	2
LOC550930	2414	1328	1429	1639	1753	1127	1763	1513	1350	1654	1427
LOC102655018	278	320	317	444	433	312	443	463	395	407	358
LOC107964608	198	107	135	118	146	104	192	58	112	96	111
LOC413356	187	290	249	525	371	336	354	361	481	350	392
LOC409528	7246	6907	6210	8715	7960	6269	7183	7724	6841	7221	6332
LOC550700	643	908	942	1295	1154	999	1087	1129	1258	1125	1034
LOC551098	1451	708	987	1376	1249	721	954	928	911	975	1047
LOC102654812	145	138	117	221	178	106	141	215	161	173	177
LOC100576838	24	44	26	58	59	44	35	33	33	56	38
LOC724658	94	170	196	305	226	216	187	250	321	230	239
LOC724442	556	1139	1035	1705	1449	1144	1246	1343	1746	1278	1302
LOC102654144	12	9	10	12	7	4	15	18	9	8	14
LOC113218853	5	11	8	7	13	1	2	12	8	6	8
LOC113218852	3	5	0	5	13	7	3	4	8	7	17
LOC102654587	17	32	14	35	26	30	39	41	24	31	34
LOC724480	244	283	332	426	384	331	309	353	401	361	348
TRNAR-CCU	0	0	0	0	0	0	0	0	0	0	0
LOC552496	198	260	220	363	315	243	271	320	421	307	333
LOC412199	352	410	368	566	560	441	532	499	507	519	507
LOC552520	590	680	582	796	846	704	773	804	780	829	717
LOC552540	196	333	310	459	399	381	406	438	520	420	364
LOC100576669	334	314	346	448	346	378	381	368	484	440	365
LOC725365	269	249	309	433	340	281	304	313	362	336	309
LOC409593	322	432	383	625	443	397	438	505	556	552	498
LOC107964531	6	8	8	6	9	6	5	9	6	10	7
LOC552159	166	256	255	324	285	231	211	361	342	268	242
Eif4g	3519	3961	4386	6913	5549	4552	5504	6028	6776	5513	5226
Burs	29	13	9	35	17	13	16	24	15	23	19
LOC552267	390	410	434	716	568	441	470	719	610	548	606
Pburs	28	26	45	31	32	3	20	30	32	13	23
LOC725173	75	70	65	110	103	76	79	103	121	90	75
LOC413046	145	202	211	364	294	306	211	282	447	311	357
LOC550703	337	411	395	595	465	342	438	494	560	457	424
LOC552287	206	282	318	398	316	299	319	392	493	339	350
LOC107964633	8	25	16	27	27	31	22	21	20	28	26
LOC113218873	4	3	6	2	4	4	5	4	3	9	1
LOC724977	12	34	33	72	55	33	34	46	64	49	50
LOC724930	386	380	365	513	426	409	498	496	572	521	437
LOC100577346	172	189	144	172	214	106	126	187	166	184	111
LOC100577373	2	6	2	2	0	1	1	5	3	3	1
LOC100577398	3	2	7	3	7	6	4	7	5	4	3
LOC100577259	6	13	18	24	14	8	10	23	21	10	23
LOC100577286	3	6	5	4	1	0	2	5	1	2	0
LOC100577215	7	19	15	22	5	5	17	27	17	22	16
LOC724861	5	0	8	7	0	3	2	8	0	1	9
LOC100577141	0	0	2	0	0	0	0	0	0	0	0
LOC102656300	6	11	9	3	4	3	4	1	7	6	4
LOC413512	365	561	618	972	724	622	609	718	913	679	692
LOC409946	1589	1857	1908	2951	2368	1981	2233	2450	2981	2433	2184
LOC410055	153	161	146	288	179	167	171	232	178	218	178
LOC727398	463	458	377	551	449	412	482	464	543	505	436
LOC726222	3552	2678	2566	3445	3555	2347	2403	3207	2864	3662	2594
LOC727375	194	271	300	477	424	342	405	409	481	398	383
LOC551150	852	1446	1369	1734	1685	1506	1825	1689	1853	1797	1480
Smb	755	873	741	1014	1039	824	886	978	984	1051	892
LOC107964640	35	45	50	75	38	25	23	45	45	35	54
LOC413877	412	378	288	532	517	371	425	455	457	437	394
LOC552419	1343	1336	1166	1707	1798	1367	1635	1642	1790	1712	1456
LOC113218845	9	11	2	21	8	4	8	8	14	9	20
LOC411865	398	352	336	603	407	311	408	452	404	427	374
LOC552455	684	986	1043	1703	1242	1106	1125	1302	1779	1278	1197
LOC100578161	1145	1266	1205	1732	1506	1250	1584	1671	1718	1541	1311
Kr-h1	149	197	204	403	558	426	424	564	619	460	597
LOC552472	121	160	163	279	223	183	176	216	193	210	194
LOC100576337	149	159	157	231	170	180	187	213	192	171	179
LOC411638	250	386	357	577	461	423	448	463	551	520	451
LOC411637	552	642	595	941	817	653	734	773	831	794	823
LOC100578059	49	41	62	85	93	74	74	73	77	73	104
LOC102655062	0	1	0	1	2	2	1	1	4	5	0
LOC107964630	23	10	16	10	15	18	10	3	13	21	13
LOC411935	15	12	13	23	9	9	9	22	23	13	17
LOC412360	364	346	383	464	539	412	455	454	556	480	461
LOC725879	87	112	124	163	88	85	106	114	212	121	129
LOC412919	45	48	56	64	61	79	49	51	81	60	58
LOC413165	182	199	189	348	251	239	189	193	335	257	291
LOC550710	988	1512	1527	2773	2129	1832	1901	2155	2727	2013	2289
LOC551811	99	109	101	133	122	144	114	107	149	155	143
LOC412367	427	424	436	576	531	406	486	546	526	490	491
LOC409450	3840	4530	4413	6239	5303	4111	4964	5548	5077	5207	4319
LOC412366	1021	933	1044	1526	1354	1048	1120	1284	1391	1333	1117
LOC726883	1958	2808	2951	4498	3931	3219	3869	4300	4691	4327	4214
LOC100576143	70	86	73	102	87	93	56	111	107	84	82
LOC725719	530	681	645	1109	918	766	889	896	945	817	781
LOC409055	1561	1843	2048	2903	2378	2014	2252	2397	2984	2470	2247
LOC413474	453	799	721	1373	1167	981	1109	1347	1313	1164	1141
LOC102656896	5	0	1	3	1	4	2	2	4	0	3
LOC413473	123	330	256	560	358	313	460	466	489	380	340
LOC113218880	9	7	15	29	30	22	26	41	41	17	16
LOC551617	1172	1736	1497	2760	2160	1859	2462	2311	2554	2190	1935
LOC413472	73	95	65	94	79	68	107	93	59	44	80
LOC113218822	26	9	18	18	31	21	39	21	8	16	22
LOC725513	1	2	2	4	5	8	3	2	4	7	7
LOC113218823	27	25	23	20	15	8	14	29	23	26	15
LOC725480	24	117	125	267	117	147	171	200	166	179	211
LOC107964629	36	54	88	99	81	73	86	99	78	94	89
LOC552285	45	82	63	91	72	64	106	99	107	61	101
LOC102656876	14	16	8	20	18	20	13	6	16	7	14
LOC724832	92	159	164	350	226	226	237	230	322	188	180
LOC107964652	88	111	77	90	57	79	86	76	102	110	70
TRNAR-ACG_2	0	0	0	0	0	0	0	0	0	0	0
LOC726754	260	301	353	470	313	268	309	317	415	289	313
LOC100579061	826	569	639	963	745	632	717	793	904	723	793
LOC409271	303	901	921	1634	1215	911	1298	1272	1295	1175	1030
LOC552272	6570	5958	5000	7540	7395	5040	5528	7340	5152	7107	5024
LOC725814	44	41	25	46	37	42	32	29	39	50	41
LOC412131	54	110	109	169	114	100	120	121	149	116	127
LOC412194	890	965	874	1215	1060	936	1058	1019	1148	1055	930
LOC412193	500	445	433	684	595	454	428	534	493	533	479
LOC551817	127	127	124	247	153	115	151	240	239	154	199
LOC102656430	16	13	31	19	21	20	16	26	26	35	16
GlnS	3334	6084	5848	9736	8098	7122	8839	8313	10736	8016	7802
LOC413781	318	385	342	539	490	377	474	517	503	459	385
LOC413782	1487	1568	1501	2402	2301	1521	1723	2027	2133	2024	1771
LOC413783	92	143	108	177	144	104	181	196	159	120	131
LOC551552	791	919	1030	1361	1122	886	1115	1091	1354	1304	943
LOC113218831	13	16	18	21	22	14	11	25	31	13	16
Mir9879	0	2	0	3	1	3	0	4	0	1	2
LOC727306	413	378	419	580	525	431	435	501	466	482	387
LOC727310	158	332	266	437	345	226	320	365	403	363	308
LOC410136	1649	2087	2002	2792	2487	1998	2438	2468	2735	2481	2043
LOC552604	910	1634	1551	2700	2088	1749	2682	2287	2573	2083	2021
LOC113218832	7	4	8	8	4	3	4	12	13	15	7
LOC409358	228	266	265	495	351	284	263	293	442	321	273
LOC107964680	0	0	0	0	1	3	0	1	2	0	0
LOC100578967	2	2	3	0	3	0	2	2	1	1	0
LOC725965	5	6	15	10	7	11	14	5	10	1	2
LOC725935	51	124	57	101	85	72	58	67	70	69	60
LOC552362	330	402	470	626	539	474	547	476	604	495	461
LOC409986	1280	2076	2057	3563	2549	2033	2399	2546	3304	2487	2510
LOC725801	43	75	83	137	103	71	88	77	121	88	98
LOC102655611	33	45	27	38	55	38	63	19	55	39	37
LOC100578804	19	31	33	48	20	59	30	34	52	42	37
LOC107964013	2	9	12	21	15	17	15	12	22	30	8
LOC102655494	47	42	76	62	57	52	69	55	59	39	56
LOC725914	72	83	56	76	78	73	98	72	73	82	82
LOC113218835	10	4	7	1	1	8	4	5	12	6	16
LOC100578659	35	52	50	96	57	44	59	58	77	62	61
LOC726133	366	518	477	811	681	455	639	615	765	602	524
LOC411140	21	32	33	36	36	33	43	50	59	34	32
LOC726163	140	172	149	221	202	179	157	190	218	154	197
LOC408869	10801	9601	9704	12711	13393	10560	12610	12037	12291	11725	11101
LOC551460	358	988	961	1386	1213	1031	1557	1352	1395	1073	1157
TRNAL-UAA_3	4	1	4	1	2	4	2	2	3	4	2
LOC102656082	6	12	29	6	5	5	12	4	14	5	6
LOC100578391	222	212	179	259	220	179	248	216	239	245	276
LOC100578289	24	33	18	30	32	26	30	44	31	35	16
LOC113218837	3	8	4	6	8	3	4	1	5	5	8
TRNAN-GUU_2	0	0	0	0	0	0	0	0	0	0	0
TRNAT-AGU_1	0	0	0	0	0	0	0	0	0	0	0
LOC726338	234	247	215	317	289	260	238	270	308	254	275
LOC100578257	399	499	463	626	558	422	567	512	606	604	386
LOC100579053	244	312	417	666	631	471	445	491	650	517	433
LOC551660	1789	1561	1667	2205	2122	1546	1782	1957	1957	1859	1624
LOC408868	1021	1202	1233	1676	1256	1230	1442	1503	1277	1496	1311
LOC726463	122	120	143	179	146	118	122	175	136	135	155
LOC726481	5	9	18	21	25	11	13	18	26	14	18
LOC102655859	62	74	92	112	104	71	81	86	87	115	61
LOC552656	342	358	379	598	456	392	391	550	509	474	402
LOC413720	409	443	409	649	494	467	538	562	675	579	532
LOC113218912	0	0	0	0	1	0	0	0	0	3	0
LOC100576298	226	210	189	306	215	213	192	214	257	231	210
LOC726399	3332	2835	3250	4387	4320	2863	3806	4178	3642	3802	3477
LOC413721	528	848	866	2294	1397	1270	1568	1463	2069	1040	1233
LOC100576146	48	74	65	177	82	114	85	82	176	86	83
LOC100576110	527	787	658	1036	809	832	973	1040	993	955	825
LOC552600	832	1009	910	1217	952	854	1286	1218	1095	1136	923
LOC552586	440	322	302	468	438	329	334	479	372	434	366
LOC411814	287	480	494	888	686	575	650	816	946	675	594
LOC411685	987	1573	1565	2881	1862	1312	1960	2061	2024	1952	1488
LOC102653944	9	22	18	15	18	15	16	14	18	18	19
LOC100578523	477	401	401	558	604	432	545	505	585	500	447
LOC409158	193	172	219	334	254	226	251	233	352	241	219
LOC411683	314	386	365	591	510	399	433	471	492	437	396
LOC552491	777	1165	1130	1770	1434	1223	1369	1302	1740	1458	1292
LOC413699	322	370	443	775	592	471	466	574	662	471	523
LOC413698	41	49	57	114	69	93	72	59	79	82	73
LOC552005	10	18	40	9	10	14	22	10	6	10	8
LOC102656070	1101	1046	1048	1719	1412	1078	1524	1571	1533	1426	1564
LOC100576260	60	49	39	65	58	51	43	75	61	61	47
LOC726699	166	195	125	222	189	159	254	208	233	227	178
LOC413192	313	309	352	414	419	301	307	398	370	383	324
LOC726656	885	1859	1704	2341	2196	2004	2212	2262	3085	2662	2227
LOC412994	14	10	21	51	19	21	50	26	41	15	24
LOC412896	212	359	354	644	556	394	525	513	635	478	481
LOC107964750	11	18	13	12	5	19	15	23	20	11	23
LOC726762	218	134	111	138	152	120	259	129	136	116	128
LOC412259	133	200	189	269	210	173	221	188	236	194	160
LOC411802	15	75	104	195	91	85	71	85	207	79	100
LOC552801	226	517	477	1055	671	578	538	797	1100	682	637
LOC100576932	1384	1405	1303	1906	1674	1485	1779	1676	1925	1918	1405
LOC726343	48	41	54	55	62	70	43	45	67	69	59
LOC551613	682	976	943	1400	1134	1026	1198	1336	1393	1157	1150
LOC100576812	401	407	381	574	498	403	411	516	572	560	432
LOC410013	324	413	504	492	1105	531	723	1085	447	840	878
LOC551570	156	251	202	372	310	252	292	305	314	305	263
LOC551544	141	224	316	323	157	189	199	190	211	166	164
LOC102656392	7	10	15	23	13	15	21	12	19	15	21
LOC408953	4028	5463	5268	7738	6749	5882	6549	6684	8268	6875	5770
LOC411186	76	85	138	89	75	65	143	77	64	65	73
LOC551400	96	81	86	122	97	87	106	132	88	90	97
LOC411185	61	79	83	148	108	94	117	115	159	116	116
LOC107964008	6	9	26	28	20	25	31	25	15	25	13
LOC726842	1262	1318	1204	1941	1813	1592	1879	1642	2145	1581	1647
LOC102653847	522	481	467	666	627	537	631	523	625	666	516
LOC413152	47	119	124	208	181	161	173	207	289	238	221
LOC409277	225	460	346	549	548	501	609	694	817	756	593
LOC102653805	0	0	0	0	0	0	0	0	0	0	0
LOC409278	890	1105	1273	1312	1272	1149	1310	1657	1442	1376	1287
LOC409590	41	74	83	115	83	61	43	81	101	60	70
LOC100577707	2177	3193	2921	4220	3585	3009	4049	3759	3904	3846	3321
LOC410041	188	294	240	471	299	238	365	384	468	355	285
LOC409083	164	191	194	272	276	203	254	230	244	211	220
LOC551193	25	26	22	53	28	33	33	38	45	30	41
LOC409082	118	254	223	459	306	330	312	397	532	328	318
LOC726196	236	226	217	419	373	275	268	350	451	376	332
LOC409350	1886	2590	2414	3833	3053	2571	3142	3161	3250	2918	2692
LOC551349	443	753	607	1141	859	753	984	958	1029	898	837
LOC409806	279	391	376	474	400	357	424	418	518	405	430
LOC412274	63	106	117	220	155	129	124	155	198	169	176
LOC409410	1680	2630	2502	4204	3570	2898	3363	3674	3995	3329	3191
LOC100577220	28	37	35	64	34	25	44	60	58	51	50
LOC727260	259	338	366	474	386	346	388	317	539	410	360
Eif3h	721	661	686	1066	898	843	691	905	852	839	752
LOC413831	54	79	90	191	152	102	95	138	163	101	96
LOC727249	166	304	316	628	385	382	429	461	609	389	471
LOC727247	110	92	78	126	89	77	84	100	88	86	89
LOC102656137	225	370	454	597	481	341	446	448	579	474	447
LOC727239	156	205	140	329	192	173	174	232	214	184	206
LOC727230	637	852	763	1345	998	939	1030	1033	1334	1062	1013
LOC100577972	429	683	667	1027	738	625	719	926	1176	784	863
LOC551295	1272	1464	1483	2520	2035	1659	1589	2066	2241	1845	1944
LOC551260	618	466	521	602	600	486	617	641	623	672	477
LOC551225	603	840	759	1149	1058	828	967	1040	1260	1024	1033
LOC413410	185	320	318	529	377	317	322	419	589	415	439
LOC107964720	7	3	3	7	7	5	6	5	4	2	0
LOC102655721	7	6	11	8	5	9	24	14	4	15	8
LOC413411	227	401	361	569	431	362	492	457	435	464	385
LOC724262	238	183	210	289	223	173	172	209	201	207	198
LOC413246	3317	3343	3399	5262	4244	2941	3769	4321	3933	3825	3793
LOC413247	30	26	26	45	36	34	27	36	63	47	26
LOC413248	106	155	161	263	246	209	225	234	303	254	272
LOC107963976	20	17	20	19	21	21	20	24	25	23	33
LOC107964737	2	14	8	8	4	6	10	8	4	0	5
LOC100576687	19	13	33	31	22	7	21	29	29	17	27
LOC100576755	0	3	0	6	2	1	0	0	0	1	1
LOC413334	327	242	234	341	348	303	325	326	382	311	307
LOC413333	7	18	9	24	15	16	26	22	19	19	17
LOC413332	133	537	670	1198	587	587	705	766	881	710	740
LOC724817	168	137	153	212	187	148	180	196	219	174	161
LOC411233	371	484	519	727	631	453	537	660	635	562	521
LOC411234	51	166	188	363	222	189	203	246	401	196	238
Nipped-B	131	123	243	371	184	144	221	217	282	158	195
LOC102654592	2515	1699	1627	2157	2232	1355	2220	1699	2008	1858	1642
LOC113218536	75	113	100	144	116	105	104	161	106	129	119
LOC102654560	10	11	6	11	20	10	20	20	15	5	42
LOC411586	1725	1714	1948	3029	2479	1805	2469	2437	2576	2377	2311
JHBP-1	867	812	800	1048	1209	986	1355	1320	1308	1280	1015
LOC100577221	70	114	100	151	95	86	69	74	108	89	93
LOC725174	24	30	25	39	30	21	19	33	38	27	26
LOC100577132	45	56	71	47	79	59	40	47	68	46	61
LOC100577098	4	27	23	32	19	23	30	32	49	33	26
LOC100578137	15	16	8	10	12	7	18	9	17	10	4
LOC413153	196	189	213	457	364	304	258	421	458	274	351
LOC551437	376	308	300	397	442	341	357	373	431	417	315
LOC100577026	112	135	84	159	95	152	117	127	118	130	114
LOC551405	10	16	5	19	13	10	18	15	20	18	5
LOC411748	794	505	551	648	699	555	702	609	614	708	548
LOC113218887	19	18	23	22	26	21	31	10	19	20	15
LOC102654639	1	4	5	9	15	7	2	12	3	3	3
LOC102654659	20	18	29	13	32	13	23	12	21	8	23
LOC107964757	67	71	62	80	88	69	107	112	70	79	75
LOC725481	194	260	271	415	359	278	370	324	424	317	337
LOC551644	3878	3469	3179	4268	4354	3140	3366	4074	3570	4364	3140
LOC102654594	122	98	123	175	169	132	147	208	152	167	181
LOC100577997	114	62	70	38	36	36	84	26	49	50	48
LOC413384	168	110	140	130	105	106	202	140	151	113	124
LOC413383	146	169	253	205	231	181	286	271	225	153	246
LOC100576841	1814	2276	1990	2642	3035	2112	2737	3433	2695	2955	2763
LOC107964766	27	19	23	29	40	23	49	22	25	25	21
LOC102655332	154	259	293	474	354	339	396	394	420	320	835
LOC409691	75	148	129	198	212	193	180	215	198	164	194
LOC408952	2466	3619	3429	5501	4882	3940	4644	4955	5651	4810	4440
LOC408951	3438	3927	4495	7279	5759	4113	5108	5701	5382	4753	5097
LOC725708	878	931	877	1197	1076	846	966	1002	1090	993	901
LOC408950	2269	2985	3002	4802	4081	3184	3454	4250	4489	3840	3412
LOC411231	152	200	207	326	283	226	254	277	225	232	202
LOC725762	0	0	0	0	0	4	0	0	0	0	0
LOC411230	427	488	528	787	684	470	561	705	684	632	638
LOC408949	269	344	365	680	449	355	447	490	565	405	455
LOC411229	143	182	135	268	232	114	224	179	249	171	184
LOC100577781	298	394	433	731	325	345	470	398	545	396	495
LOC102656013	18	5	14	17	16	8	17	11	13	14	14
LOC100577744	3	0	1	5	17	0	7	1	4	5	3
LOC100578235	197	197	196	275	255	165	211	237	221	219	173
LOC413637	9	22	30	78	56	19	53	32	77	34	41
LOC413065	282	343	403	582	534	361	452	480	509	386	403
LOC408942	1080	1337	1251	1924	1654	1330	1753	1544	1885	1492	1255
LOC408944	588	1246	1522	2354	1538	1588	1959	1949	2031	1544	1788
Mir9870	0	3	4	0	5	2	0	5	0	0	0
LOC113218911	31	20	37	21	20	29	24	28	37	32	15
LOC102655976	39	53	52	65	47	44	68	77	74	47	58
LOC113218913	0	0	0	0	0	0	0	0	0	0	0
LOC411227	410	463	463	870	773	637	718	799	870	648	661
LOC408945	2081	2034	1915	2854	2901	2120	2812	2833	3058	2660	2371
LOC102656332	16	27	16	39	26	18	16	20	44	19	28
LOC102656309	54	34	33	57	73	39	59	63	43	60	37
LOC726210	1394	3493	3298	4696	4448	3878	5530	5064	4277	4527	3867
LOC102656548	121	126	133	200	111	147	159	234	164	151	153
LOC100578177	354	368	338	491	378	306	447	448	413	419	341
LOC100578207	155	246	199	310	286	265	405	294	339	312	222
LOC726358	608	1269	1260	2267	1625	1397	1961	1567	1913	1408	1408
LOC726379	202	266	246	406	352	256	277	314	481	325	329
LOC551662	449	527	513	770	659	453	581	569	589	549	500
LOC413167	112	339	325	549	392	415	381	456	580	370	406
LOC100577541	2	4	7	10	0	4	6	6	7	6	9
LOC100577489	6	4	5	6	10	2	20	9	2	3	6
LOC100577453	92	61	71	57	68	81	93	41	53	58	40
LOC100577571	419	457	436	592	383	433	515	578	581	539	478
LOC409801	130	118	506	252	714	382	355	578	385	443	794
LOC413168	4159	4118	3972	5920	6588	5213	6906	7862	6009	7195	5740
LOC726532	0	0	2	1	1	1	0	1	0	2	0
LOC409802	2209	2256	2214	2997	3047	2250	2570	3029	2793	3033	2247
LOC113218898	42	75	71	130	104	74	72	62	86	69	59
LOC100578236	905	421	492	391	469	341	644	346	433	420	419
LOC100577723	11	49	54	31	29	36	41	23	44	37	40
Mir1000	5	10	5	3	3	6	3	4	5	4	6
LOC102654578	12	5	4	10	4	4	16	12	3	15	6
LOC412681	194	363	368	617	454	384	495	532	574	467	439
LOC724263	787	653	583	728	738	595	617	707	597	753	566
LOC100577875	80	74	52	82	85	57	63	84	65	73	65
LOC724353	352	344	326	460	380	339	407	435	498	424	406
LOC409768	732	1644	1586	2318	2071	1718	2475	2385	2636	2164	2045
LOC413098	108	171	190	239	228	218	223	188	308	210	193
LOC410140	762	1575	1752	3254	2278	2030	2494	2202	2984	1929	2006
LOC113218909	3	5	12	8	4	0	4	3	8	3	2
LOC107964742	31	32	29	33	33	37	32	31	35	35	24
LOC100578053	55	41	54	73	48	53	53	42	23	37	62
LOC100577507	1	1	2	11	5	0	9	8	4	3	2
LOC100577476	12	17	15	16	13	12	14	29	11	8	5
Mir3049	0	0	2	0	0	0	0	0	0	0	0
LOC107964744	2	0	1	1	0	1	0	2	1	2	3
LOC107964743	0	0	0	2	0	0	0	0	6	0	0
LOC550687	5190	6074	5102	9056	7352	5854	7156	7144	7869	7373	6348
LOC413957	127	274	246	427	281	229	275	333	314	268	259
LOC413958	503	639	571	1008	760	517	620	663	766	706	673
LOC100577341	522	411	382	473	543	307	351	507	405	491	345
LOC724704	281	453	840	971	630	654	741	624	821	679	614
LOC107964711	16	12	12	22	14	14	13	16	12	19	8
LOC113218905	84	102	85	127	88	71	94	107	48	91	81
LOC408939	1040	1033	1053	1466	1444	1087	1128	1311	1225	1211	1155
LOC411226	77	66	68	98	105	71	103	105	110	85	95
LOC724862	89	101	70	112	73	63	98	89	120	76	86
LOC551130	726	891	945	1445	1233	919	1313	1127	1326	923	1221
LOC102656658	19	19	25	12	18	21	32	13	20	18	20
LOC100577986	377	393	376	627	485	377	485	459	562	428	444
LOC551047	654	666	697	1114	952	760	815	962	897	890	834
Tk	86	91	93	126	119	94	77	131	105	77	85
LOC409913	332	310	295	434	338	306	354	379	398	354	283
LOC102653587	11	8	2	6	12	7	10	14	5	0	5
Mir6058	200	181	198	267	236	157	246	150	256	195	264
LOC725131	7337	5182	5568	9504	6581	3454	5025	7206	8065	5513	6381
Ho	324	326	402	579	437	331	457	401	487	452	362
LOC412521	208	325	345	513	362	340	321	364	336	335	359
LOC725018	98	107	114	148	103	115	115	105	174	131	108
LOC724631	778	678	627	883	842	494	545	967	627	1071	518
LOC412162	23	140	338	429	388	209	333	377	176	60	288
LOC107964775	1	32	44	72	38	6	28	35	16	6	47
LOC113218892	276	250	273	336	295	223	241	288	252	318	246
LOC725260	143	63	117	87	83	56	156	62	79	51	67
LOC107964778	25	10	11	20	11	16	13	6	18	6	11
LOC411986	178	139	255	196	206	154	262	129	170	114	151
TRNAF-GAA_3	0	0	0	0	0	0	0	0	0	0	0
TRNAF-GAA_4	0	0	0	0	0	0	0	0	0	0	0
LOC412642	414	444	414	653	552	435	512	586	489	499	401
LOC412643	148	420	421	817	499	470	557	516	742	499	567
LOC412560	95	169	130	224	212	214	209	189	231	170	170
LOC411502	56	41	52	61	68	48	74	58	89	69	65
LOC100578020	5	10	10	14	5	4	6	3	12	4	8
LOC412332	2254	3445	3259	4827	4109	3701	4579	4368	5338	4485	3661
LOC726823	811	731	686	957	835	670	798	944	946	834	798
LOC727370	278	516	570	1049	701	621	762	876	900	767	769
LOC100578126	77	48	61	49	64	35	85	54	52	40	51
LOC552437	268	230	217	357	340	247	281	309	384	330	302
LOC726664	321	594	542	816	657	592	610	713	856	638	610
LOC100577883	18	29	32	55	37	36	32	35	49	28	40
LOC551304	418	386	344	537	497	365	409	496	509	546	413
LOC551269	513	604	694	981	890	762	822	836	1033	880	746
LOC412393	879	1322	1225	1991	1626	1253	1408	1646	1836	1469	1362
LOC412394	1443	1602	1772	2550	2194	1734	1955	1970	2425	2121	1851
LOC409387	734	679	619	988	832	693	813	820	895	851	737
LOC726786	221	326	341	535	478	448	428	445	614	439	457
LOC107964702	1	3	1	1	1	0	1	3	1	2	1
LOC726362	56895	74151	66839	108897	89439	76349	93510	86788	107573	89368	80865
LOC551524	0	0	0	1	0	0	0	1	0	0	0
LOC409624	134	189	215	434	285	206	200	276	384	212	217
LOC102655754	4	6	8	15	13	4	9	14	14	14	5
LOC409693	273	413	518	787	549	468	476	548	654	563	528
LOC725406	841	1550	1332	2463	1796	1537	1842	2002	2354	1975	1814
LOC107964769	0	0	0	0	0	1	0	0	0	0	0
Mir6061	0	1	0	0	0	0	0	2	0	0	0
LOC412552	66	93	60	76	86	63	100	66	124	92	73
LOC102654121	353	433	425	681	608	438	486	602	664	542	490
LOC552152	677	642	638	759	800	581	576	728	658	766	601
LOC727091	104	253	239	397	328	252	293	339	319	270	447
LOC107964703	0	1	0	0	0	0	6	0	1	0	1
LOC102654482	1	3	12	4	8	9	8	6	5	7	4
LOC100577143	0	0	0	0	0	0	0	1	0	0	0
LOC414028	59	111	137	234	176	120	118	120	227	130	157
LOC100577472	16	23	12	14	6	11	23	15	12	7	7
LOC107965778	2	3	5	12	0	3	4	9	2	1	9
LOC413873	14	14	38	49	40	32	32	39	48	45	42
LOC409386	235	291	284	560	450	381	324	480	613	378	401
LOC726401	46	65	68	67	93	46	88	86	53	50	44
TRNAV-UAC_1	0	0	0	0	0	0	0	0	0	0	0
LOC107965780	0	0	0	0	0	0	0	0	0	0	0
LOC724823	4	13	16	26	9	15	16	28	25	17	23
LOC102656403	4	16	16	23	17	7	11	21	17	15	19
LOC113218567	17	26	28	39	22	13	22	25	29	25	29
LOC113218901	2	1	0	0	1	1	0	0	1	0	1
LOC107964762	56	173	179	336	206	259	214	273	250	187	239
LOC113218900	0	5	11	0	6	0	2	6	7	4	0
LOC413176	205	407	273	470	376	344	331	401	480	406	370
LOC725416	247	214	189	310	300	259	311	311	420	340	260
nAChRa4	226	158	108	78	147	111	232	119	121	96	129
LOC724612	1598	2136	2143	3689	3363	3316	3495	3272	4621	3247	3382
LOC409077	206	758	1372	1175	302	262	841	1520	548	849	1064
LOC100576606	42	71	78	113	113	82	99	87	130	104	84
LOC107964773	10	14	28	20	20	7	11	19	21	8	24
LOC413280	351	700	771	1635	992	756	813	1032	1446	869	932
LOC409851	180	497	432	794	654	430	482	623	726	530	768
LOC102653770	12	4	5	17	10	8	10	22	14	11	12
LOC550818	199	206	233	376	306	245	293	280	383	249	241
LOC411599	53	79	89	165	93	105	65	71	161	76	95
LOC107964751	276	411	349	520	492	324	359	323	492	375	373
LOC100578995	0	9	26	9	7	3	4	4	14	5	1
LOC724312	5	5	16	9	0	7	10	9	10	3	1
LOC100576528	2343	1764	2026	2422	2787	1911	2764	2553	2624	2529	2272
TRNAP-UGG_1	0	0	0	0	0	0	0	0	0	1	1
TRNAP-UGG_2	0	0	0	0	0	1	0	0	0	0	0
LOC100188904	1599	1724	1695	2998	2520	1905	1657	1947	2352	2093	1821
LOC409389	1227	1568	1484	2530	2049	1598	1872	1949	2212	1884	1795
LOC100576492	79	71	64	78	129	64	85	67	80	133	64
LOC724659	90	77	53	112	89	69	86	94	91	120	74
LOC409212	517	848	757	1421	1129	1073	1246	1225	1269	1068	902
LOC107964732	0	1	1	0	0	0	2	0	1	1	0
LOC551779	1057	1240	1252	1830	1696	1536	1493	1686	1916	1675	1454
LOC408937	3197	4425	4051	5694	3750	3561	4024	3870	4216	4046	3799
LOC551602	83	77	126	175	116	96	137	120	153	105	123
LOC408936	4125	6961	6384	9883	7691	6567	8755	8553	9142	8109	7118
LOC113218914	0	0	0	0	0	0	0	0	0	0	0
LOC551661	37	33	30	49	62	32	80	33	38	31	45
LOC100576263	25	45	22	55	27	25	50	37	43	31	40
LOC408935	1908	3093	2915	6041	4505	3166	4227	4105	5075	3393	3708
LOC725019	39	47	55	46	33	63	43	52	35	36	32
LOC102656007	8	11	17	14	7	6	13	15	30	11	13
LOC725064	414	510	637	875	693	681	737	661	739	557	554
LOC408934	153	265	241	489	418	304	410	510	520	290	324
LOC409125	258	456	389	663	402	366	438	483	641	379	486
LOC412799	1951	2987	3054	5423	3682	3322	4109	3720	5487	3592	3958
LOC113218888	12	8	10	12	15	6	8	0	9	4	10
LOC411750	549	736	720	1291	1006	837	988	1014	1369	925	1014
LOC725594	1303	1682	1960	2608	3440	2554	2842	2872	3073	2607	2482
LOC725515	45	88	114	283	158	167	127	185	278	140	184
LOC551102	847	1154	1297	1920	1571	1294	1732	1780	1956	1571	1476
LOC552509	227	206	240	374	249	252	255	284	322	311	310
LOC725407	11	18	18	25	20	9	24	20	20	17	10
LOC725366	14	22	11	22	29	21	23	29	35	24	16
Or170	94	126	106	160	147	154	118	110	155	139	108
LOC102654841	42	59	49	86	120	77	70	70	103	48	84
LOC102654878	10	4	5	28	19	19	24	17	23	21	26
LOC725261	264	399	316	575	536	463	589	587	519	424	465
LOC725219	9	18	15	24	23	32	14	19	19	25	16
LOC113218895	16	46	49	100	69	71	84	53	104	83	73
LOC100576960	205	245	244	406	348	252	294	356	329	375	314
LOC113218566	183	353	411	648	491	419	410	491	612	527	450
LOC727088	265	267	293	439	382	259	344	360	380	391	320
LOC552130	17	13	14	7	23	15	18	14	17	15	15
LOC552157	83	138	132	167	79	89	108	99	114	91	101
LOC412454	531	738	762	1033	802	830	958	900	1123	983	866
LOC413354	330	556	498	876	633	544	648	707	758	604	634
LOC726134	241	428	347	718	462	362	424	415	618	490	397
LOC411223	57	59	62	64	76	47	76	69	72	87	57
LOC725936	3928	4090	5802	10682	8013	4849	5630	6859	7844	5619	5948
LOC113218903	101	70	64	64	95	56	98	73	55	60	56
LOC551259	4279	8788	11083	20990	15173	11036	14597	13645	15185	11603	10378
LOC102655685	111	121	93	120	194	119	139	144	103	152	162
LOC113218902	3	0	0	8	0	3	1	0	0	1	0
LOC100577510	0	3	0	1	2	0	2	0	1	0	0
TyHyd	842	1747	1733	2736	2739	2615	2766	2728	2203	2301	2600
LOC724313	56	27	32	13	29	26	45	23	19	18	48
LOC113218906	19	24	12	13	27	5	15	19	9	10	10
LOC102655814	276	231	250	336	414	351	346	379	408	318	335
LOC724355	219	259	265	351	277	222	253	339	295	303	313
LOC411220	21	26	26	15	13	15	27	28	26	24	10
LOC100577385	350	475	588	724	490	564	822	715	547	610	699
LOC102655674	2	1	4	6	1	3	6	3	0	1	2
LOC406124	3416	2127	2225	2694	2562	1946	2684	2281	2503	2478	2313
Hsp90	16651	11252	11597	18416	16487	15516	17822	21793	18627	19735	15384
LOC552259	339	525	578	1094	904	743	685	913	1274	816	819
LOC724567	597	582	538	751	690	539	631	680	701	789	625
LOC409934	1873	2654	2747	4640	3605	2928	3471	3798	3832	3548	3301
LOC409933	952	1386	1440	2275	1831	1652	2180	1953	2228	1791	1798
LOC413495	153	165	226	239	242	209	175	226	249	198	158
LOC413494	178	312	293	551	447	417	416	490	505	472	455
LOC413493	177	246	219	390	259	241	239	267	320	255	226
LOC408926	320	417	468	625	425	365	460	515	495	472	406
LOC411219	217	430	452	752	530	475	578	508	695	549	520
LOC100576741	12	7	4	11	9	3	6	10	4	5	5
LOC552104	714	906	907	1373	1142	1059	1051	1168	1573	1211	1183
LOC107964764	266	287	234	292	347	249	322	301	300	324	249
LOC412491	339	632	601	1108	762	652	741	788	969	720	708
LOC411218	116	286	242	492	405	279	295	392	376	334	320
LOC411217	87	118	84	130	78	63	77	69	114	76	80
LOC725329	40	57	68	42	41	47	48	60	45	24	27
LOC102656570	32	7	10	4	16	16	13	8	17	9	8
LOC102656511	136	82	82	72	102	66	114	80	59	58	88
LOC113218893	43	25	22	18	28	23	35	32	23	27	20
LOC107964724	28	24	16	11	22	15	21	15	19	11	13
Mir3741	1	0	3	4	2	0	1	0	0	2	0
LOC107964728	15	7	21	9	7	11	14	16	15	10	6
LOC113218894	35	17	27	24	25	22	18	21	22	11	12
Mir276	0	0	3	0	1	3	3	8	0	0	0
LOC725233	970	338	542	401	605	344	562	324	345	406	396
LOC107964726	3	7	5	16	14	8	17	24	24	35	10
LOC411215	81	86	74	104	65	74	69	85	72	86	60
LOC408925	372	417	415	580	482	391	500	539	536	475	396
LOC551898	36	45	36	40	47	43	49	57	31	11	24
LOC100577235	0	0	1	0	0	0	3	0	0	0	3
LOC100577156	9	16	4	21	28	9	9	10	31	17	19
LOC551879	29	39	35	22	68	20	26	19	19	33	30
LOC411706	159	207	241	224	666	281	279	234	327	315	222
LOC725668	19	18	13	16	20	11	22	14	19	14	16
LOC100577307	1173	1747	1698	2494	2605	2049	2250	3041	2950	2561	2794
LOC411712	75	92	82	145	167	118	136	147	142	173	131
LOC551805	174	233	291	522	276	254	280	341	368	278	242
LOC113218908	2	9	13	11	3	3	12	4	11	7	4
LOC551778	15	31	28	53	72	30	41	39	68	51	33
LOC409364	125	149	175	328	259	228	226	241	356	225	268
LOC727418	37	46	37	43	57	29	24	24	32	39	32
Adk1	485	418	533	691	857	560	520	653	731	618	451
LOC550694	756	860	958	1661	1254	923	1049	1182	1301	1211	1109
LOC727520	220	235	221	302	265	232	202	305	383	276	233
LOC551702	71	116	86	151	144	112	88	134	200	140	132
LOC412810	582	1300	1196	2016	1838	1597	2181	2044	2314	1713	1790
LOC113218915	4	0	0	0	0	0	0	0	0	0	0
LOC102654601	0	2	0	3	1	1	4	1	0	0	0
LOC412808	1324	1522	1492	2062	2215	1577	2093	2243	2228	2382	2237
LOC102654777	20	24	42	40	26	25	31	28	16	23	33
LOC409619	44	19	21	17	25	14	46	14	19	28	34
LOC551180	32	42	55	53	62	28	41	47	57	45	42
LOC551224	163	86	116	85	129	81	130	71	78	73	82
LOC724518	440	240	245	344	355	238	383	311	326	320	267
LOC724568	734	751	696	1123	814	700	933	979	867	825	850
LOC107964771	1	1	3	2	1	1	1	6	3	5	2
LOC412806	260	278	298	366	369	294	332	354	395	358	315
Ant	9412	14520	14861	25233	22210	18147	19905	20943	25038	17837	18353
LOC724660	927	2007	1707	2952	2136	2031	2496	2448	2562	2070	2023
TRNAA-AGC_3	0	0	0	0	0	0	0	0	0	0	0
TRNAA-AGC_4	0	0	0	0	0	3	0	0	0	0	0
TRNAA-AGC_5	0	0	0	0	0	0	0	0	0	0	0
LOC724705	52	23	39	72	56	11	72	49	77	67	90
LOC102655337	39	27	33	21	36	17	26	46	18	30	21
LOC100576293	48	51	75	74	94	82	76	88	78	73	80
LOC724749	54	34	33	41	23	33	29	56	50	43	20
LOC412804	54	113	105	196	115	103	107	130	190	115	125
LOC100578503	200	358	368	530	423	382	505	476	450	432	410
LOC724863	241	230	251	396	264	229	270	259	370	298	272
LOC412371	858	1116	1219	1847	1428	1264	1530	1704	1749	1538	1519
LOC412372	419	578	568	788	696	504	597	627	714	620	510
LOC551998	142	186	238	377	247	219	244	237	364	297	272
LOC409252	142	244	226	389	295	236	221	322	418	276	365
LOC727001	103	150	146	243	204	168	161	217	276	214	210
LOC100578629	73	96	125	163	145	118	134	134	193	146	121
LOC410119	113	230	219	446	300	273	271	391	416	347	393
LOC100578704	101	112	73	116	100	60	98	104	74	82	76
LOC408924	307	403	474	781	577	502	587	650	768	646	706
LOC408923	323	377	384	621	565	412	700	654	724	526	567
LOC411214	173	110	111	128	163	132	246	163	147	121	150
LOC100578816	19	37	25	36	34	31	45	38	19	23	39
LOC408922	256	167	147	150	159	123	201	173	187	135	120
LOC411213	152	117	147	182	140	151	192	140	170	114	100
LOC411212	251	197	246	265	242	152	255	169	234	170	207
LOC102654113	8	15	0	1	3	1	2	0	0	4	4
LOC411201	354	299	305	252	268	198	383	309	277	257	300
LOC100578483	138	144	137	233	226	180	175	205	234	204	164
LOC102653960	210	146	149	185	180	140	192	209	193	181	144
LOC409558	16	57	79	160	81	106	101	110	167	92	143
LOC409106	236	401	403	736	554	525	490	497	768	518	486
LOC724617	940	992	842	1306	1170	971	1135	1122	1098	1096	936
LOC409107	685	1090	906	1779	1274	1105	1319	1457	1786	1347	1255
LOC726363	495	449	479	769	610	481	509	515	621	584	521
LOC414012	611	979	949	1755	1318	1062	1203	1382	1648	1400	1258
LOC724672	261	367	331	576	478	435	445	507	635	450	569
LOC410162	1470	1614	1517	2093	2085	1674	1875	1985	1929	2023	1633
LOC414014	558	835	893	1557	1157	941	1087	1125	1424	1062	999
LOC100578232	292	269	228	350	263	222	251	299	263	291	271
LOC413345	300	388	409	574	471	427	424	497	540	476	403
LOC552617	613	694	715	1004	947	717	883	919	1038	887	861
LOC552605	403	709	724	1222	961	801	1000	1114	1240	1068	915
LOC550970	1683	2838	2869	4757	4603	3996	4060	3988	5931	3462	3641
LOC100579008	75	40	69	65	103	83	86	129	74	88	76
LOC411199	165	92	157	243	207	116	190	194	159	152	133
LOC724436	8	17	15	4	19	11	18	12	9	8	20
LOC411200	17	13	16	20	23	14	20	38	25	22	22
LOC408916	380	417	406	682	634	457	542	512	626	549	521
LOC102655868	25	44	35	45	49	35	26	53	42	30	39
LOC411534	2016	1559	2125	2739	2158	1644	1967	1674	1962	1961	1828
LOC107964760	9	18	12	8	9	11	4	14	8	10	12
LOC409274	728	1176	1196	1813	1306	1204	1355	1388	1813	1444	1333
LOC107964765	16	17	9	8	4	6	17	8	9	6	12
LOC409272	436	375	420	537	430	337	356	401	420	500	370
LOC726661	3	5	8	7	3	9	2	12	5	8	7
LOC552050	361	363	344	493	436	354	379	426	446	462	358
LOC552026	124	271	295	533	370	288	341	404	572	403	398
LOC552000	1527	1433	1385	1811	1562	1373	1492	1681	1749	1860	1455
LOC100578975	281	231	322	450	343	340	229	356	428	330	369
LOC726833	207	445	357	794	520	519	434	573	853	482	578
LOC409645	147	225	230	415	315	247	253	304	361	275	301
LOC100578937	1128	1363	1389	1875	1689	1518	1782	1666	2009	1771	1601
LOC727251	208	231	340	442	352	311	380	367	445	415	340
LOC107964774	2	8	16	25	11	8	10	11	14	9	16
LOC552087	358	437	411	646	465	419	459	485	643	437	517
TRNAQ-UUG_6	0	0	0	1	0	0	0	0	5	0	0
LOC552061	421	508	619	1191	768	565	705	732	1098	786	723
LOC412755	215	300	297	489	433	332	422	413	390	373	382
LOC413433	270	307	309	573	499	415	480	507	549	432	479
LOC411947	603	592	512	687	695	608	577	660	698	649	503
LOC727227	499	719	774	1150	896	701	915	1105	1190	882	920
LOC100578834	3	27	26	70	39	28	31	50	38	35	43
LOC552585	293	638	608	1303	812	766	926	865	1067	750	908
LOC100576974	299	320	302	405	385	335	359	360	431	423	347
LOC107964776	2	11	8	9	4	1	5	2	0	4	4
Arp1	1351	4940	4875	10161	6002	5917	7412	6839	8165	5685	6616
LOC552568	396	547	477	924	659	547	593	848	749	764	728
LOC413361	249	305	330	536	450	399	404	412	690	377	399
LOC413362	32	87	65	122	97	78	75	106	127	96	87
LOC100576784	242	273	242	453	379	289	301	365	336	381	301
LOC552505	1405	1045	1266	1831	1809	1212	1493	1345	1708	1312	1399
LOC410067	266	568	534	956	709	582	642	590	853	609	574
LOC100576497	47	62	31	88	69	46	50	78	71	62	43
LOC724893	352	486	477	688	601	463	502	541	554	539	486
LOC102653798	111	124	101	119	100	99	125	145	113	100	103
LOC412176	227	339	355	639	500	412	478	489	644	429	511
LOC550834	324	341	396	585	471	383	412	421	539	463	439
LOC724869	15	28	23	47	43	23	23	33	30	29	41
LOC724757	529	417	369	502	476	422	395	544	500	509	436
LOC411541	97	145	163	256	185	167	159	226	257	196	196
LOC411540	316	416	406	643	462	401	448	430	640	481	483
LOC411539	624	1030	949	1487	1408	1148	1522	1498	1589	1348	1460
LOC725330	458	495	502	722	621	475	575	608	629	557	602
LOC408915	45898	29084	31205	43497	44221	30372	41618	37308	40002	38909	34533
LOC102656539	91	68	110	88	81	89	119	80	79	78	65
LOC113218889	0	1	7	3	9	2	4	10	8	3	1
LOC113218890	71	61	111	60	55	53	96	56	78	60	40
LOC725632	59	80	67	94	142	90	124	109	99	94	76
LOC725555	339	409	393	577	508	477	456	580	648	526	492
LOC725516	308	351	338	515	463	446	525	450	473	516	407
LOC552048	840	1736	1194	2489	1739	1336	2206	2944	2312	1907	1751
LOC409045	2288	3002	2517	3918	3075	2531	3906	3576	3495	3316	2810
LOC100576948	111	97	111	131	135	106	118	117	106	79	103
LOC411197	45	27	15	17	18	15	12	15	27	27	14
LOC408914	7159	7138	8414	12725	11900	8952	11134	10430	11151	9948	9360
LOC725915	128	218	184	385	277	235	236	260	389	282	298
LOC100577159	679	599	620	786	767	660	699	613	796	692	687
LOC412818	224	136	153	108	88	84	202	90	150	120	105
LOC102656862	5	8	11	2	3	1	4	11	9	0	1
LOC725966	5	5	10	2	3	1	7	7	1	0	1
LOC100577018	0	1	2	0	0	0	0	1	0	0	0
LOC100576987	1	1	6	0	0	3	0	0	2	1	0
LOC113218899	12	8	19	2	6	3	23	10	15	9	11
LOC102656729	3	2	5	1	2	2	13	2	2	3	2
LOC102656697	1	2	2	1	2	1	3	2	2	4	1
LOC726050	185	126	47	33	56	64	107	74	50	67	82
LOC412817	145	220	238	369	237	260	210	303	368	243	288
LOC551461	207	340	319	519	377	325	452	431	488	411	392
LOC412816	446	496	509	806	665	492	582	685	764	635	588
LOC726164	1496	1137	1136	1486	1597	1168	1387	1523	1374	1564	1284
LOC551337	736	882	845	1213	1013	889	941	1048	1236	1021	984
LOC551293	342	376	346	473	431	393	335	407	405	435	365
LOC100577763	469	643	572	915	754	616	734	699	897	800	712
LOC551223	80	126	98	213	123	96	152	93	179	140	186
LOC551179	1	9	19	14	11	5	19	26	17	15	5
LOC100576694	0	0	2	1	0	1	2	1	0	0	0
LOC409163	4	9	6	6	8	4	5	6	2	6	6
LOC100576599	35	19	8	33	15	23	18	9	23	18	17
LOC551089	425	210	177	229	470	382	490	676	507	455	444
LOC102655858	36	19	15	29	18	13	24	23	22	25	21
LOC409162	44	85	69	118	110	93	110	111	118	100	94
LOC726400	6	7	7	5	10	6	6	9	4	5	3
LOC411696	486	727	717	1023	912	731	779	842	1143	795	783
LOC411695	1655	1691	1697	2503	2358	1893	1900	2257	2364	2309	1894
LOC550875	1141	1090	1042	1535	1341	1119	1247	1419	1425	1303	1163
LOC411908	302	471	515	840	747	500	696	641	859	621	645
LOC411909	276	227	288	412	353	276	326	338	388	364	324
LOC107963990	612	863	888	1502	1065	834	1136	1191	1217	1019	884
LOC411196	457	676	646	1050	863	722	963	874	1043	782	773
LOC724223	510	701	717	1195	942	877	953	979	1142	886	878
LOC408911	400	535	603	1055	861	736	723	853	1100	872	765
LOC411195	350	298	256	470	374	294	327	315	402	352	316
LOC100577498	633	1135	1204	2504	2317	1544	1808	2090	2326	1702	1428
LOC408910	494	283	331	403	412	311	373	309	441	357	338
LOC113218904	76	40	22	21	41	24	36	15	40	43	50
LOC102655089	20	6	7	12	21	7	10	18	7	16	14
LOC102655232	0	5	3	1	3	0	3	2	4	1	0
LOC551804	180	281	258	419	255	252	433	335	421	261	301
LOC411194	68	164	155	293	241	205	251	220	341	237	293
LOC408909	1796	1777	1733	2697	2402	1803	1883	2464	2212	2005	1951
LOC408908	6886	7181	6239	10824	9941	8054	10832	11124	10848	9236	8447
LOC102654115	35	18	56	62	52	61	48	52	54	51	42
LOC102654335	1413	1055	1108	1259	1207	990	1222	1064	1069	1133	961
LOC724569	38	60	73	75	59	64	92	103	60	56	51
LOC408906	2532	2685	2515	4107	2843	2244	3323	3011	3254	2952	2769
LOC113218897	88	107	86	162	101	84	82	84	138	79	82
LOC408905	591	480	475	628	586	504	751	649	613	622	569
LOC408904	628	1022	1195	2221	1338	1128	1243	1488	2129	1486	1473
LOC724706	522	713	612	846	847	606	769	881	911	869	692
LOC552172	103	134	146	284	183	142	165	210	237	209	238
LOC552150	99	151	176	332	221	176	177	216	291	167	237
LOC552125	682	804	821	1236	1076	776	931	1084	1068	1016	888
LOC102653641	44	84	71	143	114	96	113	94	152	111	129
LOC411193	223	285	271	420	383	289	321	364	326	403	268
LOC408903	1545	1982	1854	2838	2586	2362	2990	2573	2877	2388	2108
LOC411192	182	168	223	311	257	192	214	296	243	262	216
LOC411191	208	188	192	264	232	198	185	295	179	211	169
LOC408902	516	597	751	1127	846	690	834	768	900	641	763
LOC408901	1264	1481	1404	2142	1949	1490	1811	1815	2091	1874	1652
LOC100578532	1	0	5	5	2	5	1	0	4	3	5
LOC725175	2	1	0	0	0	2	0	0	2	1	5
LOC107963970	41	36	67	60	80	49	73	104	86	68	135
LOC100578269	15	11	13	14	11	11	9	36	17	6	16
LOC113218907	79	97	86	93	82	74	87	107	74	79	96
LOC408900	1035	1113	1076	1797	1318	1070	1186	1378	1404	1259	1243
LOC725408	1122	1428	1314	2657	2312	1641	2353	2168	2078	1697	1855
LOC725482	76	150	129	191	173	155	191	185	190	162	161
LOC107964730	24	15	22	22	29	17	22	23	17	27	28
LOC411189	126	147	184	249	194	161	256	231	215	230	172
LOC411188	68	72	91	94	153	113	110	131	106	81	131
LOC411187	28	12	40	16	42	19	28	17	25	17	18
LOC408898	2192	2577	2478	4176	3597	2886	3970	3969	4241	3403	3568
LOC408897	825	1090	1149	1736	1434	1080	1598	1410	1348	1214	1275
LOC113218891	2	2	5	0	1	0	2	3	0	1	0
LOC113219335	1	0	0	0	0	0	0	0	2	0	0
LOC413616	11	14	27	43	18	10	22	22	48	24	14
LOC102654234	7	3	1	2	1	2	5	1	8	0	3
LOC102654281	109	68	88	103	87	58	119	62	103	70	73
LOC100577817	4	5	6	18	13	19	14	15	14	9	4
LOC413814	62	220	222	516	352	308	331	370	434	269	310
LOC726915	253	221	187	245	239	208	248	236	250	292	232
LOC411905	332	705	702	1058	992	801	907	971	1170	942	791
Amih	3278	2322	2696	3720	3978	3126	3303	3192	3496	3354	2989
LOC107964825	1	0	0	2	0	0	0	1	0	0	1
LOC100578113	244	259	235	314	311	235	268	316	326	317	200
LOC100578259	342	302	355	502	445	367	414	440	445	403	379
LOC551182	1168	1515	1483	2370	2075	1798	2175	2260	2585	2207	2007
LOC724264	536	673	732	1049	886	623	668	952	787	1005	712
Sod1	10190	9844	9557	12809	12684	9803	11302	12521	12316	12846	9772
LOC409397	165	279	314	468	408	356	299	386	509	424	369
LOC724175	1	5	3	2	1	5	7	5	2	1	10
LOC100577931	526	428	465	681	592	466	548	629	668	545	545
LOC414015	409	741	763	1270	888	780	986	1028	1178	991	890
LOC409692	172	378	390	477	538	459	576	515	603	448	411
Mir9883	24	87	113	137	140	113	123	121	167	91	149
LOC411238	144	189	191	356	220	186	317	275	290	139	185
LOC100576699	139	121	137	176	192	168	185	179	206	161	191
LOC100576405	319	261	270	398	322	269	376	323	391	292	303
LOC113218948	5	6	4	15	7	1	19	12	9	4	9
LOC113218947	9	7	12	15	13	13	10	10	8	11	4
LOC102656347	178	258	300	428	389	335	468	417	459	384	357
LOC113218946	30	19	25	28	62	43	53	51	51	53	39
LOC413002	200	439	367	797	555	483	655	825	847	464	526
LOC102656151	156	123	81	137	139	134	157	171	130	166	124
LOC724630	217	207	182	372	249	235	227	267	316	234	241
LOC100576326	9064	10078	10161	14346	14325	11273	13581	15809	12228	14953	13852
LOC107963995	326	441	483	599	709	457	720	715	652	699	596
nanos	2248	1897	2118	2754	2808	1975	2745	2642	2573	2511	2339
LOC551432	393	278	360	406	350	312	425	383	350	328	386
LOC102655507	13	3	10	9	6	9	7	10	11	16	4
LOC102655790	30	57	46	59	59	47	54	54	49	70	59
LOC100576754	263	321	314	468	335	306	295	371	481	387	373
LOC411239	197	318	291	423	312	288	350	371	381	360	345
LOC551513	174	267	210	367	232	224	310	255	380	284	232
LOC100576381	205	298	288	461	334	295	235	378	485	362	335
LOC411959	381	280	294	295	318	263	274	326	299	332	284
LOC725220	118	173	198	260	207	171	268	237	235	197	187
LOC552732	86	90	94	110	115	80	93	104	119	109	105
LOC107964891	379	277	323	359	360	297	317	329	336	363	275
LOC725065	221	288	235	478	332	244	242	266	392	290	306
LOC113218918	25	40	43	44	43	47	30	44	43	34	35
LOC724931	406	422	440	622	564	503	622	640	639	588	485
LOC409169	424	501	538	802	623	521	533	708	590	669	601
LOC411961	1588	2546	2576	4606	3664	3011	3903	4234	4523	3584	3521
LOC100577539	89	98	97	142	85	75	66	101	69	92	68
LOC113218931	181	161	112	201	174	185	185	150	169	145	150
LOC725844	12	36	32	45	28	30	47	42	37	50	52
LOC102655375	0	2	5	5	2	1	1	2	0	6	0
LOC102655292	21	29	26	34	10	20	37	37	21	17	35
LOC725876	8	16	14	20	31	9	24	11	20	13	11
LOC725908	149	153	148	218	172	160	186	196	198	207	174
LOC100577680	132	148	129	158	117	105	119	137	175	135	144
LOC725973	29	31	16	31	15	14	25	23	17	18	18
LOC552768	264	266	322	410	396	296	330	362	373	354	352
LOC551835	241	300	291	451	325	279	282	360	359	271	318
LOC551807	370	662	676	1398	973	794	823	851	1340	916	893
LOC113218957	668	553	475	698	686	524	674	736	677	644	579
LOC409463	285	370	284	623	399	309	424	402	462	351	368
LOC113218958	3374	3481	3148	5023	4241	3297	3746	4204	4058	4509	3369
LOC552710	863	926	879	1488	1068	939	1183	1186	1296	1162	1064
LOC552717	428	475	468	707	561	430	502	488	632	526	517
LOC725368	1071	1309	1233	1692	1337	1131	1348	1458	1633	1506	1303
LOC409059	465	496	426	601	579	423	520	601	629	545	473
LOC411423	425	549	505	744	663	489	582	609	712	659	566
LOC411693	149	341	334	470	417	328	424	486	536	377	386
LOC102654746	7	7	12	16	8	5	19	7	11	4	3
LOC113218950	352	296	291	485	351	262	326	365	389	411	314
LOC726872	357	350	329	489	387	280	314	360	372	335	291
LOC551422	262	498	446	733	601	537	474	683	969	644	678
LOC726890	136	161	133	143	160	116	171	140	161	200	135
LOC726908	181	486	440	802	594	508	524	673	999	659	593
LOC100576831	47	63	63	48	77	60	84	93	78	69	59
LOC107964901	15	20	15	38	35	22	17	29	57	18	16
LOC412650	405	610	680	1200	985	835	803	810	1242	795	865
LOC100576801	213	251	238	301	312	257	310	307	306	325	256
LOC551137	187	359	302	443	397	338	460	377	488	407	371
LOC413739	390	517	477	655	593	477	531	576	771	705	614
LOC726871	617	620	569	806	1004	707	987	890	888	882	829
LOC552263	582	686	673	1059	810	735	833	929	1180	846	934
LOC413919	140	271	257	458	310	313	329	368	556	355	360
LOC725234	110	108	128	128	123	106	111	126	107	139	107
LOC102653930	2	3	0	5	8	5	1	8	0	13	3
LOC100576663	0	0	0	2	0	0	0	0	0	0	0
LOC113218524	554	563	526	845	765	544	646	666	717	667	594
LOC102653727	10	23	7	34	23	17	20	20	28	8	20
LOC409493	295	318	377	612	497	451	384	496	623	386	483
LOC412444	49	77	36	55	45	50	65	71	69	79	50
LOC412391	39	126	139	216	133	148	127	200	199	154	160
LOC552444	261	376	345	544	476	315	386	483	437	462	410
LOC107964884	229	245	253	369	277	254	275	301	283	237	284
LOC413914	753	1182	1041	2108	1755	1341	1550	1583	2169	1705	1559
LOC413915	411	406	373	539	528	346	467	503	463	490	430
LOC100578826	80	225	270	512	258	278	280	320	481	250	265
LOC412027	41	92	111	218	170	112	147	184	236	137	135
LOC102656529	627	502	458	793	665	573	639	633	779	693	624
LOC551809	191	229	225	323	237	255	237	229	302	304	286
LOC551860	75	125	139	222	178	116	159	185	203	176	191
LOC107964903	415	397	353	544	449	312	455	408	410	455	346
LOC413946	42	73	81	160	153	109	127	153	176	100	141
Mir6048	25	13	27	7	14	23	29	13	23	4	16
LOC409473	1487	1718	1736	2305	2336	1634	1950	2072	2150	2245	1806
LOC410105	269	274	321	477	377	339	423	408	483	335	452
LOC726504	588	572	590	879	670	547	672	623	764	744	688
LOC410106	302	446	378	565	485	380	481	484	590	498	439
LOC551841	360	466	457	722	602	481	664	661	651	520	553
LOC551866	3025	2707	2717	3943	3568	2802	2944	3304	3370	3358	2873
LOC726572	168	138	172	202	166	150	167	159	189	121	177
LOC411841	816	743	726	1030	1065	782	929	954	920	922	811
LOC410107	3	3	12	9	4	7	10	4	8	2	9
LOC552550	102	54	153	185	133	100	75	73	113	100	116
LOC552528	2932	3576	3590	6092	5223	4552	4285	4724	6220	4359	4412
LOC727030	375	527	500	784	681	528	561	766	821	600	622
LOC413293	355	467	419	511	497	338	417	489	466	464	377
LOC727015	310	275	340	369	310	291	295	340	290	329	263
LOC100578363	193	197	165	275	217	186	220	204	227	215	195
LOC412041	36	53	65	88	65	33	54	40	51	38	50
LOC409326	10252	10664	10432	14038	13634	10212	13178	13685	12301	12546	10731
LOC725633	317	269	228	365	422	255	270	347	312	391	276
LOC725669	579	587	624	1001	830	571	551	892	725	802	682
LOC100576300	675	688	683	1086	866	680	809	817	899	851	751
LOC551962	413	907	883	1807	1397	1197	1144	1237	1737	1188	1264
LOC551983	17	38	38	36	26	34	21	31	40	31	27
LOC725764	302	233	292	380	294	301	284	332	359	277	273
LOC552034	725	822	748	1245	1052	864	830	1092	1123	1016	878
LOC410169	293	371	411	705	479	443	504	533	638	502	445
LOC100577982	639	664	737	1059	884	719	771	788	822	912	775
LOC409565	129	116	132	155	155	109	173	110	160	142	121
LOC102654371	20	17	11	13	16	18	21	13	5	9	7
LOC100577229	5	10	9	14	16	9	8	9	4	10	10
LOC100577302	245	326	263	451	322	277	356	350	385	337	319
RpL35	4214	3598	3277	4288	4342	3248	3879	4055	3512	4076	3116
CTL5	7	20	12	14	14	16	16	22	12	22	24
LOC409195	462	444	528	667	503	458	493	543	596	511	446
LOC409196	1696	2287	2198	3588	2732	2355	2694	2762	3130	2630	2743
LOC411771	253	325	375	587	466	367	377	489	523	487	391
LOC409369	53	98	95	156	117	109	114	95	135	118	147
LOC409370	128	329	287	552	430	325	344	426	729	405	435
LOC409371	785	1014	1109	1694	1269	1095	1273	1250	1573	1283	1171
crh-BP	102	164	138	229	127	127	113	151	200	162	158
LOC724393	99	100	77	134	88	67	77	81	121	87	68
LOC724437	26	85	65	151	108	103	67	80	210	132	134
LOC724533	905	949	879	1244	1153	854	1010	1095	913	1149	849
LOC410085	1854	2182	2211	3706	3224	2675	3036	3473	3804	2950	2751
LOC411881	134	276	245	413	331	281	328	342	322	341	336
LOC409250	250	242	236	314	286	242	252	247	311	258	215
LOC724519	159	249	284	434	274	255	305	289	362	299	275
LOC551603	1349	1443	1296	2225	2087	1504	1717	2033	2099	1853	1787
LOC551301	586	739	733	1102	878	833	900	963	963	913	795
ATP5G2	15914	14523	13689	19356	19839	15724	18323	18495	19025	19237	15728
LOC411658	137	236	199	287	214	201	159	237	316	211	197
LOC552596	535	507	531	735	643	617	647	658	706	637	636
LOC100576968	110	159	135	305	196	159	210	226	321	186	180
LOC409150	4109	3544	3300	4882	3951	3038	3460	3640	3881	4086	3158
LOC727647	108	181	209	452	299	264	266	307	441	261	302
LOC727649	394	517	458	583	603	534	496	607	674	560	539
LOC409165	2829	3976	4292	7620	5267	4618	5097	6154	6336	5315	5392
LOC409166	3466	3077	3063	4185	3410	2798	3484	3856	3653	3827	3353
LOC726297	3640	3613	3371	3915	3964	2883	3070	4655	3768	5027	3082
LOC411698	84	169	175	299	231	185	164	188	316	172	225
LOC107964792	121	94	138	191	131	122	116	167	166	159	138
LOC409325	465	829	848	1169	946	920	1103	996	1154	1085	947
LOC409836	398	393	408	584	634	470	575	539	555	462	475
LOC102654020	1	19	2	12	15	11	7	11	16	12	7
LOC113218966	2	2	2	1	2	6	3	6	5	2	0
LOC413252	175	355	310	704	491	422	406	471	691	471	527
Tmem98	228	360	390	586	441	371	399	403	500	331	411
LOC413253	352	386	380	571	503	414	452	500	622	520	509
Twi	32	46	32	52	50	29	41	44	41	38	44
LOC100576319	6	13	13	11	10	9	18	17	7	6	14
LOC107963998	8	2	5	1	2	2	3	4	9	9	4
LOC100577452	300	466	370	649	507	483	372	505	649	529	456
LOC100576382	20	14	12	13	4	11	7	20	5	17	31
LOC726359	261	459	424	699	560	472	619	610	627	505	546
LOC413275	353	444	513	800	622	492	498	550	749	564	558
LOC412439	49	56	81	108	107	75	81	73	97	73	72
LOC102656530	3	0	0	0	5	7	0	2	1	6	2
LOC113218965	12	67	63	102	63	77	55	73	96	49	72
LOC113218569	176	327	374	489	338	309	340	526	483	385	409
LOC413556	114	289	254	435	280	245	335	305	508	391	313
LOC409969	179	235	220	396	386	250	318	354	370	268	316
LOC100577488	0	3	0	3	1	5	9	1	2	4	6
LOC413029	1207	1677	1397	2060	1799	1590	1833	1927	2522	1975	1743
LOC552631	2	8	2	4	6	5	5	2	9	0	4
LOC725020	2	7	13	2	0	6	18	21	4	5	10
LOC724932	248	310	287	455	391	289	337	357	372	325	346
LOC409616	1131	1651	1724	2770	2252	2006	2446	2570	2989	2431	2523
LOC107964793	42	55	48	61	80	80	51	77	86	63	67
LOC552576	85	120	175	302	209	173	188	252	313	186	206
LOC413340	1067	1248	1335	1930	1748	1351	1476	1595	1867	1475	1405
LOC552555	183	226	245	462	355	274	304	362	451	307	271
LOC551029	45	103	89	211	139	105	101	120	228	141	130
LOC102655877	191	233	264	322	249	202	229	240	321	231	224
LOC411974	245	310	290	425	342	309	324	347	313	380	301
LOC102655836	129	136	158	196	183	169	160	196	173	191	170
LOC552494	997	1062	1055	1291	1015	694	855	1410	1036	1497	826
LOC724570	264	206	230	300	416	287	345	508	387	369	344
LOC107964876	75	110	122	145	104	95	115	103	116	109	118
LOC409026	2346	1900	1875	2562	2557	1863	2014	2227	2369	2328	2001
LOC100577722	51	62	69	78	36	43	64	54	67	62	48
LOC100577756	160	170	188	280	192	195	206	209	247	204	192
LOC552400	45	126	139	298	208	193	173	230	345	208	203
LOC552358	2059	4191	4575	8550	4586	4047	5416	5678	8064	5421	5735
LOC102656154	14	42	35	61	45	50	57	58	62	65	51
LOC412115	540	939	921	1659	1281	989	1161	1186	1647	1038	1097
LOC102656719	3	4	9	2	5	5	2	7	1	0	5
LOC552279	153	172	196	292	160	136	193	173	154	168	164
LOC113218917	1	0	1	4	0	2	2	5	0	0	0
LOC725967	611	991	962	1663	1139	945	1204	1162	1220	1099	1237
LOC100577582	468	428	457	849	560	466	543	584	638	592	516
LOC725900	5	12	10	22	25	9	16	16	26	20	17
LOC408957	1009	1977	2077	3755	2710	2127	2811	2870	3275	2611	2512
LOC113218952	8	17	17	20	21	29	17	16	21	12	12
PRF	893	1394	1786	2858	2031	1550	1984	1944	2098	1762	1746
LOC411240	941	1065	1010	1344	1180	1055	1071	1258	1231	1240	1056
LOC411775	275	403	410	578	449	378	477	497	515	485	406
LOC411774	616	739	818	1121	927	775	861	993	1038	1006	884
LOC409197	113	158	233	310	276	240	204	221	291	259	217
LOC725670	4	10	14	7	6	16	6	4	17	5	7
LOC413664	2129	2071	2178	3184	2752	2206	2700	2641	2841	2594	2487
LOC410018	511	802	846	1230	963	868	1034	998	1219	984	943
LOC410017	549	657	586	855	810	677	714	846	801	730	690
LOC413663	823	1117	1076	1897	1674	1350	1707	1628	1811	1505	1431
LOC725483	61	114	120	158	138	107	116	141	133	121	114
LOC551833	395	396	410	573	512	419	461	473	519	489	492
LOC725438	110	98	85	60	147	52	144	70	79	68	72
LOC551780	955	1461	1488	2349	1905	1628	1616	1697	2281	1608	1719
LOC102655052	23	38	40	45	43	27	31	25	43	25	25
LOC107964885	12	32	26	34	19	37	36	39	52	39	37
LOC102655080	10	9	9	25	10	9	19	17	26	23	20
LOC725331	402	703	742	1126	1032	778	1112	980	1160	935	896
LOC551717	7	6	14	10	8	8	13	3	5	3	8
TRNAS-AGA_3	10	3	3	0	2	0	6	0	0	2	2
LOC100578337	241	255	307	293	290	212	423	319	326	331	275
LOC113218945	51	26	38	33	42	17	29	28	23	36	25
LOC408958	153	169	172	355	230	200	237	240	318	186	277
LOC107964821	45	50	34	32	46	33	62	47	32	41	28
LOC102655794	162	182	225	306	206	194	213	252	154	201	185
LOC107964820	196	215	199	284	185	164	194	232	162	218	233
LOC100578572	26	20	35	30	16	10	10	29	27	31	36
LOC100578589	211	229	208	347	218	193	291	302	178	217	279
LOC100578051	270	333	302	416	326	272	427	405	431	336	282
LOC100578698	455	504	559	740	596	458	779	678	610	656	619
LOC100578828	296	400	366	604	412	408	528	499	505	516	451
LOC726586	256	342	270	433	324	269	349	378	416	342	321
LOC551090	278	327	324	535	374	391	460	451	441	416	390
LOC726617	143	186	190	269	231	174	164	221	252	214	176
LOC726636	287	462	447	693	473	420	541	549	643	548	464
LOC725573	0	1	1	3	1	1	2	1	0	2	0
LOC551545	318	534	493	703	565	563	615	585	702	650	498
LOC412308	58	95	76	129	117	70	63	95	95	94	77
LOC726537	187	199	205	269	215	217	220	233	273	261	209
LOC551462	152	282	314	523	353	324	326	406	581	361	372
LOC726013	3253	3377	3077	3699	3799	2722	3112	3864	3123	3838	2811
LOC726500	419	439	429	625	614	476	514	633	569	528	548
LOC726482	918	836	857	1369	1193	1076	1040	1177	1324	1215	1188
LOC409089	194	118	142	119	123	98	193	103	101	96	102
LOC726952	81	143	108	238	153	118	148	131	228	108	132
LOC551885	331	820	727	1083	903	781	926	1050	1395	1096	908
LOC414009	61	65	98	137	138	126	165	165	161	145	130
LOC410142	118	161	140	215	194	148	147	208	306	186	183
LOC412284	209	352	371	651	570	475	480	579	777	556	506
LOC102654108	317	282	296	361	378	257	352	330	379	349	340
LOC413185	69	190	220	325	240	238	271	311	378	284	247
LOC102654154	8	3	4	2	5	5	4	6	3	2	7
LOC100576096	48	46	37	40	38	14	31	38	48	46	39
LOC413184	90	113	113	172	147	111	130	126	159	130	107
LOC102654896	60	106	86	138	105	66	106	111	120	112	136
LOC100576478	456	782	698	1099	1044	828	1037	1251	1170	1086	1283
LOC102654732	6	15	15	18	15	9	12	18	11	16	6
LOC107964864	4	1	2	2	3	3	2	6	1	5	2
LOC102655053	26	28	41	42	40	25	21	19	33	29	25
LOC413183	78	57	86	100	78	65	90	64	100	65	93
LOC107964899	578	345	429	517	506	299	509	363	354	397	411
LOC412128	113	96	161	216	205	151	179	198	234	167	181
LOC412249	414	611	592	873	716	567	679	765	840	728	704
LOC726673	408	379	374	610	453	419	385	468	456	429	393
LOC551226	252	265	257	412	275	259	289	278	292	311	259
LOC552177	1223	2054	1897	3248	2062	1853	2646	2291	2718	2146	2024
LOC102655426	49	74	35	77	118	51	89	93	70	62	58
LOC102655603	934	904	988	1331	1225	971	1215	1280	1302	1288	1060
LOC727480	249	366	315	540	340	349	346	409	386	405	336
LOC552242	112	101	90	156	111	106	158	113	144	132	110
LOC102655682	24	17	24	30	15	21	40	26	50	23	35
LOC413620	89	162	167	430	226	243	289	323	538	261	355
LOC413619	226	338	309	490	455	368	357	473	415	388	404
LOC551834	343	501	481	831	639	455	600	698	732	629	621
LOC413618	330	577	553	875	728	622	704	742	869	697	690
LOC724176	407	503	566	850	754	599	750	759	757	785	661
LOC100576863	50	66	55	93	43	51	68	64	81	91	56
LOC100578559	156	227	230	342	266	218	215	251	295	281	232
LOC412200	781	694	824	1350	1067	903	981	1135	1321	1049	1044
LOC411629	347	429	450	787	474	391	536	581	704	487	554
LOC413740	234	293	297	451	404	257	314	360	472	359	323
LOC411630	76	149	141	334	196	163	181	203	312	165	254
LOC113218949	78	51	71	59	88	42	108	76	72	43	62
TRNAR-ACG_3	2	5	1	1	2	2	0	0	0	0	0
LOC102656579	108	114	119	132	107	102	83	118	121	148	114
LOC551571	26	31	21	25	18	36	38	15	29	30	22
LOC409628	557	769	641	1045	800	659	887	809	864	792	830
CPR6	9	10	19	6	6	3	8	5	13	7	5
LOC551514	384	511	472	642	461	448	478	421	498	555	505
LOC412825	206	425	414	644	369	370	554	493	529	404	421
LOC113218934	44	31	45	28	21	13	18	34	34	21	31
LOC100576878	2934	4686	4655	7704	6898	5960	6832	7816	8505	7087	9932
LOC100576912	26	53	65	112	55	43	69	71	99	59	56
LOC100577135	2	1	8	1	2	4	6	8	3	4	7
Apime-ASTA	27	46	55	35	16	12	42	49	24	20	31
LOC113218959	2	0	2	1	1	0	0	0	0	1	0
LOC102655697	0	0	1	1	0	0	0	0	0	0	0
LOC102655783	0	2	7	1	0	0	0	0	0	3	3
LOC409631	10	18	7	18	69	14	6	24	15	23	18
LOC725057	581	1252	1250	2304	1610	1444	1653	1770	1993	1572	1509
LOC113218955	3	9	10	11	9	5	7	11	7	9	2
LOC100576982	110	98	82	122	147	89	126	133	143	167	102
LOC100577028	749	426	503	548	723	520	714	539	531	549	551
LOC113218926	17	12	12	17	18	24	27	10	22	16	11
LOC107964872	75	48	67	49	89	65	84	69	53	62	57
LOC409633	66	74	84	75	79	58	109	119	82	85	62
LOC412827	152	246	225	349	278	231	234	282	323	246	234
LOC724750	1547	1408	1401	2000	1876	1592	1644	1754	1802	1811	1510
LOC724819	216	272	254	487	404	345	325	375	418	330	365
LOC100576471	121	103	107	144	114	89	125	169	152	104	112
LOC411245	48	125	114	198	132	129	147	152	229	123	104
LOC100577080	11	7	12	12	7	8	6	16	6	4	3
LOC100577110	28	14	37	13	23	14	26	7	18	7	12
LOC408959	918	1242	1132	2089	1549	1331	1631	1647	2005	1621	1404
LOC725021	5	10	6	19	17	3	14	11	12	13	10
LOC100577150	38	65	49	73	74	69	72	78	61	69	60
LOC408960	105	112	153	296	118	93	199	137	206	133	154
Mir3743	41	20	32	17	30	16	32	12	9	8	8
LOC411248	451	702	631	1084	1007	781	1128	916	1170	993	840
LOC100577288	401	457	440	656	493	419	497	514	573	504	495
LOC411249	70	107	124	196	200	118	130	142	177	153	168
LOC411250	1294	902	1112	1466	1420	926	1092	1028	1354	1221	1061
LOC100577408	174	376	368	583	504	401	434	486	581	539	517
LOC411252	670	906	809	1281	1192	991	1202	1068	1295	1090	937
LOC411991	63	81	80	171	123	136	190	150	160	126	142
LOC725439	14103	14228	13616	23089	19029	17650	19415	19621	21452	18146	17595
LOC107964798	177	182	224	270	215	228	276	251	298	194	200
LOC408961	1267	1562	1517	2090	1615	1310	1716	1731	1610	1391	1488
LOC107964799	13	6	14	16	20	42	27	10	11	13	2
LOC100577600	217	570	577	1218	740	646	966	1029	1134	660	809
LOC411253	1191	718	797	968	1060	818	1335	878	1127	958	893
LOC102656369	166	220	229	362	261	258	292	239	312	237	271
LOC725765	291	459	372	640	845	717	679	802	846	574	667
LOC102656645	60	64	47	79	46	50	30	45	37	58	52
LOC100577724	123	116	130	179	154	112	150	149	171	174	159
LOC411255	508	644	634	1007	819	647	718	824	854	745	727
LOC725803	619	625	527	755	863	607	879	825	806	679	733
Hbg2	26	10	16	5	19	15	23	8	7	12	11
Mir3744	0	0	1	0	5	0	4	0	0	1	0
TRNAG-GCC_5	0	0	0	1	0	1	0	0	0	0	0
LOC102656871	13	11	31	15	5	5	17	13	5	8	6
LOC725870	375	275	314	330	372	262	399	281	299	282	248
LOC411260	219	257	255	368	344	301	319	313	447	332	311
LOC411261	540	700	630	1061	791	695	756	836	996	873	753
TRNAS-GCU	0	0	0	0	0	0	0	0	2	0	0
LOC100576182	19	25	30	39	39	41	46	38	31	27	15
LOC552214	347	329	391	465	425	323	414	472	389	470	397
LOC726027	151	169	190	291	225	197	220	229	256	201	212
LOC411262	726	731	577	767	815	660	842	821	817	773	694
LOC408963	4194	5599	5683	9761	8591	7071	7694	7561	9461	7233	6595
LOC113218941	68	165	222	569	322	266	324	316	513	247	224
LOC726190	1943	2008	2030	3013	2472	2117	2728	2587	2591	2430	2164
LOC411264	1435	2216	2080	3668	2977	2566	3464	3229	3369	2894	2664
TRNAM-CAU_2	0	0	1	0	0	0	0	0	0	0	0
TRNAM-CAU_3	0	0	0	0	0	0	0	0	0	0	0
TRNAM-CAU_4	1	1	0	0	1	0	1	0	0	0	0
TRNAD-GUC_1	5	0	2	3	0	0	2	2	1	0	0
LOC413106	47	18	42	35	49	24	57	22	15	12	45
LOC102654212	5	2	4	1	9	6	8	2	2	2	6
LOC107964905	0	0	0	2	0	0	1	0	0	0	0
LOC724864	4	5	10	10	7	7	13	10	13	6	6
LOC409771	476	521	600	799	742	634	698	638	838	558	603
LOC100577269	60	39	38	57	54	38	35	68	56	34	45
LOC724708	371	328	303	398	393	284	381	372	351	370	321
LOC409770	30	33	50	81	53	47	47	62	46	60	61
LOC724571	60	74	77	129	116	70	105	96	96	94	65
LOC413103	543	779	752	1096	848	759	928	791	855	897	803
LOC409769	815	1222	1193	2076	1752	1571	1833	1883	2553	1635	1701
LOC113218925	50	59	42	113	93	68	74	100	114	66	82
LOC102656787	3	0	1	2	3	1	1	2	4	0	0
Mir31a	0	0	0	0	0	0	0	0	0	0	0
LOC411731	128	253	184	334	234	196	254	238	381	247	274
LOC411732	149	211	238	334	284	282	203	271	418	297	275
LOC102654641	17	13	11	6	12	5	16	9	9	21	10
LOC100577825	13	15	10	12	7	9	8	16	8	10	18
LOC411915	788	947	976	1267	1247	1035	1211	1230	1363	1163	1144
LOC409264	735	945	992	1621	1453	1038	1174	1334	1449	1349	1198
LOC411916	115	120	131	245	170	130	147	160	202	183	119
LOC411266	259	371	379	595	547	471	493	516	680	527	493
LOC411265	211	326	319	525	445	289	424	424	398	431	417
LOC551261	1577	1045	1431	1831	1778	1262	1651	1369	1558	1303	1407
LOC102655432	6	12	8	15	7	13	15	15	21	6	10
LOC113218922	51	39	52	48	56	35	59	56	62	63	48
LOC102655462	349	352	311	384	315	232	427	295	282	324	308
LOC102655587	12	17	24	21	25	30	18	21	29	15	21
LOC724933	17715	26484	24460	42202	31980	26996	33110	34415	39955	35285	30026
LOC409435	373	645	664	1272	1006	756	1037	1105	1160	885	913
LOC100576515	430	464	393	596	423	364	433	520	520	449	408
LOC412323	718	861	845	1414	1074	897	994	1191	1186	1172	953
CSP1	135468	106173	103469	164981	157206	109312	113216	159228	131501	164922	115570
LOC409538	97	119	144	178	167	135	121	114	283	179	126
LOC725556	779	1016	948	1457	1182	1103	1077	1116	1406	1239	1029
LOC725312	3606	3724	3878	6035	4976	4130	4538	4825	5532	4688	4362
LOC409341	3342	3958	3830	6049	4909	4050	4247	4720	5357	4574	4011
LOC412082	301	283	328	457	389	294	334	431	409	337	356
LOC725518	434	492	465	571	507	419	530	555	599	561	477
LOC411448	125	117	117	165	153	118	124	180	173	161	140
LOC409064	653	615	576	764	679	581	610	654	785	725	521
LOC409065	1342	1246	1127	1415	1463	1267	1676	1398	1602	1446	1248
LOC552495	389	567	525	879	743	597	725	848	934	744	687
LOC409273	495	958	900	1451	1095	1036	1064	1178	1591	1208	1184
LOC409303	260	421	368	603	536	453	571	526	613	569	464
LOC100577746	417	634	551	1049	739	693	810	768	1013	780	638
LOC550929	1979	2638	2795	4855	3616	3043	3084	3480	4333	3245	3418
LOC113218967	192	172	138	227	228	175	242	244	201	188	164
LOC100577711	58	52	61	81	72	44	57	65	65	51	60
TRNAM-CAU_5	0	0	0	0	0	0	0	0	0	0	0
TRNAK-CUU_3	0	0	3	0	0	0	0	0	0	0	0
LOC727408	645	772	865	1107	948	835	668	691	1060	747	711
LOC100577587	224	410	424	762	548	462	427	498	694	505	455
TRNAC-GCA_1	0	0	0	0	0	0	0	0	0	0	0
LOC100578949	0	0	0	0	1	5	0	1	3	2	5
LOC412350	581	461	438	627	657	530	551	637	668	663	542
LOC551338	130	146	189	262	173	208	223	234	213	223	203
LOC725679	610	979	922	1368	1188	920	1137	1189	1253	1038	1080
LOC107964814	72	75	98	118	109	93	136	111	131	103	72
LOC107964813	58	48	34	86	56	33	66	78	61	68	87
Mir980	6	6	14	16	9	23	16	9	14	26	12
LOC551401	95	116	155	262	185	135	162	214	150	167	176
LOC411392	773	891	791	1190	1057	864	861	1034	1032	1029	823
LOC411391	332	343	318	450	426	307	439	428	496	445	377
LOC725837	277	504	458	797	633	480	586	645	704	524	550
LOC725871	161	167	171	207	171	120	163	164	198	182	140
LOC725901	28	27	37	97	48	56	47	90	93	39	58
LOC409455	10	5	12	11	6	7	5	14	17	8	12
LOC412377	510	706	693	1139	973	746	897	966	1012	905	879
LOC409454	679	781	752	1411	1079	852	1019	1032	1204	934	1081
LOC412835	44	130	95	257	146	77	134	152	170	129	131
LOC725999	296	413	365	566	446	424	511	526	544	442	452
LOC102656264	8	5	9	9	3	5	11	6	7	9	13
LOC107964850	14	41	14	61	12	16	34	47	52	30	51
LOC102656373	2	9	10	5	7	2	7	11	6	5	8
LOC412837	37	120	92	131	121	85	97	122	135	82	104
LOC551718	323	405	342	498	379	320	361	460	415	467	326
LOC551751	220	199	189	292	321	236	220	239	252	269	204
LOC412838	84	215	249	633	477	321	403	361	526	336	405
LOC102655784	3	4	5	4	4	3	5	2	3	1	1
LOC102655812	5	2	5	0	2	3	3	2	4	1	13
LOC102655968	16	19	14	59	41	38	30	55	41	25	37
LOC102655995	1	2	3	6	2	8	11	8	3	3	4
LOC551806	2040	1882	1582	2180	2137	1610	2318	2114	2262	2696	1727
LOC113218961	7	11	2	7	8	1	15	17	3	5	2
LOC409990	1393	1663	1762	2804	2452	1973	2180	2282	2483	2098	1980
LOC726165	7	14	9	9	3	4	10	8	9	6	8
LOC102655491	36	39	41	20	40	21	45	38	24	16	25
LOC409991	118	224	206	387	353	274	323	327	376	317	347
LOC413612	642	664	587	845	792	563	721	737	734	750	604
LOC409992	204	337	303	556	468	422	487	468	568	460	443
LOC409993	525	752	890	1371	1024	877	1190	1234	1284	1036	1017
LOC409994	385	541	506	641	721	562	613	727	720	693	589
LOC102655138	6	4	5	22	3	4	13	2	4	4	8
LOC409995	369	450	411	671	588	505	518	617	570	539	444
LOC726339	473	607	585	946	725	719	753	658	854	697	715
LOC411435	177	261	244	419	267	263	283	283	354	276	319
LOC726380	324	323	430	579	464	353	409	444	517	377	415
LOC409722	1179	2292	2242	3951	2679	2095	3454	2998	3125	2939	2314
LOC113218951	1	1	5	1	1	0	2	0	1	0	1
LOC100577444	7	13	13	7	6	7	4	3	8	8	6
LOC102654944	5	7	8	5	8	5	14	15	6	7	10
LOC107964797	0	1	1	4	1	1	1	8	0	0	1
LOC552151	380	608	649	1032	948	771	772	873	863	796	730
LOC413006	1108	980	1026	1545	1575	1188	1440	1533	1608	1392	1346
LOC100577382	30	31	34	41	45	26	40	29	42	35	38
LOC113218968	2	1	1	2	4	1	0	4	3	2	0
LOC113218972	0	0	0	0	0	0	0	0	0	0	0
LOC113218971	0	0	0	0	0	0	0	0	0	0	0
LOC113218970	0	0	0	0	0	0	0	0	0	0	0
LOC113218969	0	0	0	0	0	0	0	0	0	0	0
LOC107964909	15	25	11	29	19	7	11	19	23	7	21
LOC100576880	27	29	39	49	37	30	44	52	36	30	32
LOC552623	123	163	143	200	140	130	189	168	230	150	159
LOC413460	670	938	1022	1724	1333	1041	1263	1271	1456	1215	1084
LOC113218943	17	29	45	57	38	40	52	35	46	54	24
LOC726657	519	632	676	1029	958	821	946	1034	1195	955	847
Mir29b	0	0	0	0	0	0	0	0	0	0	0
LOC726637	684	1103	1170	1749	1353	1057	1470	1291	1520	1260	1298
LOC413462	972	1251	1340	2184	1786	1387	1898	1956	1988	1717	1637
LOC100576645	181	206	228	284	241	228	209	268	269	262	215
LOC552552	133	286	224	436	324	284	342	364	395	317	300
LOC411679	263	538	498	1030	761	668	717	774	817	785	710
LOC552516	82	117	89	213	119	161	142	166	158	123	111
LOC552503	309	383	290	590	490	340	408	476	437	440	342
LOC409157	669	753	813	1349	973	813	928	1011	1226	994	926
LOC726513	149	188	205	321	250	209	286	304	273	204	230
LOC413844	71	89	135	155	127	104	189	160	141	138	184
LOC411820	33	51	67	127	112	75	76	114	126	91	149
LOC409219	808	937	979	1481	1289	1047	1200	1294	1321	1147	1129
LOC552051	1082	1530	1587	2648	2053	1731	1734	1917	2203	1808	1899
LOC412701	229	635	576	923	692	584	808	821	1009	678	707
LOC726713	245	268	263	383	299	284	278	360	379	293	288
LOC100577546	381	389	347	552	392	360	483	350	482	438	411
LOC411597	1042	1092	1013	1498	1295	952	1096	1215	1364	1177	978
LOC409122	72	206	216	440	292	219	221	226	399	252	200
LOC411596	98	73	88	128	84	87	110	109	127	125	117
LOC409243	732	993	928	1548	1211	958	1244	1309	1501	1158	1138
LOC409244	489	600	676	1016	817	678	743	750	1020	762	702
LOC413676	325	334	369	469	345	293	396	351	530	415	351
AChE-2	3178	1904	2540	3224	3049	1918	2633	2387	2482	2487	2501
LOC107964911	12	34	10	15	36	10	15	13	25	11	12
LOC408967	2492	4202	4317	7614	6213	4893	6604	6162	7240	5804	5484
LOC113218962	26	29	30	31	47	41	41	46	26	33	43
LOC408966	2414	2571	2408	4186	3639	2948	3583	3689	4126	3362	3277
LOC411272	1154	939	1008	1660	1493	1033	997	1566	1415	1485	1084
LOC724785	788	805	770	1354	1206	903	1009	1093	1184	1024	1013
LOC411270	125	266	290	534	541	430	539	543	633	404	410
LOC102655699	286	492	486	825	713	565	917	969	867	754	595
LOC113218927	126	124	130	213	196	96	168	228	135	143	120
LOC113218928	101	86	85	85	125	92	124	117	94	114	82
LOC408965	292	411	424	563	611	464	493	544	515	513	484
LOC411269	579	523	638	1066	904	685	788	855	1083	847	805
LOC411268	65	67	79	154	108	86	82	104	129	83	102
Ets97D-like	375	484	449	577	538	472	584	625	590	582	550
Mir125	46	32	34	48	25	47	51	78	50	48	43
Mirlet7	14	10	9	6	15	10	14	9	17	5	5
Mir100	4	2	5	4	3	1	2	4	5	8	3
LOC113218942	144	69	61	89	91	77	90	101	103	98	66
LOC408964	1436	2603	2539	4268	3938	3302	3818	4018	4527	3740	3620
LOC107964835	287	268	313	403	360	299	297	334	365	264	310
LOC102656215	169	158	141	253	237	142	173	206	219	182	202
LOC552431	449	479	519	766	602	514	528	610	722	533	539
LOC409368	851	1431	1421	2498	2129	2004	2107	2191	2732	2252	2039
TRNAD-GUC_2	0	0	0	0	0	0	0	0	0	0	0
TRNAD-GUC_3	0	0	0	0	0	0	0	0	0	0	0
TRNAG-GCC_6	0	0	1	0	0	0	0	0	0	0	0
TRNAG-GCC_7	0	0	0	0	0	1	4	2	2	3	1
LOC409367	6468	6246	6725	10396	9850	8106	6897	7620	9875	7612	7562
LOC412150	1898	1629	2006	3230	2435	2603	2367	2953	3291	2745	2697
LOC413912	488	273	450	565	548	305	480	320	309	376	390
LOC552055	746	815	709	1135	1016	738	940	1048	1121	996	908
LOC726689	704	651	669	965	876	661	692	773	792	801	669
LOC552031	979	1323	1412	2547	1880	1464	1879	2098	2266	1760	1767
LOC552003	518	772	757	1274	976	740	901	981	1323	948	867
LOC413652	443	433	463	675	602	560	611	631	692	624	622
LOC726643	116	229	312	503	418	301	371	401	408	376	341
LOC551928	334	560	542	801	696	618	792	739	730	706	599
LOC551904	1022	1665	1726	3194	2985	2352	2615	2978	3914	2709	2486
LOC412080	767	1106	970	1579	1481	1118	1301	1361	1631	1369	1235
LOC412079	174	275	291	517	431	341	337	436	554	433	401
LOC410037	172	318	258	467	457	356	339	365	631	403	428
LOC551184	528	786	810	1407	1067	873	1105	1174	1228	953	1082
LOC551135	448	569	579	843	695	620	597	761	791	686	625
LOC100576972	162	371	335	553	455	367	527	413	474	441	376
LOC409154	770	965	942	1524	1236	1049	1187	1244	1468	1271	1151
LOC411674	30	65	82	150	102	94	102	139	182	103	106
LOC413724	271	397	393	642	512	370	515	556	549	487	531
LOC102653839	315	298	294	467	388	323	349	404	407	428	431
LOC408968	1010	1274	1249	1930	1765	1363	1495	1805	1580	1598	1424
LOC411273	804	1164	964	1654	1073	948	1443	1330	1201	1085	1100
LOC102654761	88	186	116	196	136	130	188	108	145	137	149
LOC107964906	93	115	117	120	95	65	116	109	82	65	110
LOC725134	82	86	83	137	92	69	98	93	134	93	78
LOC100577306	138	110	149	179	145	93	183	145	117	125	127
LOC107964914	11	47	46	46	20	22	51	28	42	30	36
LOC102655099	15	3	2	1	1	3	1	1	3	1	0
LOC100577332	2563	2201	1810	2649	2469	2053	2857	2555	2631	2463	2328
LOC107964878	19	13	34	18	6	11	11	21	7	4	15
LOC107964868	120	76	65	73	95	112	132	130	168	106	127
LOC411856	179	228	178	370	278	217	216	251	272	237	250
LOC409240	1140	1420	1438	2025	1742	1375	1703	1749	1897	1663	1485
LOC100577053	99	127	138	220	161	105	203	146	162	155	116
LOC409544	525	604	602	997	747	624	679	852	784	722	671
LOC725332	37	86	96	174	114	100	95	129	168	114	90
LOC412746	156	327	373	724	426	420	503	482	650	439	498
LOC725370	39	44	52	79	80	55	52	58	57	63	47
LOC107964838	599	611	703	864	796	655	849	842	815	898	804
LOC413627	2841	2739	3064	4109	3989	2838	3212	3442	3412	3607	3137
LOC725571	1049	1393	1302	2125	1932	1823	1813	2111	2354	2071	1783
LOC413625	344	583	607	962	749	601	752	775	831	670	687
LOC100577727	154	148	140	164	154	132	129	150	135	153	99
LOC100577280	748	832	949	1811	1255	1011	1175	1250	1399	993	1174
LOC408969	536	609	669	1009	729	604	682	748	882	741	704
LOC411276	38	35	51	47	43	30	52	57	41	40	45
LOC408970	193	248	267	400	304	281	403	321	303	326	341
LOC102656147	72	72	90	102	55	57	110	80	58	74	74
LOC102656187	68	28	50	77	63	50	55	59	41	63	61
LOC100577901	77	64	73	81	80	40	97	55	65	61	77
LOC411277	1162	1854	1935	3462	2376	2050	3468	2946	3143	2334	2529
LOC100577978	27	25	43	35	31	31	51	54	45	31	52
LOC102656294	48	40	64	113	101	69	100	80	104	68	67
LOC102656248	25	31	35	27	34	12	13	29	34	18	11
LOC726000	1538	1717	1597	2383	2144	1696	2183	2144	1982	2034	1796
LOC100578200	73	92	106	148	135	98	89	117	141	127	137
LOC411279	78	112	111	155	142	119	122	158	131	122	96
LOC411280	208	241	259	410	345	274	303	293	310	315	293
LOC726076	557	837	639	1091	729	697	798	974	826	831	795
LOC411282	2648	1926	1952	2627	2023	1648	2266	2035	2122	2019	1891
LOC551663	711	1235	949	1293	1207	1035	1483	1247	1242	1137	1057
LOC102654625	721	711	634	921	755	567	823	768	808	838	667
LOC107964861	10	10	16	15	16	6	15	12	9	8	7
Mir927a	27	29	21	22	23	33	28	11	36	25	22
LOC102654521	647	809	696	1202	1017	631	994	991	980	989	750
LOC102654485	13	16	9	3	6	6	14	12	13	4	5
Mir9896	0	1	2	1	0	1	0	0	3	0	0
LOC102654385	50	46	52	47	84	41	54	62	44	47	45
LOC551694	484	629	537	894	790	595	703	802	744	758	695
LOC413976	119	189	219	420	266	306	287	326	433	270	337
LOC726212	160	127	150	309	182	144	192	175	226	189	188
LOC551781	247	340	391	583	517	401	477	495	497	445	528
LOC100577351	64	96	107	159	82	130	83	158	159	111	128
LOC411353	50	87	55	126	580	96	134	141	154	192	139
LOC409553	69	65	80	101	71	82	107	103	113	82	86
LOC726314	331	368	334	519	450	318	432	423	458	382	410
LOC410004	460	516	553	879	695	669	686	706	728	683	683
LOC410003	2749	2202	2547	3890	2850	2274	2818	3071	3382	2937	2841
LOC413643	185	301	272	390	311	297	348	334	357	310	320
LOC726381	71	134	252	481	331	250	309	286	474	285	287
LOC551950	234	253	275	382	307	259	263	310	344	369	211
LOC100578909	355	760	670	1195	761	689	772	903	1154	818	830
LOC726411	14	32	57	54	22	6	30	44	24	26	49
Gb15078	14	44	55	66	55	48	53	54	79	74	65
LOC726422	682	643	689	971	856	738	786	895	971	822	862
LOC552024	78	96	90	134	121	95	121	118	107	96	113
LOC552049	280	493	509	949	656	469	544	649	813	619	593
LOC100576215	585	765	721	1304	1253	923	975	1065	1296	955	924
LOC726587	1574	1584	1457	2360	2272	1671	2139	2152	2464	2014	1915
LOC100576401	519	458	433	639	503	427	529	505	505	600	551
LOC726658	16	31	17	48	19	15	44	20	33	31	26
LOC102656498	11	17	11	10	10	9	13	13	9	27	10
LOC552215	42	145	137	233	167	122	152	211	155	194	136
LOC551409	698	791	797	1312	997	822	1054	1150	1275	1060	1023
LOC107964819	4	1	9	5	4	3	4	1	1	2	4
LOC113218938	8	18	18	22	27	9	32	20	35	18	26
LOC726514	335	249	322	363	400	336	358	361	455	318	373
LOC100576503	172	114	134	120	140	83	158	172	166	167	154
LOC552239	991	1235	1245	1534	1480	1321	1650	1556	1665	1649	1414
LOC551572	5150	5289	5109	7979	6686	5282	6559	6936	7666	6360	6402
LOC726953	280	439	414	626	649	363	727	552	688	654	469
LOC413679	145	170	146	212	187	166	174	173	211	222	115
LOC102656572	15	26	21	22	23	16	30	25	36	23	16
LOC113218963	40	57	46	59	54	32	45	36	62	42	33
LOC113218964	17	35	37	43	20	33	31	19	60	32	48
LOC726725	313	429	329	378	416	330	518	312	463	522	295
LOC411651	121	196	219	360	257	223	224	261	358	210	248
LOC411652	173	310	277	476	345	300	368	381	433	341	323
LOC552432	160	356	292	633	446	334	403	442	562	423	333
LOC413438	744	815	871	1260	1134	932	1063	1058	1384	1094	1015
LOC100578705	247	728	986	1703	814	745	1110	1257	1353	947	944
LOC100578253	821	925	943	1485	1195	1012	1068	1175	1490	1154	1109
LOC413324	15962	17475	17182	24037	20268	17569	19009	20906	20109	21429	18949
LOC726829	128	234	272	386	378	332	384	316	484	285	284
LOC113218954	16	26	25	36	37	16	39	28	26	14	25
LOC102655591	25	27	14	38	25	14	8	13	9	11	15
LOC113218953	2	10	2	14	25	8	15	7	14	7	3
LOC408971	969	1008	1107	1494	1444	1088	1212	1289	1423	1133	1168
LOC100578055	1	0	1	1	0	1	0	0	1	1	0
LOC100578107	1	0	9	1	0	0	0	3	0	1	2
LOC100578025	7	1	9	3	1	0	8	5	2	8	2
LOC100578668	58	15	28	24	21	16	37	19	17	31	43
LOC113218935	9	16	11	7	17	1	23	8	17	18	4
LOC413568	1997	1889	1634	2258	2130	2031	2353	2193	2007	2210	1783
LOC102654654	79	46	38	64	64	46	101	65	69	66	58
LOC100577915	4	8	5	0	8	4	8	2	7	5	6
LOC411459	174	314	264	521	486	382	398	526	588	514	555
LOC102654188	1	4	10	7	5	13	4	18	13	9	10
LOC551553	191	322	335	480	427	298	312	315	436	338	265
LOC107964843	19	15	21	26	15	16	23	17	13	29	17
LOC113218956	61	45	74	56	65	39	75	62	65	69	48
LOC409557	193	136	192	231	173	130	137	229	163	187	157
LOC412655	623	570	697	981	860	679	715	857	922	950	801
LOC409245	95	90	113	182	132	118	133	123	171	113	130
LOC102654523	24	10	24	16	4	17	20	17	12	23	29
LOC412612	599	743	738	1355	1187	962	1062	1096	1463	1008	954
LOC102654832	200	136	150	227	180	144	200	227	200	179	209
LOC552498	82	137	151	269	219	165	208	191	282	156	183
LOC102655689	66	91	93	147	129	93	115	108	148	100	111
LOC410099	857	1273	1222	1741	1616	1238	1526	1729	1721	1643	1420
LOC107964894	0	4	6	6	10	0	2	3	8	2	3
LOC413875	5377	5322	5009	6723	6531	4816	5313	6383	5194	5974	4756
LOC552560	729	589	650	840	731	565	741	548	765	680	644
LOC552582	426	507	533	809	668	543	645	652	708	709	631
LOC408972	4915	4047	3673	4440	7797	5878	5229	6486	4596	4987	5422
LOC102655302	2	3	3	5	1	2	3	1	1	0	1
LOC411285	2307	2893	2821	3823	5324	4163	3976	4454	4614	3788	3327
LOC724934	52	27	39	38	37	16	45	31	52	38	27
Mir3745	0	0	0	0	0	0	0	0	0	0	0
LOC100576198	0	1	1	2	1	0	0	0	1	0	0
TRNAV-CAC	0	0	0	0	0	0	0	0	0	0	0
TRNAL-CAG_1	0	4	0	0	0	0	2	0	2	1	0
LOC113218920	175	64	73	56	45	80	86	69	75	56	74
Ecr	767	553	899	1231	868	594	954	750	915	752	835
LOC107964817	64	47	80	41	50	66	62	43	51	41	78
LOC408973	284	285	220	338	230	220	306	295	288	239	243
LOC107964818	20	10	17	7	11	8	12	8	7	11	18
LOC413052	103	137	158	215	159	166	209	190	183	130	142
LOC102656668	181	229	232	311	290	201	312	259	275	300	208
LOC113218919	86	40	52	44	49	52	51	48	43	39	33
LOC100577889	114	25	22	34	23	27	31	12	39	47	39
LOC725263	12557	11112	11478	16319	17631	12805	18344	16656	17199	16233	14516
LOC413051	540	700	660	857	847	675	831	801	816	819	735
LOC100577575	363	345	344	489	410	386	334	386	397	467	345
LOC107964828	261	246	244	342	278	148	269	247	231	188	176
LOC725186	461	448	434	645	579	504	539	580	640	633	449
LOC413048	39	33	28	48	91	30	104	65	113	78	49
LOC552709	5052	3147	3589	4296	3971	2801	4299	3690	3603	3769	3916
LOC413047	275	373	273	371	302	197	386	376	283	313	267
LOC102655690	16	16	11	0	14	8	18	6	10	5	9
LOC725804	13	8	27	2	0	2	19	3	6	5	2
LOC725838	24	20	37	38	25	12	34	20	11	27	21
LOC552685	6	2	8	5	4	5	6	3	9	4	6
LOC113218932	0	3	5	0	0	4	6	4	7	6	2
LOC100576916	1	0	2	4	2	4	2	2	8	5	6
LOC551296	343	377	323	483	400	316	347	372	398	362	337
LOC102655072	261	206	242	196	205	185	286	166	205	161	180
LOC107964874	123	41	57	36	58	42	56	69	58	52	56
LOC552665	361	405	381	622	455	405	444	523	508	502	480
LOC100576795	457	512	453	677	588	526	697	663	684	567	576
LOC726028	260	362	330	500	524	359	447	465	457	443	368
LOC100577283	583	394	485	579	481	394	567	429	560	431	544
LOC411288	9957	8343	8605	13549	13477	9221	12588	12438	12862	11545	10820
LOC100576936	16	25	27	5	14	11	22	31	10	28	15
LOC107964791	39	28	41	43	34	32	49	57	52	42	55
LOC107964805	25	49	41	71	43	66	78	65	46	64	47
LOC113218944	30	97	116	321	160	183	169	203	269	114	154
LOC102656218	1	2	1	1	2	0	0	2	0	2	0
LOC551016	302	493	397	611	539	406	551	545	572	422	447
LOC100576746	261	208	215	238	295	213	293	317	264	237	232
LOC102655399	292	262	309	370	249	279	293	388	359	370	271
LOC724979	643	530	576	849	808	652	770	700	922	710	651
LOC551131	92	135	163	264	198	161	163	210	230	201	212
LOC725023	257	298	287	401	326	333	390	406	421	478	330
LOC409529	235	318	306	485	415	329	387	388	554	424	473
LOC551263	34	77	78	117	91	75	60	57	109	77	62
LOC409912	358	556	441	824	647	542	607	607	760	618	599
LOC551308	181	329	345	582	485	378	385	469	696	501	533
LOC551696	526	476	533	718	609	525	569	616	661	576	617
LOC726007	44	87	76	172	97	91	87	130	132	93	118
LOC551754	18	61	66	113	71	62	98	121	110	100	57
LOC412192	233	254	241	399	279	236	315	307	310	298	315
LOC550698	15	29	51	77	54	54	54	70	117	66	57
LOC100576975	225	313	280	517	422	331	419	430	498	437	356
LOC727634	684	927	895	1311	1033	894	1034	1010	1083	1069	873
LOC412069	8916	13948	12845	20398	17962	14976	20220	21859	19424	18298	15745
LOC552284	284	348	333	498	425	343	299	427	443	409	370
LOC412398	11	27	30	57	46	31	46	36	47	36	46
LOC100578892	324	321	319	389	437	315	362	404	377	410	320
LOC725039	1072	1346	1316	1647	1605	1194	1481	1676	1547	1575	1246
LOC411989	10348	12583	12829	20432	17101	13832	15998	16458	17209	14932	14624
LOC102656541	415	472	463	585	542	435	480	490	678	515	476
LOC551376	201	256	258	408	310	312	246	296	505	342	341
LOC100578450	211	331	363	539	493	410	447	423	592	431	493
LOC107964839	68	148	144	215	173	121	165	190	245	181	152
LOC724870	6539	10055	9130	16992	13674	12105	13603	14848	18229	14439	13211
LOC102656792	0	0	1	0	0	0	0	2	1	0	0
LOC409637	4927	4957	5009	6696	6080	4667	5325	5641	5551	5573	4755
LOC726778	293	482	470	741	592	504	585	614	683	610	568
LOC551888	186	357	343	534	437	369	399	431	574	411	440
LOC412504	228	280	341	500	385	361	334	387	453	337	377
LOC726811	197	183	196	285	228	207	219	243	274	246	201
LOC726822	395	400	424	676	571	470	522	619	578	557	530
LOC409353	271	326	327	467	479	360	416	517	443	447	426
Hex70a	18	15	59	27	13	11	26	28	34	19	15
HEX70b	25	37	26	24	39	27	28	32	23	27	21
LOC107964857	0	0	2	0	3	0	0	1	7	0	0
Hex70c	1	0	4	2	13	6	5	0	1	5	0
LOC102653693	3	0	0	0	0	0	0	0	0	0	0
LOC726874	598	665	656	863	788	526	696	779	786	715	682
LOC412722	66	163	118	290	188	169	146	189	257	202	165
LOC100577519	153	183	145	202	172	172	155	195	178	213	159
LOC725910	134	327	282	545	367	298	353	416	524	418	366
LOC725941	23	43	68	115	82	60	83	64	137	76	111
LOC409511	395	555	571	1003	804	623	812	938	974	760	771
LOC552794	31	104	160	228	156	168	161	160	273	135	202
LOC552010	279	367	349	542	508	425	475	549	531	510	467
LOC726315	18	12	15	20	15	13	12	16	7	13	23
LOC726341	669	503	483	714	691	524	557	702	647	622	507
LOC412728	361	512	534	747	582	548	552	584	718	621	551
LOC726383	87	89	58	123	93	109	78	82	103	105	83
LOC113218929	478	478	455	565	509	402	505	485	496	546	391
LOC551297	228	490	464	778	617	544	445	571	853	578	599
LOC412299	108	31	59	59	54	26	33	70	53	41	23
LOC113218924	2	0	0	3	2	0	0	3	0	4	0
LOC107964882	28	33	22	42	28	48	28	42	55	32	40
LOC113218923	34	65	78	91	74	85	84	93	122	96	69
LOC100577676	31	63	71	75	71	58	75	71	84	97	73
LOC551720	995	1076	1148	1644	1430	1115	1297	1480	1582	1403	1215
LOC726832	234	179	206	324	238	216	274	282	316	298	242
LOC409533	4792	5619	5594	7802	7455	6829	7010	8107	7919	8125	7555
LOC726819	102	98	125	171	128	99	136	142	143	134	144
LOC413215	48	28	44	58	43	35	54	52	51	33	41
LOC726625	1914	2104	1141	2229	1946	1792	2188	2468	2821	2132	1250
LOC102655158	81	72	70	100	97	89	161	86	134	79	69
LOC107964859	16	6	8	3	0	0	13	9	8	3	10
LOC100578928	20	46	43	52	37	20	48	36	31	28	44
LOC726571	29	30	10	31	18	26	21	23	30	47	27
LOC413885	153	166	155	270	176	192	168	251	307	196	249
LOC412092	135	188	234	317	204	209	245	246	326	224	285
LOC551954	185	209	219	275	311	234	233	263	291	231	199
LOC724320	206	140	124	198	150	108	162	149	173	176	134
LOC411894	71	63	57	77	78	65	68	58	62	53	63
LOC724398	46	46	67	63	24	37	56	36	29	44	61
LOC107964902	18	11	16	15	11	9	16	15	7	8	11
LOC724443	16	25	18	66	37	26	12	44	76	36	23
LOC411290	15	79	75	107	105	86	60	146	141	103	173
LOC724225	15	36	28	45	17	20	36	35	52	28	29
LOC100576105	13	10	9	10	8	5	4	8	5	6	6
LOC102656765	4084	2915	3170	4372	4115	3075	3854	3796	4181	3821	3364
LOC412161	785	351	560	741	784	420	659	454	562	546	583
Mir3747a	0	0	2	3	1	0	0	0	0	0	1
Mir3747b	2	0	1	0	0	0	0	0	0	1	2
LOC113218930	3	4	4	6	4	2	4	6	4	2	5
LOC410101	248	451	549	881	668	548	567	588	1028	593	611
LOC551104	356	402	387	597	459	399	407	484	488	501	389
LOC412694	4451	4919	4610	7289	6564	5743	5834	5877	7230	6267	5622
TRNAS-UGA	2	6	2	2	0	0	2	1	1	1	0
LOC552721	188	376	486	974	674	566	367	511	1293	485	551
LOC412125	13	52	45	103	53	35	76	52	109	59	80
PGRP-S3	372	267	197	308	331	228	194	254	284	225	209
LOC552310	296	302	341	494	414	360	418	404	383	380	351
LOC552290	503	440	472	786	637	488	505	564	671	561	463
LOC727101	108	208	187	439	294	253	247	308	411	251	279
LOC551021	32	103	116	260	167	107	150	198	204	164	130
LOC107964896	0	0	0	0	0	0	0	0	0	0	0
LOC724439	77	120	76	129	136	95	113	131	122	95	104
LOC552223	635	814	887	1365	990	951	980	1140	1255	1085	1045
LOC413195	318	491	517	807	656	580	664	698	800	594	687
LOC552180	390	416	457	582	571	433	492	471	467	492	446
LOC413196	614	513	505	630	626	531	570	634	592	669	522
LOC724613	407	434	456	695	637	522	680	633	635	471	494
LOC100578157	86	99	81	143	167	110	123	123	157	116	127
LOC113218937	177	196	168	217	208	178	236	230	265	204	188
LOC413197	1510	1968	1875	2836	2585	2009	3126	2399	2479	2309	2267
LOC409814	111	143	123	157	139	114	150	143	157	110	139
LOC724786	153	152	105	159	172	109	112	169	147	157	122
Mir278	1	2	2	0	3	1	1	0	2	2	3
LOC100576760	84	116	118	177	162	154	125	143	149	181	169
LOC412950	263	272	277	444	476	403	433	477	544	437	429
LOC409403	406	529	415	712	670	549	631	616	891	595	604
LOC724935	183	238	281	438	389	316	307	358	403	330	397
LOC100577033	214	253	261	385	322	226	324	330	330	315	238
LOC412254	3095	2488	2247	2697	2936	2286	3438	2800	2815	2826	2513
LOC113218568	707	923	820	1381	1085	704	969	1013	1266	942	986
LOC413264	71	38	39	51	55	44	51	37	53	52	35
LOC409843	9752	14564	13730	25466	25870	17824	19669	23411	25159	19472	15855
LOC100577071	8	8	13	5	7	8	6	10	2	6	5
LOC725135	24	30	28	50	28	18	38	33	59	37	40
LOC413263	20	50	65	98	39	41	47	49	86	62	52
LOC551863	31	74	74	117	64	60	60	58	90	64	65
LOC413418	222	303	276	452	416	296	357	354	393	340	385
TRNAW-CCA_1	0	0	0	0	0	0	0	0	0	0	0
LOC412584	57	105	108	206	132	129	147	170	199	118	151
LOC725334	63	101	82	131	126	72	101	87	106	89	91
LOC411237	186	234	260	437	348	265	345	312	387	344	334
LOC408955	307	362	450	596	493	474	453	524	525	535	516
LOC100577363	15	26	28	24	37	21	23	28	25	23	32
LOC725485	5887	5337	4963	8012	6700	5351	6733	6515	7264	5951	5578
LOC412959	640	1238	1124	1991	1582	1211	1675	1600	1855	1537	1398
LOC113218921	0	0	0	0	0	0	0	0	0	0	0
LOC411362	483	710	658	1089	941	762	892	1015	1185	961	874
LOC409032	521	780	768	1181	1064	884	1002	1186	1284	1075	1064
LOC102655357	39	39	37	27	19	17	19	24	17	23	28
LOC726880	17	6	15	11	16	5	21	22	7	16	13
LOC727173	636	787	733	1130	810	771	953	794	1015	856	714
LOC409268	365	682	605	1143	921	794	930	1114	1035	937	944
LOC409388	313	379	407	675	593	482	461	574	639	575	551
LOC102655897	1	4	3	8	12	9	14	4	2	18	14
LOC409433	341	386	431	646	562	391	455	475	537	443	447
LOC412318	158	212	185	320	284	257	311	259	359	298	226
LOC102655064	39	24	29	34	30	13	18	19	19	27	17
LOC107964022	214	352	415	709	498	424	452	503	682	549	493
LOC102656465	65	65	70	92	74	83	76	67	129	66	68
LOC107965817	76	100	80	148	74	80	88	90	124	96	97
LOC102655120	85	188	174	323	265	209	187	217	342	262	243
LOC100576187	704	1098	999	1778	1530	1292	1494	1673	1906	1403	1455
LOC727568	624	462	515	588	464	434	467	529	670	614	405
LOC551305	498	465	526	820	705	545	637	662	666	671	623
LOC100576085	477	601	628	1215	908	684	897	1014	1133	870	889
LOC102656577	533	428	423	661	576	537	532	539	641	534	542
LOC409281	1171	1562	1695	3113	2658	2044	2142	2196	2577	2156	1899
LOC725598	65	71	46	72	54	56	57	74	59	59	41
LOC551373	143	291	247	671	441	431	364	497	614	440	429
LOC113218991	277	281	199	370	290	216	277	305	367	289	224
LOC107965827	426	359	399	575	479	355	402	471	489	463	417
LOC726444	880	1211	1076	1696	1572	1313	1451	1539	1902	1737	1462
Grp	2	22	29	18	20	18	46	23	20	10	11
LOC107965793	10	4	10	13	14	10	7	9	12	13	17
LOC725842	0	0	0	0	0	0	0	0	0	2	1
LOC113219003	0	0	1	0	1	0	0	0	1	0	2
LOC107965829	0	2	0	0	0	0	1	0	2	0	2
LOC113219005	0	0	0	0	0	0	0	0	0	0	0
LOC113218983	334	400	402	641	553	429	451	492	519	476	449
LOC725031	14	31	17	43	30	28	29	44	55	35	25
LOC412679	132	118	146	232	200	164	156	213	242	168	210
LOC412665	51	146	193	412	302	251	269	361	440	294	309
LOC102654952	415	514	467	824	592	515	557	643	672	603	574
Rep	427	609	690	1163	839	733	817	782	1204	787	883
LOC552066	280	543	627	1015	767	598	698	691	953	745	659
LOC552484	974	1013	1113	1422	1245	936	1423	1437	1340	1300	1073
LOC409586	716	735	658	911	879	613	756	953	934	914	678
LOC727592	548	546	432	709	658	531	618	677	614	724	507
LOC409411	672	1143	1083	1788	1493	1262	1329	1444	1591	1362	1171
LOC726958	820	776	656	1010	1010	869	1097	1095	1110	1046	861
LCCH3	2	4	25	9	7	10	10	11	4	6	11
Amel_8916	0	0	1	0	1	0	1	0	0	5	1
LOC727210	374	328	431	582	461	362	355	453	524	466	433
LOC100576369	428	558	607	1017	776	629	835	765	954	771	765
Mir6006	0	0	0	0	0	1	1	0	0	0	0
LOC107965007	15	40	25	41	35	23	23	35	32	42	34
LOC412647	281	326	311	479	393	321	346	366	398	345	336
LOC727153	75	105	91	167	92	93	109	100	82	107	99
LOC727157	0	0	0	0	0	1	0	0	0	0	0
LOC726740	77	50	76	72	94	66	80	83	86	78	74
LOC552467	168	320	309	655	405	384	368	489	690	393	504
LOC409741	458	752	819	1188	938	673	830	955	1207	926	905
LOC552273	260	271	240	319	256	197	210	273	270	329	235
LOC102654498	0	0	0	0	0	0	0	0	0	0	0
LOC552291	290	317	326	498	329	309	349	416	366	397	326
LOC551554	466	934	894	1838	1261	1057	1239	1285	1587	1173	1138
LOC551576	644	893	866	1297	1131	877	1025	1040	1057	1022	897
LOC551907	1085	1008	901	1494	1324	1038	1201	1283	1344	1203	1251
LOC107965832	16	24	9	26	14	8	11	24	42	16	26
LOC551936	61	74	83	100	81	91	57	90	146	97	72
LOC100576439	19	34	41	63	35	29	24	27	50	23	38
LOC102656685	512	426	447	564	561	385	459	530	458	640	461
LOC412510	246	275	279	382	340	237	332	327	350	319	281
LOC100576436	549	682	658	840	715	590	723	762	795	814	638
LOC411960	167	205	178	330	277	230	226	244	333	217	299
LOC550780	924	815	865	1080	984	804	877	1077	1015	1129	845
LOC551445	454	372	414	604	512	443	532	508	521	518	443
LOC725807	857	699	610	829	822	632	626	816	837	858	635
LOC102656492	139	158	208	258	236	197	183	250	326	241	235
LOC550692	109	187	131	307	187	151	196	163	191	145	143
LOC551097	335	414	386	654	486	378	483	548	574	558	417
LOC100576348	226	253	275	375	279	214	301	271	315	313	256
LOC727599	1258	1096	1089	1563	1351	1034	1147	1293	1262	1354	1009
LOC411653	55	112	107	101	87	73	104	113	102	100	71
LOC409144	2109	3035	2913	4804	4094	3183	4023	4125	4600	3701	3710
LOC725563	832	1318	1215	1708	1509	1216	1448	1365	1623	1399	1214
LOC413984	126	395	402	717	525	514	559	610	851	612	612
LOC113218977	0	0	0	0	0	0	0	0	0	0	0
LOC100578763	947	821	831	1084	928	755	937	962	849	909	774
LOC725558	286	279	223	299	359	262	296	309	343	262	255
LOC551433	75	68	93	118	102	77	72	85	143	73	102
LOC412446	81	165	208	329	227	230	241	272	335	251	259
LOC102656849	15	15	18	8	6	10	12	10	10	22	12
LOC412787	277	389	428	735	586	401	481	482	687	552	433
LOC113218985	1	3	0	3	0	4	6	2	1	2	5
LOC102656780	5	8	2	10	5	2	6	11	4	6	4
LOC726239	0	0	0	0	0	0	0	0	0	0	0
WRNexo	0	0	0	0	0	0	0	0	0	0	0
LOC413692	51	117	143	249	173	165	157	222	233	178	187
LOC550940	290	382	401	668	551	486	587	615	671	516	577
LOC727278	402	774	745	1243	934	757	915	975	1230	949	887
LOC412688	236	296	307	457	401	303	327	352	389	395	327
LOC726367	9	13	15	20	23	12	20	11	17	27	9
LOC100576170	5	3	4	7	7	0	11	14	13	5	8
LOC413382	249	164	160	176	197	176	232	199	211	172	170
LOC113218975	3	0	0	0	0	0	0	0	0	0	0
LOC100578428	182	138	126	192	155	140	176	159	151	162	180
LOC409465	912	1291	1496	2481	1977	1817	1667	2088	2593	1917	1925
LOC552326	2368	3548	3387	5111	3496	2396	3605	3884	4482	3951	2984
LOC413994	2367	2687	2680	4363	3449	2752	3838	3148	4081	3094	3054
LOC113219002	7	14	25	22	17	13	7	13	20	13	8
LOC413573	141	165	164	270	203	158	212	232	224	199	179
LOC551959	62	58	42	91	111	69	90	91	91	87	60
LOC724177	566	830	843	1360	1379	1226	1168	1277	1714	1279	1401
LOC102654076	75	138	128	274	284	221	178	322	341	261	237
LOC113219024	0	0	1	0	0	0	1	0	0	0	0
LOC113219023	0	0	1	0	0	0	0	1	0	0	0
LOC552228	744	1236	1363	1968	1634	1370	1529	1712	2068	1546	1478
LOC727630	1859	3132	3015	5838	4318	3946	4223	4672	5544	4475	4270
Gpdh	1000	1062	984	1680	1449	1247	1374	1369	1946	1388	1347
LOC102656448	594	821	916	1134	1173	1006	872	997	1441	1069	834
Tpx-4	5049	5791	5253	8575	7338	5902	6587	7571	7010	6827	6200
LOC726662	181	173	165	221	234	134	189	230	177	197	169
LOC100576261	146	234	247	341	249	208	260	242	309	290	323
LOC552027	1654	2064	1948	3217	2789	1853	2468	3091	2844	2689	2465
LOC100576220	0	3	7	4	2	1	0	6	3	3	1
TRNAR-UCU_2	0	0	0	1	0	0	0	0	0	0	0
LOC412011	5	10	11	8	2	4	17	8	13	4	16
TRNAD-GUC_4	0	0	0	0	0	0	0	0	0	0	0
LOC113219021	0	0	1	0	0	0	0	0	0	0	0
LOC551227	373	488	503	854	594	542	568	625	793	586	651
LOC724477	48	54	41	64	42	40	39	45	39	48	35
LOC113219006	22	15	19	43	25	24	35	33	39	19	20
LOC413274	69	69	64	107	78	72	106	67	81	82	80
LOC411358	50	73	42	45	68	48	76	52	56	34	45
LOC724787	323	473	429	901	627	560	642	560	827	580	531
LOC413555	22	17	24	24	9	21	19	23	23	19	34
LOC411936	824	585	610	763	720	525	606	741	645	688	573
LOC724936	29	54	60	62	35	23	42	43	61	54	44
LOC725024	57	98	99	185	130	95	112	157	127	101	107
TRNAR-CCU_1	0	0	0	0	0	0	0	0	0	0	0
Mir6051	0	0	0	2	0	0	0	0	0	0	0
LOC413256	995	476	474	346	487	418	780	393	442	506	468
Mir3748	0	0	1	0	0	0	0	0	2	0	0
Mir3749	3	0	0	0	0	0	0	0	0	0	0
LOC411347	3511	2588	2730	3350	3289	2345	3591	2922	2923	2776	2660
Mir3750	0	0	0	0	0	0	0	0	0	0	0
LOC113219016	217	233	234	284	201	179	206	242	281	207	235
LOC409025	338	612	548	890	649	621	624	600	723	634	565
LOC100576864	130	154	198	283	267	187	233	212	241	212	205
LOC725264	59	109	83	102	117	93	99	71	113	66	64
LOC102656773	7	5	8	6	7	7	12	10	4	9	3
LOC100576813	2	1	7	4	1	2	5	6	1	0	0
LOC411345	85	62	66	54	56	52	76	72	43	56	56
LOC113219020	1	9	4	0	1	4	4	4	2	4	2
LOC102656350	6	1	6	6	3	1	0	3	9	1	2
LOC102656483	43	16	38	18	55	23	55	21	15	37	24
LOC411344	842	431	546	688	741	483	701	570	602	558	560
LOC100577998	200	250	308	459	351	319	346	386	450	319	385
LOC102654579	248	272	271	317	268	276	329	280	323	310	241
LOC113218978	53	56	42	54	72	50	66	50	34	65	51
LOC102654439	76	82	69	91	105	86	122	83	110	47	59
LOC107964939	6	17	11	19	19	17	40	34	21	16	9
LOC409024	819	1106	1048	1676	1264	930	1231	1201	1256	1109	996
LOC102653713	144	156	143	176	161	146	143	212	146	137	142
LOC113218979	19	19	6	36	22	16	29	9	30	21	15
LOC409023	207	213	184	286	283	237	276	341	301	282	236
LOC113218980	4039	2738	3075	4452	3833	2358	3794	3816	3803	3390	3398
LOC113219007	479	255	281	291	260	261	452	225	271	250	277
LOC409022	103	133	112	231	181	163	164	176	193	165	174
LOC100578430	54	73	72	95	108	71	118	85	72	98	124
LOC724356	103	135	141	236	166	153	142	149	237	154	157
LOC102655639	12	30	25	13	11	6	23	26	17	13	10
LOC113219017	7	3	2	1	4	3	1	0	0	2	7
LOC411343	228	199	202	291	250	235	242	318	309	245	211
LOC107964981	3	0	0	0	0	0	0	0	3	0	0
LOC550924	439	544	527	811	616	543	666	618	755	624	601
LOC412467	501	567	541	915	654	594	625	819	849	646	732
LOC550822	99	192	193	353	302	211	215	253	408	238	255
LOC100578726	46	39	58	81	60	57	58	80	86	61	53
LOC550684	228	245	242	348	347	259	320	289	290	325	258
LOC411476	17	44	58	169	69	76	88	119	143	78	86
LOC102654691	7367	7425	7258	10204	10252	8470	9208	10480	9765	10078	9175
LOC411477	503	624	659	1071	771	638	704	718	948	748	784
LOC100578713	261	250	287	315	317	246	255	256	298	296	233
LOC107965006	0	4	11	16	18	2	6	5	6	8	3
LOC100577988	151	263	252	362	299	266	296	294	350	353	320
LOC552476	1084	1037	1108	1444	1303	1076	1188	1393	1412	1356	1134
LOC727552	166	156	194	287	215	231	226	273	367	266	301
LOC113219008	0	0	0	0	0	0	0	0	0	0	0
TRNAD-GUC_5	0	0	0	0	0	0	0	0	0	0	0
LOC726608	243	591	510	952	662	532	764	779	785	641	663
LOC726626	101	130	118	216	169	135	122	187	210	199	152
LOC726642	292	415	377	579	409	421	397	506	540	468	409
LOC724873	375	631	728	1327	1097	858	977	1083	1446	947	1145
LOC102655307	17	14	9	8	7	5	8	11	7	11	16
LOC107964964	70	114	72	115	98	56	79	60	90	108	70
LOC113218544	42	74	84	116	97	89	97	103	173	121	110
LOC412091	128	199	220	271	184	149	234	220	299	181	205
LOC102655174	20	22	13	19	16	24	16	32	17	20	5
LOC724718	796	1435	1383	2244	1776	1517	1752	1839	2140	1771	1579
LOC552386	401	444	439	649	515	439	412	498	552	442	473
LOC552401	132	135	130	273	167	146	167	174	244	188	196
LOC552414	269	452	413	774	576	473	599	673	805	427	496
LOC724315	157	85	53	36	46	51	107	66	61	91	66
LOC552433	302	470	431	645	551	470	567	602	636	606	588
LOC724395	2	4	11	4	11	10	0	1	4	1	9
LOC552462	470	598	495	656	640	475	606	646	542	638	489
LOC102655945	3	1	1	3	6	1	0	1	0	0	2
LOC724520	389	577	601	867	899	864	1089	947	1247	868	881
LOC409020	3065	3431	3620	5649	5130	3821	4710	4531	5321	4289	4028
LOC102656198	59	106	97	71	77	48	106	85	121	74	72
LOC107964958	335	217	259	161	223	203	289	135	167	121	180
LOC100576640	176	215	188	333	201	160	239	201	289	218	198
LOC107964959	59	61	70	73	45	33	58	48	64	40	40
LOC100576679	7	22	12	9	9	4	7	16	6	6	6
LOC409515	2791	3829	3743	6111	5026	4054	5188	5559	6089	5095	4808
LOC100576876	1021	1174	1025	1828	1170	981	1307	1227	1415	1147	1204
Para	10926	9042	9787	15070	12940	9253	11890	11262	11967	10264	10250
LOC100578608	38	71	55	135	69	70	79	69	87	46	59
LOC100577999	163	196	148	270	132	131	162	238	163	120	213
LOC113218998	37	22	35	34	15	26	26	21	16	18	18
LOC102656759	19	8	12	14	12	14	16	27	15	11	20
LOC113218999	26	22	8	7	25	9	15	11	25	27	8
LOC726213	313	437	489	715	614	532	568	677	713	654	593
Mir2765	0	0	0	0	0	0	0	0	0	0	0
LOC552217	113	114	82	251	117	162	153	144	210	146	131
LOC409019	414	640	625	1016	798	649	694	760	1042	694	684
LOC726137	154	215	243	322	283	188	285	302	271	249	290
LOC412155	79	127	133	222	209	178	123	193	260	175	131
LOC102653793	256	349	436	571	516	443	482	592	728	502	523
LOC726029	185	216	196	311	249	220	262	275	269	248	222
LOC411924	791	678	538	755	825	517	569	648	679	747	625
LOC411923	207	247	350	467	365	328	375	392	455	394	363
LOC411922	324	435	439	665	488	428	504	600	626	592	471
LOC413030	24	60	64	105	67	59	54	54	115	59	67
LOC411879	627	776	707	1264	1029	928	1029	1114	1299	946	1126
LOC725136	406	539	518	767	644	596	649	507	799	644	639
LOC552529	288	248	179	312	295	194	238	266	220	309	223
LOC552515	1251	1595	1566	2324	2109	1817	2075	2133	2309	2002	2016
LOC725067	236	354	399	573	489	350	472	492	455	521	421
LOC725025	0	0	0	0	0	0	0	0	0	0	0
LOC113218570	8	6	6	5	7	2	6	8	7	6	3
LOC409249	387	768	772	1233	966	885	1032	1106	1203	968	934
LOC551996	126	131	110	126	129	67	91	135	81	143	105
LOC113219009	7	16	11	25	10	13	12	10	20	28	8
LOC551972	241	251	237	393	336	278	348	288	381	267	292
LOC409696	340	441	431	608	593	438	507	493	472	462	462
LOC725076	4329	4326	4307	7006	5900	4638	5307	5908	6135	5397	5166
LOC412961	19	53	50	146	56	81	80	81	130	62	87
LOC102654750	31	39	19	23	20	29	37	22	31	32	18
LOC412960	46	27	32	36	48	41	34	33	47	45	40
LOC113218982	30	31	45	40	49	46	49	48	58	48	43
LOC725595	393	377	326	636	468	389	511	452	519	490	393
LOC411371	1737	1992	2023	2810	2303	1938	2144	2254	2623	2102	2216
LOC100576271	78	127	87	118	85	97	117	75	90	101	78
LOC113219019	49	30	26	28	57	41	66	29	33	25	42
LOC725671	5	10	24	21	10	7	15	18	14	22	12
LOC409805	1799	1653	1646	2169	3148	2336	2322	3214	2990	2705	1974
LOC107964990	101	141	92	141	192	147	174	218	204	182	185
LOC409804	736	730	895	1287	1012	768	888	1007	1157	940	846
LOC113219018	2	12	10	8	7	9	4	7	12	8	7
LOC413181	210	249	247	421	266	220	276	269	314	279	278
LOC412770	115	157	150	210	154	154	195	146	182	147	167
Mir11	2	0	0	0	0	0	0	0	0	2	0
LOC412769	238	254	281	397	281	238	273	327	215	239	255
LOC409602	70749	86959	81645	113735	103756	96898	111981	112197	121382	111015	96484
LOC412768	10339	8449	8810	19729	24401	16893	18291	23603	20063	22816	17819
LOC102655890	0	1	3	0	2	10	5	1	12	4	1
LOC100577064	93	189	162	228	193	234	273	253	342	227	201
LOC412767	97	136	106	176	123	168	223	191	203	152	120
LOC726981	4736	6566	6534	10326	8147	6912	6877	6439	9035	8061	6756
LOC102656101	16	19	30	38	76	60	51	38	37	49	30
LOC552773	4082	4708	4271	6522	4415	3418	4388	3711	4089	4137	3850
LOC727010	53	37	42	60	53	31	53	34	48	39	54
LOC100576902	558	559	454	696	825	660	933	958	852	764	826
LOC727021	185	138	134	162	141	143	176	102	126	130	147
LOC727028	5846	5273	5931	7899	7538	5462	8614	8327	7369	9700	7715
LOC412764	1250	1615	1596	2257	2606	1649	3132	2580	2407	3174	2451
LOC412763	249	430	473	826	631	573	692	719	812	666	725
LOC102656311	437	429	404	515	630	394	457	712	590	677	466
LOC412762	82	109	88	147	137	108	129	177	181	137	138
LOC409600	1020	1160	1098	1853	1432	1095	1249	1458	1369	1440	1193
LOC409599	4064	3823	3210	4532	4594	3103	3626	4544	3702	4436	3442
LOC100577266	18	15	18	22	11	6	14	10	18	6	11
NLG-5	73	51	86	45	32	63	68	36	41	32	46
LOC408391	303	501	455	849	638	502	559	666	799	576	561
LOC411833	371	386	368	570	463	373	381	509	443	436	453
LOC113219022	0	0	0	0	0	0	0	0	0	0	0
LOC411832	18557	16008	15868	22022	19592	15143	17265	18577	17896	17576	16023
Usp	654	831	828	1448	1190	1022	1310	1500	1742	1286	1291
LOC102653834	1	4	12	6	9	2	12	5	0	10	3
LOC102653672	10	10	20	12	14	12	8	10	4	11	14
LOC102653781	80	82	111	140	107	82	110	94	151	102	133
LOC409262	332	435	432	616	508	382	466	471	538	482	514
LOC724267	138	130	176	240	165	151	195	221	229	202	177
LOC100577252	273	336	357	598	503	427	442	517	615	468	415
LOC724451	480	484	434	625	695	442	523	646	605	584	534
LOC724357	167	305	280	465	415	308	433	402	565	375	425
LOC100577561	174	207	183	295	215	142	281	205	273	229	199
LOC724440	894	1162	1405	2433	1532	1281	1389	1550	2129	1392	1453
LOC724583	902	921	932	1271	1016	863	895	945	1040	1074	851
LOC107964976	118	84	84	96	98	80	77	63	83	152	48
B-gluc1	1083	1505	1421	2371	1552	1102	1295	1429	1323	1401	1401
LOC107964975	0	0	0	0	0	0	0	0	0	0	0
LOC107964998	118	153	171	177	158	118	177	154	167	173	148
LOC409310	497	879	973	1780	1262	1059	1171	1230	1508	1181	1279
LOC102655244	235	314	269	500	336	295	349	393	420	330	350
LOC100577358	221	252	253	363	295	300	315	361	292	313	242
LOC413821	316	535	518	845	713	575	764	677	802	675	659
Mir279d	2	1	4	18	7	10	3	11	10	9	10
LOC412880	363	589	591	872	711	672	824	779	871	706	640
LOC102654791	323	583	543	893	714	572	659	733	840	532	674
Rps8	13911	11810	10663	14263	13131	9677	11181	13589	11160	12976	9772
LOC552341	327	512	515	986	686	546	603	676	846	639	740
LOC727324	25	34	32	60	32	40	35	17	31	37	21
LOC726197	68	150	144	385	220	174	240	226	321	196	225
LOC412276	208	269	317	515	412	283	333	393	495	359	341
LOC552403	539	418	385	480	476	321	337	507	393	515	326
LOC725178	72	88	62	83	67	54	74	81	96	51	65
LOC552216	97	110	162	190	215	174	143	187	242	185	147
LOC552235	360	502	592	974	668	633	709	693	783	660	658
LOC100577440	4446	3710	3091	4836	5277	4065	5042	5027	4442	5270	4529
LOC725026	3907	4871	4730	8803	8807	7141	8417	8273	8782	8795	7413
LOC411340	29	16	23	37	20	16	25	32	19	44	24
LOC724937	74	178	137	362	268	216	245	277	274	214	250
LOC113218989	130	44	44	58	51	50	63	67	61	49	52
LOC724895	119	40	52	25	32	38	49	16	69	39	39
LOC552340	88	64	50	54	47	39	71	57	38	45	49
LOC411338	76	140	177	301	201	199	190	242	263	179	179
LOC724663	396	416	420	645	545	488	495	579	712	540	544
LOC409085	74	225	203	437	293	253	217	321	529	306	263
LOC406152	4196	6534	6486	11962	8483	6743	7929	8668	9442	8221	7373
LOC552442	259	229	260	419	330	292	290	322	321	301	308
LOC725227	50	40	47	73	57	54	37	47	73	53	57
LOC411447	60	105	101	177	147	151	135	173	208	131	173
LOC102656074	1353	1875	1700	3509	2535	2111	2117	2306	3669	2286	2341
LOC409267	764	840	929	1579	1222	858	847	1143	1445	1115	875
LOC113218539	709	713	781	1076	948	791	984	910	1173	915	950
LOC552245	33	37	52	67	57	48	45	65	77	69	68
LOC411450	89	125	127	221	142	145	143	190	209	146	159
Cox6b1	2078	2062	1770	2590	2443	1767	1960	2559	2056	2667	1865
LOC725372	95	229	220	380	290	256	268	314	356	307	304
LOC552289	408	902	823	1477	1196	1066	1345	1283	1669	1216	1288
LOC725486	628	646	680	965	825	678	815	829	958	799	832
LOC102656614	51	49	43	54	78	62	56	61	63	54	75
LOC100579026	456	463	466	769	667	662	823	786	708	634	613
LOC113219010	0	0	0	0	0	0	0	0	1	0	1
LOC725596	4022	4801	4570	7428	6227	5385	6247	6639	7420	6163	6017
LOC412714	285	565	551	1003	803	702	740	755	1052	712	709
LOC552345	28	51	51	82	86	39	72	71	109	46	51
LOC102656893	317	403	405	607	445	424	478	479	490	423	443
LOC412025	924	1054	1129	1832	1208	980	1181	1261	1532	1452	1218
LOC409320	38	111	140	244	141	105	101	195	238	119	142
LOC552421	215	427	473	738	550	452	463	465	688	548	475
LOC409217	94	249	267	411	314	244	269	301	553	284	325
LOC113218987	198	356	416	588	484	454	589	514	711	614	563
LOC551523	483	711	784	1269	1047	829	841	915	1224	887	1011
LOC409279	65	140	187	309	182	190	188	276	344	233	244
LOC412784	484	522	618	741	593	580	572	587	748	618	596
LOC725938	1099	1587	1640	2204	1937	1649	1656	1878	2423	1971	1694
LOC551642	227	288	274	438	310	297	339	329	379	313	273
LOC726030	1515	1603	1868	2698	2247	1767	2011	2177	2605	2229	2068
LOC411837	332	409	364	535	509	343	418	482	423	397	406
Rpn1	739	1002	1023	1735	1250	1057	1024	1253	1559	1264	1081
LOC726077	264	349	400	528	398	406	341	405	569	458	388
TRNAE-CUC_3	0	0	0	1	0	1	0	0	0	0	0
TRNAL-CAA	5	0	0	0	2	0	0	1	3	1	2
TRNAV-CAC_1	0	0	0	0	0	0	0	0	0	1	0
LOC552173	81	165	138	223	185	140	162	214	235	150	153
LOC726167	406	560	572	1021	719	618	782	705	842	646	663
nAChRa2	37	30	50	28	37	33	54	45	48	59	38
nAChRa1	1119	545	621	484	603	441	827	466	521	548	580
LOC100578091	8	5	7	2	2	3	10	1	2	2	1
LOC100578130	18	4	8	3	1	6	11	6	10	3	4
LOC100576702	14	11	25	12	8	7	16	4	11	13	4
LOC726288	3	11	9	8	10	3	10	14	3	5	8
LOC107963974	51	65	58	34	42	39	56	53	27	44	33
LOC410063	50	23	52	46	44	14	68	60	40	41	32
LOC100576935	2	10	11	9	10	9	26	27	13	7	18
LOC726382	4	18	24	8	13	16	22	13	13	10	4
LOC107963984	159	71	56	44	65	58	107	48	54	75	82
LOC100578227	91	31	39	37	50	32	48	44	36	19	40
LOC410062	302	403	348	747	621	586	573	591	647	577	542
LOC100578323	0	27	4	33	36	1	28	5	0	53	5
LOC413768	2	16	15	26	21	9	15	21	8	15	15
LOC551880	296	467	412	673	532	415	516	579	591	476	480
LOC726515	242	271	225	328	234	213	214	228	263	239	219
LOC413917	103	200	190	339	173	180	191	217	255	215	239
LOC409017	234	272	272	451	373	284	273	342	446	330	368
LOC100577151	95	84	70	74	108	61	119	83	67	56	62
LOC409016	211	195	187	267	303	257	276	231	229	162	251
LOC102655900	8	0	4	5	9	6	5	7	6	3	8
LOC102656006	114	152	125	334	213	166	195	234	264	194	216
LOC411335	682	639	614	812	801	703	709	715	820	804	759
LOC726619	66	89	92	132	127	81	108	123	112	100	98
LOC409015	1281	1643	1846	2445	1903	1694	1916	2000	2087	1986	1842
LOC726638	181	209	165	227	184	152	176	213	217	208	199
LOC107964950	551	474	465	592	532	400	483	561	508	647	421
LOC100577409	276	268	281	468	353	290	409	351	338	333	333
LOC411330	71	45	29	88	41	46	60	42	70	41	40
LOC102656497	0	2	0	0	1	0	3	1	0	1	0
LOC107965005	4	3	4	3	0	0	1	1	0	0	1
LOC726629	6	7	13	5	12	2	4	10	20	9	6
LOC107964997	5	8	5	8	8	10	5	6	6	3	8
LOC113218976	146	70	88	51	106	66	159	69	71	74	57
LOC102656409	131	70	88	104	111	108	121	99	132	107	66
LOC726750	1590	2677	2275	4224	5061	3588	5350	4848	5115	4248	4558
LOC113218571	17	17	23	14	19	14	17	16	22	12	67
LOC100578512	26	40	36	30	36	51	56	25	51	48	33
LOC113219000	5	2	10	8	5	4	12	6	10	8	10
LOC726796	10	8	7	8	9	4	18	13	2	11	3
LOC113219011	3	2	6	0	0	2	1	0	0	5	1
LOC113219012	43	2	7	10	9	7	20	3	6	13	11
LOC113218988	339	104	91	49	97	80	133	110	117	114	120
LOC102653673	486	239	223	182	291	199	359	155	190	211	201
LOC100577667	68	99	84	169	155	159	170	150	134	157	191
LOC726818	479	649	537	953	1070	1126	977	923	1010	973	1357
brp	1483	1434	1433	2022	1527	1450	2144	1526	1685	1631	1423
LOC100859932	7454	6001	6115	8949	7188	5503	7962	7054	7208	6846	6371
LOC102653763	897	852	686	1001	794	753	876	879	817	875	721
LOC113219015	383	301	328	454	412	289	337	410	395	416	325
LOC409011	851	985	897	1413	1312	1017	1141	1068	1237	1280	1029
LOC551265	133	177	166	301	274	203	266	319	299	233	273
LOC411327	82	84	96	109	118	80	107	104	120	86	89
LOC411326	1028	1453	1401	2569	2104	1682	1812	2288	2339	2046	1890
LOC409010	241	280	359	535	503	390	451	451	618	423	447
LOC726941	1795	2338	2321	3164	3325	2696	2757	2973	3893	3032	2693
LOC726950	3	10	18	4	20	16	24	22	12	11	9
LOC102654316	19	29	24	18	16	22	19	18	29	22	21
LOC107965854	104	73	63	91	74	90	66	112	92	84	71
Mir92b-1	0	0	0	0	0	0	0	0	0	0	0
LOC409007	51422	46097	43542	59696	62134	48825	57995	55820	58077	57591	48832
LOC102654874	59	47	38	62	53	38	59	87	52	77	39
LOC726860	24797	19093	17901	26187	30352	24269	30623	29327	28861	30579	23502
LOC726850	168	131	168	216	231	227	244	245	209	224	174
Mir7	268	148	140	155	229	156	179	162	154	180	151
5-HT2alpha	95	132	198	237	215	225	289	189	274	169	188
LOC409006	725	997	1113	2110	1524	1130	1586	1474	1931	1324	1400
LOC409005	667	757	803	1099	974	802	893	965	1060	981	870
LOC409004	2780	2582	2803	4279	3995	3055	3444	3556	4139	3383	3252
NLG-3	159	192	206	240	213	197	229	209	183	202	186
LOC100578354	1	5	7	8	7	5	21	6	0	9	26
LOC724358	90	90	80	71	81	75	94	78	66	68	57
NLG-4	49	47	75	59	59	65	108	71	58	53	49
LOC100578400	66	50	50	61	93	62	74	79	58	94	85
LOC551922	45110	37680	34542	46547	49371	39918	46751	45680	47153	47976	37323
LOC411320	286	273	256	426	369	316	365	387	439	370	316
LOC724521	532	564	518	748	944	804	1021	972	989	884	1012
LOC724616	5970	9915	8212	14184	11829	10178	14969	14564	13817	12264	11986
LOC724664	171	217	205	294	372	315	387	306	361	359	408
LOC100578860	11	27	31	29	33	19	41	22	15	9	13
LOC100578625	14	4	14	26	14	20	21	7	11	9	12
LOC409002	1	2	12	3	0	3	3	5	1	4	4
LOC411317	29	18	17	7	16	10	22	12	7	6	8
LOC100642173	10	11	24	11	19	6	18	9	10	15	14
LOC100578664	25	33	41	33	41	20	49	42	17	23	20
LOC102655319	11	13	17	8	21	18	27	22	23	5	9
LOC100578699	44	10	34	14	27	30	65	21	32	16	26
LOC411316	11	38	54	76	52	56	60	36	53	61	64
LOC409001	1100	1565	1401	2558	2207	1942	2224	2364	2362	1982	1772
LOC102656114	8	8	12	5	14	3	11	8	3	5	8
LOC411315	102	73	79	39	72	54	89	50	46	47	62
Mir3752	0	0	0	0	0	0	0	0	0	0	0
Mir3751	0	0	5	0	0	1	0	2	0	0	0
LOC100578774	601	1319	1076	2566	1909	1422	2052	2100	2253	1470	1583
LOC113219014	195	256	236	326	311	288	327	226	298	286	234
LOC107964994	218	307	286	358	322	302	294	218	307	316	281
LOC725302	26	19	17	16	13	23	19	9	28	15	16
LOC725335	15	14	14	12	23	11	10	10	6	10	7
LOC107965011	110	111	141	214	180	225	178	154	261	187	168
LOC102656567	112	209	174	259	260	239	205	251	260	268	238
LOC100578842	189	219	267	398	331	335	245	328	420	325	309
LOC725557	117	114	103	111	108	104	156	119	85	120	79
LOC113218974	251	157	204	170	212	193	276	169	147	164	141
LOC409000	543	358	339	297	335	302	483	459	342	311	343
LOC100579047	2	5	11	3	1	5	9	3	1	2	0
CPR11	19	25	20	28	15	6	12	27	15	20	23
LOC725710	370	427	391	474	411	238	331	369	347	350	304
LOC551133	287	360	354	493	450	385	470	558	533	412	416
LOC113219026	1	1	3	3	5	1	4	6	2	2	3
LOC113219025	8	6	7	9	6	3	9	13	12	2	7
LOC100576161	9	4	6	6	6	12	13	4	2	7	10
LOC102655429	9	14	12	4	1	3	11	8	2	9	4
LOC102655476	10	21	20	12	11	13	11	9	8	10	8
LOC102653835	4	1	11	1	2	5	2	2	1	1	5
LOC100576192	7	1	9	1	0	1	4	1	6	3	0
LOC102655512	3	16	21	8	11	18	22	17	19	27	11
LOC102653932	23	12	26	3	8	17	18	9	9	21	5
LOC102654008	1	1	10	0	0	0	1	3	1	0	2
LOC102654053	7	6	8	1	1	0	1	4	0	0	0
LOC725903	4	3	8	6	4	9	8	2	4	3	6
LOC102654158	8	1	12	4	2	3	8	3	6	9	2
LOC725969	43	57	34	27	46	28	45	28	24	19	29
LOC102654246	59	13	12	12	15	5	20	9	16	11	17
LOC726001	62	20	41	25	40	39	59	29	34	31	32
LOC726031	36	9	25	13	11	6	16	10	9	26	20
LOC107964934	413	332	278	352	481	324	408	466	315	492	407
LOC408996	659	1452	1326	2855	2553	2101	2774	2876	2656	2285	2725
Mir9889	1	3	3	1	5	1	8	7	2	4	5
LOC107964944	8	5	11	2	2	3	14	17	5	5	5
Dop3	33	55	75	29	35	27	55	36	12	12	32
LOC102654507	40	22	23	69	29	22	25	36	22	21	31
LOC726106	330	377	440	547	406	442	515	381	483	358	385
LOC102654536	277	228	279	407	873	1126	1043	703	1161	744	454
LOC724138	55	123	141	134	231	87	103	143	261	85	151
LOC113218992	18	12	21	9	19	15	20	8	17	18	9
LOC724178	1004	1138	1232	2562	1651	1259	1776	1592	2038	1357	1609
LOC102654541	40	26	34	39	54	28	52	38	50	21	42
LOC102654585	86	60	63	111	72	51	67	60	90	67	68
LOC100578093	60	48	54	63	74	65	65	72	86	66	82
LOC102655188	312	315	264	328	321	303	422	284	334	301	272
LOC113218993	40	39	42	42	40	27	43	25	32	33	20
LOC100576534	82	78	70	108	95	88	128	68	69	89	76
LOC725336	6088	6395	6574	9753	8443	6879	8908	8190	8920	7245	7221
LOC102655047	54	68	87	74	72	59	108	98	100	77	65
LOC102654629	2	12	12	24	17	5	18	35	27	22	18
LOC107964003	29	72	62	87	78	70	87	85	89	58	66
Mir3753	18	12	12	21	7	11	32	5	22	3	12
LOC113218994	65	35	46	53	54	40	67	49	23	36	31
LOC113218995	68	76	76	91	97	76	104	92	104	91	79
Mir9885	0	0	4	3	0	1	1	0	0	0	0
Psq	119	349	290	541	400	390	574	429	461	411	395
LOC107964937	65	39	62	35	66	50	46	37	28	39	38
LOC552803	159	218	209	332	211	183	223	262	257	280	220
LOC411307	76	129	93	126	106	76	142	133	122	115	69
LOC552798	1129	1324	1316	1892	1609	1335	1651	1621	2037	1691	1435
LOC411503	292	329	385	640	462	385	372	524	513	451	517
LOC552793	51	97	107	199	166	170	155	152	214	142	136
LOC409232	554	769	767	1232	998	838	844	981	993	915	896
LOC725634	808	760	882	1217	997	913	985	1051	1100	1059	1003
LOC409231	1000	1211	1010	1522	1298	1115	1348	1362	1304	1229	1175
LOC411846	1105	1834	1654	2940	3079	2373	3366	3436	3394	2986	2744
LOC411845	109	151	145	227	190	130	190	216	168	206	155
LOC725766	0	0	0	0	1	4	3	0	4	1	0
LOC411306	1066	1331	1334	1884	1665	1559	1736	1824	1869	1745	1716
LOC552778	316	309	322	426	362	298	314	341	385	288	318
LOC411305	223	245	234	404	322	261	301	291	290	351	274
LOC411304	261	307	289	410	370	262	314	350	325	355	340
LOC725970	11961	12968	13191	18620	17305	13347	18771	16616	16624	16143	14744
LOC408992	6892	6463	6073	8517	8064	6076	7975	7372	8076	7619	6475
LOC107964955	1	9	2	8	6	2	5	6	4	7	5
LOC552749	381	147	184	279	220	168	255	140	348	187	212
LOC408991	149	292	280	616	516	386	318	497	587	379	358
LOC408990	178	297	315	508	394	275	371	376	436	361	344
nAChRb2	28	7	9	19	28	19	19	23	26	17	15
nAChRa9	22	16	26	26	70	36	35	58	46	37	40
LOC408989	1390	1738	1382	2336	2962	1876	2659	2495	2511	3174	2321
LOC411822	2749	4285	4153	7254	5039	4258	5089	5636	6319	5635	4830
LOC409357	592	785	731	1201	938	774	953	981	933	1031	826
LOC726215	103	101	394	302	135	116	129	120	181	109	102
LOC552693	282	259	431	663	491	422	410	476	717	437	441
LOC409790	187	456	481	863	587	483	552	552	673	609	544
LOC552674	230	358	284	431	315	294	325	346	433	376	297
LOC726289	280	351	421	711	653	521	658	625	784	641	995
LOC102656338	104	88	67	66	95	109	86	87	69	83	72
LOC102656274	38	51	52	63	47	65	88	71	33	65	71
LOC102656282	2	0	3	0	0	0	0	0	4	2	1
LOC100576504	380	532	385	624	388	418	645	469	471	426	447
LOC411301	494	444	445	395	443	322	562	432	509	363	343
LOC726361	74	64	47	98	106	51	91	97	73	109	88
LOC552643	507	719	688	1177	1091	824	1121	952	1059	940	853
LOC408988	763	781	690	955	766	711	951	826	997	796	713
LOC411299	1663	1823	1866	2917	2598	2048	2126	2245	2607	2273	2122
LOC411490	2701	3475	3236	5322	4589	3277	5326	4043	4929	3887	3635
LOC107964977	114	210	197	305	258	272	220	169	300	219	203
LOC100576355	1879	2064	2134	3623	3291	2663	2954	2902	3526	2437	2521
LOC726535	1054	803	584	736	824	656	774	731	678	736	589
LOC102653654	2	0	3	4	7	5	0	12	4	2	2
LOC107964982	24	37	52	59	47	37	41	33	37	46	52
LOC100576167	21	32	26	49	38	34	41	40	23	34	40
LOC411491	153	152	158	224	186	142	161	144	185	146	171
LOC552561	279	287	303	388	299	266	290	325	419	277	286
LOC552546	495	559	482	624	522	554	881	583	765	676	494
LOC726639	31	17	17	34	23	23	60	18	24	26	22
LOC552524	277	334	325	643	522	431	422	439	535	388	455
LOC552514	170	264	312	389	378	310	302	324	402	326	289
LOC551093	4397	4716	4753	7160	6279	5353	5996	6378	7269	6015	5609
LOC551264	490	591	700	1101	891	795	929	953	981	837	935
LOC552499	198	300	289	434	347	339	380	375	463	408	380
LOC552487	137	236	177	278	195	214	221	238	296	274	227
LOC410012	937	1841	1926	2992	2548	2116	2296	2542	2804	2348	2211
LOC409073	248	392	297	482	489	378	496	492	575	423	467
LOC409409	1280	1542	1749	2914	2948	2622	2729	2554	3394	2572	2591
LOC412272	776	808	806	1246	1109	820	832	1002	1036	1009	914
LOC412815	701	958	870	1938	1662	1352	1500	1704	2157	1593	1643
LOC552384	288	440	435	669	552	414	430	499	580	506	452
LOC726765	1712	2269	2202	3187	2779	2690	2587	2491	3706	2843	2715
Nrk1	447	438	408	596	524	392	484	526	564	564	487
LOC552359	246	241	222	344	243	213	277	286	256	287	297
LOC409186	298	414	420	566	465	444	539	544	645	507	467
LOC411744	2880	2719	2861	4444	3409	2717	3526	3517	3587	3177	3078
LOC408987	1211	1653	1688	3275	2458	2166	2398	2893	2989	2370	2292
LOC102654795	44	34	50	45	52	45	36	38	25	34	27
LOC100578345	100	210	189	236	193	148	223	211	219	210	209
LOC100578798	12	21	19	9	8	7	12	11	13	10	9
LOC100578770	553	596	533	629	501	517	614	593	571	578	555
Or115	171	191	191	316	256	257	217	200	309	205	210
LOC100578732	8	1	10	5	10	10	9	4	4	11	5
LOC408986	3142	2826	2683	3524	3976	3135	3289	3643	3297	3763	2895
LOC408985	113	86	96	64	86	60	87	88	96	93	87
LOC411298	44	42	46	39	33	22	52	30	46	63	28
LOC107964968	246	101	133	84	120	95	151	76	89	88	103
LOC411297	106	97	134	105	62	102	108	95	72	92	81
LOC726934	353	433	332	427	642	395	511	428	440	526	385
LOC102656398	90	98	109	181	194	144	126	131	143	117	128
Lin-52	240	156	179	251	218	132	160	271	169	209	182
Pet117	1	2	0	6	1	1	1	4	0	0	0
LOC113218990	12	2	14	6	7	6	8	6	4	14	5
LOC113218997	10	17	19	4	1	11	6	13	5	7	12
LOC411296	3	14	37	12	10	14	19	2	20	10	5
LOC107964972	141	167	203	221	200	162	263	201	220	201	200
LOC100577196	178	103	108	152	144	150	199	114	158	89	126
LOC408983	409	851	844	1565	1204	991	1164	1223	1475	1149	1089
LOC408982	379	382	347	621	530	419	412	505	504	548	446
LOC726721	1829	1447	1333	1936	2022	1571	1794	2158	1612	2069	1452
LOC408981	1211	1495	1451	2229	2166	1722	2182	2380	2544	2116	2565
LOC408980	588	614	636	819	775	598	613	751	680	651	632
LOC411295	855	1076	1110	1669	1485	1231	1264	1442	1732	1458	1286
LOC411294	120	135	200	303	202	197	179	213	257	181	179
LOC411293	280	377	365	587	439	365	416	473	460	403	406
LOC408979	3653	4180	3859	6759	6089	4595	5240	5968	5947	5206	5180
LOC107965000	6	25	27	44	19	23	34	50	56	31	41
LOC726991	647	849	999	1944	1496	1231	1404	1512	1941	1388	1404
LOC727000	744	1464	1282	2330	1756	1444	1904	2011	2047	1649	1739
Obp5	60640	56143	54884	73314	71761	60397	70126	72004	70318	78553	57542
Obp6	123977	133511	118999	153754	164899	132797	176459	172087	161808	179680	131304
Obp2	496652	400502	336735	408091	456858	406027	482325	456706	417537	495024	357143
Obp7	49	30	33	53	46	49	55	71	45	65	53
Obp3	25	17	20	8	22	8	10	16	11	6	16
Obp4	44394	35003	32109	37582	44902	34254	42335	42932	39651	44761	34912
LOC100576610	350	391	396	472	484	408	507	465	439	549	431
LOC411291	604	615	643	946	845	734	966	954	863	856	758
LOC408976	1971	1805	2135	3522	2977	2151	2657	2943	3029	2521	2457
Mir3754	7	5	5	4	3	7	9	10	0	2	7
LOC724269	86	184	257	431	256	241	339	326	372	283	287
LOC102654831	78	95	112	138	93	76	124	94	82	112	57
LOC551604	625	785	687	1001	780	666	819	703	955	706	792
LOC411542	652	960	994	1727	1362	1155	1324	1361	1655	1240	1260
LOC100578597	596	932	870	1561	1045	973	1151	1184	1412	1053	1020
LOC412629	333	489	494	750	594	485	578	606	666	527	520
LOC551930	34	30	48	42	68	52	91	58	61	62	53
LOC412885	482	824	789	1482	1253	1025	1253	1174	1617	1175	1135
LOC100578529	95	196	195	330	230	167	221	182	341	243	220
LOC409365	590	762	701	1115	892	740	855	846	1096	823	827
LOC412289	1131	987	937	1444	1323	1028	1119	1330	1291	1212	1010
LOC100578212	247	323	337	409	391	345	312	346	457	334	356
LOC409420	327	366	334	615	511	380	446	464	563	468	447
LOC412291	408	692	718	1093	866	773	951	909	1040	903	826
LOC113219336	30	39	47	40	60	33	49	65	73	56	72
LOC113219337	80	72	69	131	104	78	71	150	86	124	139
LOC113219339	20	24	11	29	21	9	22	24	11	31	12
LOC113219340	38	118	303	61	22	63	82	49	28	48	35
LOC113219341	3	0	25	6	0	2	10	1	0	6	1
LOC113219036	0	0	0	0	0	0	0	0	0	1	0
LOC727349	414	322	324	530	414	325	379	425	399	425	350
LOC411806	255	605	544	897	795	692	871	908	1103	856	859
LOC552681	408	517	469	655	579	503	522	597	696	579	547
LOC102656733	57	73	69	114	78	68	96	99	101	86	73
LOC552669	403	452	468	775	614	562	615	695	690	671	597
LOC412281	2104	3546	3399	6286	4728	3882	5148	5021	5824	4845	4513
LOC100576438	50	62	85	157	134	77	107	104	155	96	116
LOC551414	787	759	811	1044	1006	752	898	974	1024	986	778
LOC413989	625	530	583	929	772	624	603	819	728	826	755
LOC551353	376	361	421	585	470	448	566	612	521	582	477
LOC727262	252	346	338	558	471	390	373	490	498	491	453
LOC550715	2396	2484	2352	3283	2866	2017	2497	2973	2360	2895	2270
LOC100576270	19	18	14	23	15	10	23	17	17	18	13
LOC411655	633	1014	949	1469	1264	1051	1375	1281	1549	1332	1214
LOC411654	779	759	745	1042	957	765	778	985	1034	921	837
LOC410060	327	780	749	1114	885	836	977	1056	1247	996	883
Uvop	276	438	322	479	426	329	461	354	405	465	313
LOC102655648	62	97	124	189	166	86	118	143	214	149	128
LOC102655612	195	278	229	416	301	220	229	366	310	289	342
LOC724822	309	465	402	688	543	489	498	566	620	537	518
LOC551231	479	568	654	990	867	703	661	813	1086	768	763
LOC725224	345	478	547	796	579	613	568	644	803	578	593
LOC100577607	891	903	911	1252	913	744	718	896	906	1100	879
LOC551999	391	542	575	882	727	514	521	768	971	801	635
LOC551953	1167	1436	1453	2197	1857	1565	1680	1826	2386	1973	1776
TRNAM-CAU_6	2	0	0	2	2	3	3	4	0	0	0
LOC727288	562	466	522	764	684	528	549	662	641	648	626
LOC100577690	150	139	163	222	155	142	170	182	191	188	141
LOC551901	301	372	394	652	596	509	492	554	656	475	477
LOC412053	266	314	338	482	477	418	442	450	477	413	381
LOC727275	538	587	552	822	541	539	670	628	639	616	595
LOC727269	74	132	175	256	202	162	185	222	248	150	169
LOC412051	177	275	264	472	379	286	339	366	460	375	375
LOC100577198	2616	2754	2139	4277	4585	3859	4217	5324	5213	5525	5280
LOC727261	778	1166	985	1489	1206	1131	1266	1311	1439	1286	1209
LOC725974	43	17	32	61	51	53	26	54	72	50	62
SsRbeta	936	670	598	966	969	692	811	887	915	1006	809
LOC413242	109	265	310	616	415	385	472	560	668	510	497
LOC100578555	20	13	22	17	17	13	14	26	17	13	25
LOC724498	322	715	666	1433	1070	876	910	1030	1319	874	834
LOC410244	144	268	223	382	292	269	270	294	362	274	314
LOC410245	54	79	117	171	220	135	157	174	155	134	196
LOC102656182	7	1	1	1	2	1	4	4	0	0	7
LOC408304	933	1146	1013	1531	1526	1040	1270	1403	1370	1379	1260
LOC100576134	774	747	729	977	861	726	799	749	933	943	880
LOC102656560	21	8	17	19	18	6	29	17	9	10	11
LOC102656150	0	0	4	0	0	1	1	2	0	2	0
LOC410246	623	937	750	950	909	935	1127	803	1148	1020	813
LOC408264	349	423	373	512	429	354	524	387	517	388	413
Mir3793	37	32	29	21	29	23	39	14	21	16	21
LOC102654435	1	0	9	1	3	4	3	1	5	1	6
LOC113219035	4	4	2	0	4	5	2	2	3	1	0
LOC100578623	1	0	0	0	2	0	1	2	0	1	2
Mir3799	0	0	4	0	0	4	3	10	0	1	0
LOC107965105	1	5	10	12	14	2	20	11	7	2	5
LOC724640	165	205	151	250	224	159	215	252	224	224	215
LOC100578783	23	40	52	59	31	29	63	70	58	56	56
LOC113219027	43	24	29	24	32	22	38	37	32	27	57
LOC724765	371	428	383	625	480	431	658	561	664	513	523
LOC100577201	73	91	101	85	109	74	162	112	108	76	65
LOC100577772	73	111	127	92	85	72	128	83	78	95	66
LOC113219047	6	3	5	2	6	0	1	1	4	0	0
TRNAR-CCU_2	0	0	0	0	0	0	1	0	0	0	0
TRNAP-CGG	7	2	10	6	3	1	2	1	6	4	4
LOC412475	501	748	660	1143	868	835	1300	1067	1171	936	1084
LOC412476	41	99	94	115	108	81	123	100	116	118	95
LOC113219048	0	3	0	3	0	0	1	0	0	0	2
LOC100576247	624	825	606	1285	989	781	864	965	1097	1015	842
LOC102656808	0	4	13	5	6	8	9	14	19	8	4
LOC100576301	0	0	0	0	0	0	0	0	2	0	0
LOC102656656	142	215	228	384	612	416	402	477	538	414	318
LOC413510	1994	1538	1492	2041	2090	1552	2000	1978	1852	1891	1783
LOC724285	172	212	241	444	312	230	313	299	388	262	314
LOC107965025	0	9	5	11	7	9	10	15	27	22	22
Mir9873	3	3	2	1	4	0	3	3	2	1	1
LOC102656138	3	3	3	0	6	4	6	3	10	7	11
LOC408306	117	237	280	493	352	285	399	361	664	284	331
LOC410241	835	858	825	1206	1072	817	835	966	1015	1015	809
LOC408303	1765	2237	2489	4101	3311	2964	2909	3211	4387	2944	3265
LOC724542	137	172	197	247	236	159	218	289	283	176	208
LOC107965072	34	16	38	32	18	17	13	32	41	29	20
LOC102654079	3	2	22	3	1	1	9	8	5	11	4
LOC102654050	29	45	32	17	22	11	46	44	32	15	18
LOC113219057	31	13	12	5	5	7	23	8	7	17	8
LOC107965073	35	21	20	17	20	19	23	14	27	11	32
LOC102654285	103	73	73	77	101	69	111	76	70	82	103
LOC100578068	1091	597	730	1097	1188	758	1036	896	1125	837	976
LOC107965086	18	13	12	9	5	8	18	17	9	8	19
Mir316	0	0	0	0	0	0	0	0	0	0	0
LOC113219056	0	1	0	4	0	1	1	1	2	0	0
LOC724683	387	457	477	843	740	537	604	614	762	542	621
LOC413464	1063	788	864	1018	892	685	1054	742	906	864	814
LOC409920	749	1053	1069	1567	1304	1000	1284	1293	1507	1291	1155
LOC413605	1300	1566	1466	2159	1755	1459	1606	1762	2097	1757	1571
LOC410015	1495	1424	1767	2798	2214	1549	1865	2024	2088	1857	1969
LOC100577149	147	121	122	178	179	123	164	114	155	155	158
LOC724838	22	34	18	17	126	10	36	23	70	58	26
LOC100576781	84	67	69	113	77	73	90	77	72	60	69
LOC409847	79	108	156	198	168	127	167	219	264	144	125
LOC102655223	84	100	114	130	104	86	134	103	127	143	96
LOC413270	117	165	178	194	204	162	244	176	206	158	186
LOC725046	781	471	513	580	703	563	867	625	629	600	625
LOC413271	1023	1089	1026	1548	1472	1135	1266	1311	1378	1337	1132
LOC409849	850	556	731	778	776	616	802	674	759	644	670
LOC107965047	55	31	77	47	89	45	74	52	53	35	44
LOC100576417	25	14	31	21	43	15	33	29	16	13	10
LOC725107	96	166	115	218	133	135	136	167	142	138	150
LOC102653988	0	2	1	1	5	1	0	0	1	2	1
LOC409723	917	819	749	1102	1033	739	773	961	935	910	798
LOC725191	7	12	26	15	9	21	15	15	20	8	23
LOC100576565	118	150	159	228	193	154	204	156	211	147	155
LOC107965127	914	583	594	847	759	602	593	662	728	832	601
LOC102654286	217	291	312	627	493	518	439	550	812	441	448
LOC102654242	7	9	11	21	10	14	13	9	19	18	15
LOC724150	341	229	252	163	205	155	268	156	178	162	165
LOC113219051	11	8	14	8	6	1	3	9	1	7	2
LOC107965122	47	23	31	27	58	29	53	17	32	12	29
LOC100578841	11	4	11	4	6	5	21	2	5	3	5
LOC413101	355	331	349	478	456	372	498	519	442	506	382
LOC410006	417	944	660	945	597	482	826	515	610	617	539
Mir971	0	1	1	3	3	3	1	3	2	1	0
LOC102654940	11	5	3	2	0	3	2	0	1	4	0
LOC409869	148	115	165	112	191	134	133	145	128	148	166
LOC102656564	1	1	3	4	0	0	2	0	3	3	1
LOC100577027	168	137	202	276	229	155	185	232	204	228	180
LOC409668	1257	1354	1204	1773	1623	1238	1422	1651	1535	1510	1302
LOC409670	9125	7861	7449	11016	10636	8428	10013	10531	12082	10614	9251
LOC113219046	33	14	25	22	23	20	35	16	22	15	60
LOC107965043	247	339	362	476	548	492	425	513	713	482	507
LOC100577188	84	84	69	115	116	74	100	129	113	98	87
TRNAP-UGG_3	0	0	0	0	0	0	0	0	0	0	0
LOC107965042	771	629	684	693	650	545	689	677	758	754	563
LOC100577407	397	452	431	542	663	406	654	649	629	619	454
LOC107965041	444	1420	1359	2951	2277	1823	2762	2806	2879	2307	2387
LOC411414	51	56	45	80	86	65	77	66	62	72	78
LOC412782	109	123	98	189	122	86	95	115	160	104	118
LOC725192	154	343	276	549	408	315	438	418	613	408	398
LOC107965056	16	20	28	19	15	16	52	24	32	26	21
LOC102653659	6	21	11	25	20	11	19	21	31	20	16
LOC725108	615	599	518	629	582	467	677	521	562	531	463
LOC100577441	4	1	6	3	1	11	1	8	3	1	0
LOC412101	76	178	149	240	160	145	206	202	203	171	207
LOC724995	2	11	27	21	14	10	27	29	8	18	18
LOC724951	50	78	61	117	84	86	96	90	111	96	85
LOC724907	324	456	304	552	406	367	364	331	429	406	311
LOC113219033	3	0	2	2	1	0	0	1	5	1	0
LOC410158	1265	1515	1492	2187	2049	1710	1572	1947	2061	1804	1860
LOC113219034	3	15	19	9	18	17	13	8	8	21	12
LOC102655447	0	0	0	0	0	0	0	0	0	0	0
LOC552392	1451	1912	1717	2599	2201	1817	2090	2082	2557	2284	1975
LOC550711	4052	4613	4856	6707	5823	4710	5645	5865	5849	5544	4980
LOC100578132	356	722	704	1363	799	760	863	890	1238	778	933
LOC727505	45	49	56	58	47	48	41	62	60	73	56
LOC552330	326	480	495	861	721	591	627	687	909	644	583
LOC726427	107	153	167	272	176	141	143	173	206	149	164
LOC551270	274	419	491	625	529	436	497	549	563	544	492
LOC412864	309	418	378	659	525	416	426	502	610	499	419
LOC412863	91	88	130	141	92	84	130	119	96	87	135
LOC726262	215	252	300	354	292	226	290	398	317	296	262
LOC726241	202	462	471	715	570	535	536	590	866	599	624
LOC412602	3740	5832	5770	9493	7855	6227	8132	8117	8025	7286	6815
LOC551757	2401	2059	2234	2786	3071	2335	2427	2834	2628	2778	2251
LOC409056	334	381	348	575	506	433	470	432	508	429	450
LOC551814	53	49	46	77	70	49	67	60	102	73	63
LOC551840	448	836	661	1282	1007	866	1006	1127	1316	977	978
LOC551864	131	181	217	350	297	252	268	317	308	267	253
LOC725611	105	187	156	232	172	129	120	199	229	143	197
LOC725653	756	754	800	1094	1048	846	1047	1099	949	972	854
LOC412526	560	695	796	1321	834	779	777	1104	1093	918	960
LOC725685	698	811	846	1047	913	816	918	980	1314	969	867
LOC551980	850	785	815	1153	992	809	990	865	1144	965	864
LOC113219042	34	83	84	149	110	97	78	78	188	97	142
LOC409057	264	323	318	592	372	362	412	462	463	443	450
LOC411417	1247	1207	1136	1919	1452	1250	1339	1533	1671	1569	1298
LOC552134	533	568	593	780	667	495	700	667	696	757	583
LOC725948	284	420	371	531	502	393	398	501	503	476	460
LOC725983	485	672	640	974	830	648	776	838	951	810	748
LOC102656841	332	430	390	559	426	391	424	450	476	468	383
LOC412937	279	463	429	699	550	474	489	553	707	557	567
LOC412035	240	286	302	353	331	268	320	327	310	315	244
LOC552225	360	417	410	736	605	455	491	605	587	498	413
LOC552246	347	455	423	706	609	504	507	612	695	448	468
LOC412431	146	188	190	314	250	162	206	222	281	243	229
LOC102654025	0	0	0	0	0	0	0	0	0	1	0
LOC413749	2658	2554	2433	3464	4044	3550	4086	4180	4276	3859	3501
LOC107965107	55	65	69	57	99	77	101	73	64	90	88
LOC107965098	40	57	40	30	70	26	66	44	47	46	50
LOC726179	141	101	132	106	109	99	159	106	80	107	142
LOC726199	2385	2265	2309	3305	2720	2157	2532	2460	2533	2466	2363
LOC113219032	48	47	43	60	52	40	61	53	47	38	43
LOC102656145	14	2	30	14	10	6	9	10	13	8	9
LOC113219031	21	38	21	19	18	17	30	21	17	30	14
LOC113219037	51	62	62	116	110	77	97	104	120	62	99
LOC409525	207	291	219	302	305	279	280	311	357	312	287
LOC724872	34	35	47	50	71	52	52	53	66	42	54
LOC412310	7	16	17	19	15	22	30	20	20	17	22
LOC727023	230	240	234	303	295	230	282	270	274	317	302
LOC113219028	21	1	12	16	18	8	8	11	4	7	7
5-HT2beta	46	33	30	31	18	20	42	17	24	29	20
LOC409699	1857	1796	1703	2421	2502	1959	2438	2452	2416	2533	1993
LOC100577331	0	2	2	0	1	0	0	1	2	0	0
LOC724767	34	46	47	67	50	31	54	41	51	49	40
LOC102655521	9	12	13	14	12	5	22	14	13	8	12
LOC409903	34	41	38	61	52	44	53	48	46	65	45
LOC102655031	0	3	3	0	0	0	0	1	0	0	0
LOC724499	15	30	23	25	13	12	23	23	10	24	9
LOC413544	268	387	368	564	452	345	451	487	491	506	423
LOC724486	418	355	394	485	488	287	333	486	386	439	395
LOC413702	292	504	453	844	669	543	612	637	829	697	545
LOC551733	15211	15406	16474	25356	22515	16806	19594	19391	21495	19335	17766
LOC113219053	0	0	0	2	4	3	1	0	2	3	3
LOC410023	450	417	508	701	562	482	709	568	653	646	563
LOC726270	3679	3541	3179	4243	4053	3197	3478	3842	3307	3856	2988
LOC413683	395	569	589	956	706	636	889	832	1061	792	786
LOC409472	2538	1891	1839	2329	2015	1508	2283	2087	1940	1923	2031
LOC724141	810	997	888	1412	1196	981	1170	1340	1289	1251	1003
LOC551787	372	530	495	850	617	470	545	643	721	592	563
LOC551756	238	297	234	350	286	224	258	317	425	333	288
LOC551726	828	762	743	1032	958	804	850	973	971	890	857
LOC100576223	112	103	107	108	126	121	196	101	109	104	135
LOC409876	5877	3885	4692	6873	7274	5177	5611	5475	6149	5552	5618
LOC102653934	30	29	35	31	50	35	48	49	61	26	42
TRNAT-CGU_1	0	0	0	0	0	0	0	0	2	0	0
LOC725240	241	208	191	182	197	192	188	218	207	236	180
LOC725193	144	229	231	361	255	207	291	313	323	295	274
LOC412607	81	153	153	349	227	219	167	217	295	242	222
LOC113219055	90	67	79	89	73	68	69	82	111	92	72
LOC410155	78	216	223	467	278	238	258	293	423	245	340
LOC113219054	280	417	396	759	266	239	420	374	439	312	321
LOC107965091	653	1137	901	1362	1206	1071	1490	1467	1457	1366	1120
LOC100577877	293	334	255	471	411	291	394	357	410	369	330
LOC100577839	40	43	37	50	33	47	50	85	61	71	57
LOC100576193	157	198	162	196	212	185	269	278	256	214	227
LOC413995	3649	5788	5856	11511	7966	7225	8165	8789	11104	8546	7771
LOC100577758	4	4	0	1	2	2	2	1	5	0	4
LOC409159	100	115	120	259	167	208	201	231	267	192	313
LOC411691	248	239	214	297	322	215	230	285	268	278	276
LOC107965094	2	0	2	0	0	0	0	2	3	2	2
LOC725577	179	246	218	298	225	208	312	297	300	291	280
LOC409522	161	153	157	306	221	187	196	260	306	213	210
LOC551589	69	139	125	173	129	141	140	126	225	137	149
LOC725536	32	29	46	45	39	40	48	45	53	39	26
LOC100578811	181	89	114	125	120	103	122	123	111	99	116
LOC725612	250	301	294	514	363	311	358	402	508	401	379
LOC102656116	68	46	47	42	41	30	39	42	37	40	34
LOC409497	372	904	851	1524	1150	953	1337	1224	1518	1086	1021
LOC551499	260	278	318	560	438	389	449	495	513	427	401
DHRS4	728	709	651	971	843	683	749	825	868	920	776
LOC409427	1210	1280	1316	2160	1715	1492	1655	1720	1786	1811	1524
LOC412305	249	340	373	633	419	355	384	456	584	405	446
LOC412306	14	31	19	53	40	56	32	48	33	43	38
LOC100578455	96	89	87	138	143	98	130	156	115	112	140
LOC102655698	15	9	22	9	13	11	10	8	1	10	16
LOC107965062	11	19	29	38	28	13	16	31	26	18	24
LOC410235	48	90	88	155	120	112	165	123	162	95	108
LOC410236	1227	1776	1507	2722	2859	2275	2867	2852	2637	2471	2712
LOC410237	795	1062	1280	2173	2458	1748	1867	2080	2142	1664	1516
LOC100577466	286	332	330	442	394	281	289	341	360	370	347
LOC408301	285	489	468	775	640	494	599	622	684	581	593
LOC726016	96	67	61	81	63	45	46	85	57	50	79
LOC725880	478	461	358	551	523	349	371	527	432	506	387
LOC410238	27	37	62	75	55	40	78	82	65	78	77
LOC726063	235	316	327	563	416	365	406	416	477	407	388
LOC410239	92	234	273	403	366	290	302	386	431	389	338
Mir263a	7	4	0	13	2	6	11	6	2	5	10
LOC410228	1253	1917	1976	2864	2997	2580	2917	3352	3245	2641	2558
LOC726149	109	140	104	164	192	136	146	197	184	152	145
LOC550998	215	313	311	397	354	303	301	337	382	355	373
LOC410227	135	182	168	249	169	192	168	145	231	183	177
LOC410226	7475	11390	12133	18233	15955	13081	15506	15077	17584	15055	14185
LOC410225	64	101	95	148	76	109	88	125	219	107	134
Mir3773	0	0	0	0	0	0	0	0	0	0	0
LOC100577401	245	553	576	841	782	709	818	885	1053	820	751
LOC550685	581	927	960	1631	1326	1118	1228	1290	1753	1195	1272
LOC726265	109	160	156	210	207	205	201	252	217	229	163
LOC412710	814	719	685	897	895	658	688	773	842	859	668
LOC551463	602	693	674	1018	879	709	795	867	1051	937	739
LOC412749	298	402	460	717	625	505	533	538	809	536	574
LOC726219	313	535	412	717	508	490	491	516	771	620	610
LOC725562	35	39	39	81	50	60	72	64	83	71	55
LOC725603	93	80	87	160	117	97	126	100	94	105	112
LOC551153	226	170	176	203	148	137	139	194	176	209	141
LOC107965045	87	98	83	128	99	90	91	105	83	122	106
LOC412598	330	515	511	1014	601	504	623	613	914	564	623
LOC725675	338	305	279	412	388	319	362	394	389	342	355
LOC412094	1164	1280	1463	2012	1769	1559	1439	1660	2090	1652	1664
LOC412638	688	790	712	970	950	765	923	1026	989	926	884
LOC100578341	108	92	70	191	148	77	98	129	156	157	94
LOC107963973	476	480	488	829	652	490	546	623	735	613	649
LOC552526	46	49	73	136	129	89	91	84	120	107	88
LOC412093	1436	2086	1973	3339	2585	2287	2675	3081	3648	2770	2725
LOC552501	389	430	362	562	548	427	482	528	521	524	387
LOC726540	209	270	259	468	383	329	392	334	506	376	398
LOC552144	130	133	160	253	148	220	217	228	288	219	214
LOC412302	232	343	293	548	400	354	416	401	433	377	340
LOC408302	95	126	76	202	167	94	133	199	227	163	150
LOC107965117	89	53	33	50	46	44	77	36	38	61	62
LOC113219060	440	583	580	969	619	557	839	731	815	694	741
LOC113219061	100	123	110	130	105	109	145	168	105	109	204
LOC726592	15	22	24	12	6	12	20	14	6	10	26
LOC410229	276	346	404	602	653	536	620	671	683	475	597
LOC102655797	0	2	1	1	6	1	1	3	0	0	1
LOC107965055	33	30	30	49	24	33	73	35	23	20	19
LOC113219063	181	167	169	238	191	133	209	186	196	187	152
LOC726469	446	643	701	1162	772	665	1086	828	929	713	812
LOC410231	13	14	16	19	17	8	22	29	25	20	11
LOC726453	147	102	118	140	155	83	77	81	90	131	107
LOC100576957	10	5	12	4	9	6	7	5	15	7	16
LOC410233	658	1337	1135	2142	1937	1486	2602	2160	2263	2168	2102
Mir3775	0	0	3	0	1	0	0	0	0	0	0
LOC410234	277	421	407	739	549	476	538	542	558	473	480
LOC551844	1061	1199	1228	1717	1630	1369	1444	1397	1779	1499	1335
LOC724151	419	396	402	536	529	319	399	509	424	456	406
LOC551794	653	671	680	1053	844	708	811	780	850	830	750
LOC551763	969	1362	1332	2202	1603	1376	1483	1722	2097	1931	1722
LOC100576140	355	403	372	554	447	352	423	488	504	458	370
LOC724241	145	145	140	186	124	134	117	173	156	210	148
LOC551706	163	263	210	457	242	203	462	346	299	300	321
LOC724333	193	413	322	619	566	411	539	534	613	536	423
LOC408299	215	229	304	349	358	210	333	338	351	306	296
LOC410223	929	752	709	871	937	764	900	899	917	874	853
LOC724457	41	44	40	86	55	59	49	50	64	56	35
LOC409191	185	320	330	549	369	343	353	440	484	430	378
LOC100576099	54	72	77	79	93	53	75	73	89	101	86
LOC411754	102	218	244	408	373	284	299	372	451	371	308
LOC551498	472	485	528	747	572	485	600	563	844	616	577
LOC411506	27	44	29	47	36	37	31	38	53	32	30
LOC100579031	10	22	11	20	12	12	9	13	26	27	21
LOC102655156	13	12	10	17	18	17	20	14	12	20	14
LOC412508	708	1132	1165	2034	1481	1343	1541	1639	1660	1330	1464
LOC102655127	343	305	315	512	362	318	383	358	405	437	387
LOC411612	333	601	494	878	668	607	742	793	812	657	580
LOC551361	820	1136	1189	1758	1534	1160	1524	1597	1858	1546	1415
LOC409395	630	801	735	1248	1004	759	913	997	1176	946	947
LOC551282	171	140	140	219	195	164	204	221	202	203	194
LOC410222	2061	940	944	791	873	785	1427	818	886	954	1067
LOC551210	76	133	113	266	144	151	165	166	239	160	149
LOC100578011	28	50	44	60	56	25	47	61	56	45	39
LOC100578890	721	827	924	1208	1164	946	1041	1153	1208	1056	988
LOC409390	674	406	789	1110	1137	639	791	784	1082	758	937
LOC100578852	69	94	86	139	110	96	114	143	152	104	112
LOC551072	847	896	899	1365	1218	904	932	1272	1234	1155	1031
LOC725142	19	31	34	56	39	16	23	44	31	32	24
LOC409548	349	415	480	769	576	485	554	639	688	594	624
LOC412627	109	136	152	229	211	165	223	211	198	241	196
LOC725241	106	81	61	90	63	55	107	52	79	58	75
LOC102654086	25	9	15	26	18	12	11	14	10	12	13
LOC100577759	118	185	187	287	231	164	200	230	303	221	238
LOC100578824	48	38	29	14	17	17	23	23	24	32	15
LOC410001	1354	952	1018	1475	1309	882	1401	1216	1168	1116	1094
LOC412055	333	661	674	1146	777	721	903	798	1182	911	835
LOC550726	646	732	772	1043	964	830	869	970	1089	991	858
LOC550885	674	808	998	1624	1176	1126	1075	1297	1585	1175	1270
LOC727285	23	29	28	67	37	26	32	38	49	54	28
LOC412363	1178	925	902	1169	964	806	862	942	1046	994	878
LOC551666	3239	3474	3181	4606	3381	2889	3251	3516	3905	3451	3251
LOC411711	21	45	52	102	59	55	64	74	124	67	103
LOC551610	145	239	213	301	306	177	234	210	283	222	236
LOC412233	119	119	96	195	169	141	135	140	156	113	115
LOC727266	345	357	337	456	416	311	406	367	478	411	334
LOC551516	455	649	586	932	767	694	714	656	836	751	626
LOC551488	743	896	886	1509	1161	1069	1118	1265	1277	1270	1155
LOC100577343	2231	1538	1569	1970	2182	1624	2247	1770	2032	1806	1713
LOC100577192	409	504	465	630	653	460	521	612	612	625	538
LOC409532	512	512	500	790	609	588	571	626	792	648	568
LOC412569	4	13	7	20	8	9	14	7	12	10	14
LOC102655712	47	62	51	52	54	44	51	38	43	47	27
LOC725578	921	920	817	1213	877	702	1036	829	811	866	864
LOC552639	396	373	408	457	492	346	359	460	384	404	370
LOC725654	967	1012	1142	1817	1663	1300	1419	1427	1925	1455	1464
LOC725686	188	193	206	261	251	160	187	185	272	197	226
LOC100577844	164	284	246	371	331	249	245	290	370	244	285
LOC725749	170	178	161	282	261	171	201	218	249	243	239
LOC102654069	4	10	12	22	13	11	7	10	25	13	18
LOC100577949	134	156	150	183	214	160	189	167	192	163	169
LOC100578641	26	48	41	72	40	42	44	69	64	46	39
LOC725886	93	155	164	258	205	158	180	166	244	173	165
LOC411854	494	1043	884	1580	1414	1146	1238	1469	2043	1406	1311
LOC725949	189	519	552	811	610	534	683	673	897	697	748
LOC552722	1811	1829	1729	2887	2395	1988	2202	2490	2464	2325	2149
LOC552728	45	40	69	94	88	47	94	57	51	64	59
LOC552734	1511	2379	2379	4257	2771	2232	2638	3469	3813	3206	3004
LOC102654349	474	544	421	589	548	403	419	644	538	651	432
LOC412916	1361	908	1044	1335	1329	1026	1300	1188	1236	1128	1100
LOC726120	1264	1182	1130	1649	1613	1164	1192	1646	1322	1801	1150
LOC409673	106	139	132	181	154	110	175	143	152	110	120
LOC409672	485	526	512	888	680	567	641	679	851	707	660
LOC726200	48	52	54	93	86	83	72	102	64	57	59
LOC726244	109	123	116	173	185	142	143	157	171	143	116
LOC100577493	377	488	451	588	450	418	475	482	537	507	417
LOC412914	1480	779	1033	1353	1369	961	1293	1100	1342	1122	1319
LOC409671	443	556	509	793	715	520	590	752	814	739	645
LOC412913	283	225	265	308	306	212	269	249	261	266	276
LOC100577602	232	253	255	378	344	229	341	341	428	381	366
LOC409119	79	159	143	237	200	144	174	193	245	163	200
LOC411591	388	563	569	797	652	522	608	686	762	642	616
LOC725681	382	536	608	1072	790	634	765	816	960	747	723
LOC724119	164	250	233	363	307	250	287	344	325	290	288
LOC724152	101	68	68	125	107	74	81	65	118	72	83
LOC102655479	1124	1609	1716	2921	2149	1928	2528	2121	2641	2107	1930
LOC107965022	72	108	96	182	111	92	96	112	114	140	121
LOC724417	131	461	478	912	550	523	781	674	859	655	580
Mir3785	0	0	0	1	0	0	0	1	0	0	1
LOC414027	1556	1120	1143	1417	1465	1114	1395	1491	1263	1509	1162
LOC552688	68	162	127	311	223	151	151	242	313	212	243
LOC724321	820	1278	1383	2068	1732	1341	1554	1707	2152	1655	1474
LOC552556	178	173	195	186	247	168	214	200	168	200	162
LOC100576945	417	353	296	477	457	317	329	451	400	463	310
LOC409362	1302	1587	1572	2646	2045	1662	1743	1967	2302	1794	1738
LOC113219040	11	7	8	27	17	11	9	19	17	16	14
LOC113219041	130	163	123	156	244	131	174	197	141	168	154
LOC409361	3555	3081	3005	4284	2967	2694	3118	3381	3517	3336	3531
Mir6046	53	52	52	47	65	43	66	48	37	47	65
LOC102655765	150	148	149	187	195	115	137	186	198	193	140
LOC552522	383	471	443	722	595	469	549	561	707	617	582
LOC408298	3993	2178	2664	3128	3240	2037	3060	2563	2472	2815	2537
LOC113219038	210	115	171	91	116	93	173	83	112	118	58
LOC410219	412	519	550	829	696	596	594	766	685	662	589
LOC410218	875	752	863	1175	1071	747	935	1000	1178	1075	839
LOC410217	339	625	612	1006	719	610	784	771	986	760	717
LOC552458	383	380	354	607	509	366	425	481	485	431	409
LOC410216	319	338	432	559	550	436	393	528	513	504	508
LOC724908	81	71	80	59	71	35	102	48	26	37	50
LOC113218545	59	34	39	41	42	34	47	25	24	31	30
LOC408297	148	76	71	37	66	71	107	47	45	49	58
LOC102656337	56	38	32	54	77	48	55	47	74	61	64
LOC725047	344	632	603	1114	799	561	671	1034	977	743	781
LOC102656571	12	13	13	18	25	12	18	20	23	13	30
LOC725082	57	61	52	57	61	63	71	49	66	73	57
LOC113219058	0	0	1	1	0	0	0	1	0	0	0
LOC725155	738	1517	1273	2494	1742	1417	1914	2100	2337	1904	1779
LOC552353	478	365	351	550	471	396	484	483	495	440	437
LOC410211	3589	5684	6022	11412	11152	8019	8323	9457	10397	7780	7950
LOC408294	738	923	929	1320	1144	908	1140	1228	1221	1091	1052
LOC408295	175	93	145	77	82	75	130	76	77	87	84
LOC408293	1344	1206	1224	2017	1581	1301	1729	1601	1801	1577	1573
LOC552276	828	1215	1096	1618	1173	1076	1533	1173	1396	1362	949
LOC100576217	86	59	35	38	67	33	58	57	42	39	49
Hb	42	19	11	10	10	15	23	18	8	9	9
LOC408292	325	271	291	537	450	259	364	409	355	303	323
LOC410208	24	30	38	98	63	36	47	70	105	44	77
LOC552189	593	550	469	751	611	459	562	555	671	620	505
LOC409552	7411	5931	5332	7382	7052	5169	5838	6781	5670	6952	5352
LOC107965085	129	271	247	404	363	277	358	338	395	301	329
LOC552169	52	104	74	102	97	67	73	66	115	78	87
LOC552143	143	160	151	238	185	151	206	165	224	170	166
LOC409201	188	299	258	483	339	315	338	416	514	374	382
LOC411785	738	819	909	1438	1118	985	1080	1148	1407	1038	1105
LOC550791	73	137	163	153	839	83	113	240	248	230	121
LOC411786	178	239	192	263	224	204	226	258	214	228	182
LOC552042	104	118	123	157	142	130	166	163	166	149	107
LOC552015	173	262	225	367	402	288	287	308	417	259	276
LOC551986	231	252	163	264	238	203	232	282	260	299	239
LOC550651	2756	4753	4602	7447	6305	4614	5422	7051	5434	6171	4904
LOC113219064	0	0	0	0	0	0	0	0	0	0	0
LOC551967	200	171	145	220	208	174	179	166	191	199	140
LOC410204	1109	1656	1620	2825	2883	1998	2538	2709	2771	2121	1948
Mir3792	13	12	5	4	12	2	17	12	7	6	11
LOC726121	444	443	387	539	451	390	509	521	489	514	366
LOC410205	215	368	362	640	514	522	474	531	614	459	437
LOC410206	194	296	312	504	344	319	384	405	489	377	327
LOC410207	68	182	188	315	214	205	242	220	259	249	218
LOC100576462	97	101	88	113	95	82	147	77	101	113	78
LOC408291	1439	1578	1472	2172	1719	1307	1635	1945	1863	1859	1665
LOC726272	600	1075	950	1688	1301	1113	1236	1267	1589	1303	1333
LOC100576531	199	163	174	216	185	158	177	192	175	204	160
LOC726326	396	432	416	684	546	431	428	562	581	526	547
LOC100576572	434	605	563	886	662	598	677	691	787	747	641
LOC100577308	216	290	288	396	311	250	281	311	342	327	304
LOC726389	1257	1219	1290	1664	1497	1272	1531	1387	1695	1532	1289
LOC551588	424	551	596	870	791	566	646	785	747	727	703
LOC409499	604	525	512	799	704	566	715	726	636	781	648
LOC100577423	96	164	138	195	171	140	185	158	208	155	151
LOC551497	423	540	540	832	608	530	573	661	745	606	578
LOC726488	230	263	246	545	396	310	343	413	576	361	439
LOC102656106	98	54	76	29	72	51	103	57	51	52	46
LOC100577603	1339	1404	1380	2305	1951	1679	2219	1898	2255	1943	2023
LOC410202	1040	1230	1086	1562	1762	1486	1890	1770	1824	1760	1389
LOC102656356	3	0	3	4	1	3	4	1	0	2	1
LOC552682	1562	1365	1363	2043	1872	1454	1732	1766	1870	1728	1487
LOC100577672	147	234	239	365	276	302	308	297	395	310	309
LOC552663	764	604	647	985	797	647	755	816	776	827	661
LOC552658	339	544	534	858	715	580	860	749	889	722	647
LOC408288	366	418	359	533	421	313	407	375	542	425	354
LOC726668	706	894	928	1282	1259	1071	1074	1106	1157	1090	876
LOC408286	600	1475	1546	3287	2956	2148	1685	2467	4033	2258	2055
LOC552618	860	852	777	1131	965	862	896	1027	1099	968	914
LOC410170	3633	4051	3618	5032	5404	4410	4645	5247	6588	5357	4433
LOC411577	847	1190	1271	2138	1926	1705	1702	1861	2067	1780	2213
LOC410198	117	236	209	331	232	184	247	291	297	240	260
Cry2	280	367	325	511	417	296	324	363	339	452	395
LOC100576882	4476	2596	3211	4657	4402	2733	3950	3648	3657	3541	3522
LOC107965051	38	36	29	21	42	30	38	26	29	23	23
LOC107965050	158	158	177	244	207	191	224	272	202	224	222
LOC102654089	1077	1189	1032	1592	1477	1202	1479	1374	1173	1320	1236
LOC100578366	41	28	44	35	25	31	73	44	29	55	56
LOC113219029	9	7	11	7	7	2	3	10	1	8	9
LOC113219030	194	186	127	186	204	173	197	230	162	197	194
LOC408283	353	657	629	1088	788	736	780	828	1210	861	878
LOC107965048	20	16	25	54	43	21	37	44	35	48	29
LOC100576915	247	264	329	512	403	321	386	420	470	439	411
LOC107965021	10	31	29	68	48	19	33	42	39	40	39
LOC410195	700	659	657	973	756	672	707	690	905	816	701
LOC408282	349	435	483	630	554	434	472	468	667	481	456
LOC410171	2821	6912	6189	10474	7871	6433	10806	9380	9528	8886	7451
LOC414048	241	390	412	620	434	402	447	507	550	460	519
LOC100577069	29	35	24	15	19	24	40	14	17	26	18
LOC724626	1091	911	895	1325	1376	1080	1085	1076	1264	1058	1037
LOC100577102	371	396	459	652	448	454	493	554	586	518	474
LOC410172	1163	1308	1311	2012	1600	1494	1677	1766	2016	1857	1549
LOC724724	1944	1946	1987	2947	2688	2150	2017	2366	3024	2513	2151
LOC102655329	11608	16556	17057	30228	24099	18952	23873	24435	23898	21342	20659
LOC410200	473	380	369	576	493	406	442	427	477	496	414
LOC410201	331	466	604	981	927	746	637	923	1123	761	1021
LOC100578731	150	138	124	187	128	111	132	137	146	155	186
LOC100578769	879	1208	1108	1844	1707	1491	1789	1732	1749	1466	1554
LOC107965039	300	281	293	304	310	277	344	296	369	323	247
LOC107965037	67	237	236	537	296	328	449	519	448	342	354
LOC100578797	96	77	93	120	133	121	190	228	182	155	177
TRNAS-GCU_1	3	2	9	3	3	0	3	0	3	4	4
TRNAD-GUC_6	0	0	0	2	0	1	2	1	0	0	0
TRNAK-CUU_4	0	0	0	0	3	0	0	1	6	0	0
TRNAN-GUU_3	2	2	0	0	1	1	1	0	2	0	0
LOC724996	783	601	521	735	799	547	596	766	676	648	521
LOC725048	388	703	718	1216	854	845	1009	998	1241	991	920
Obp11	8785	7649	6377	9765	9009	6637	7493	9276	7841	8702	6892
Obp10	519	461	464	629	526	391	472	497	510	550	492
LOC552275	64	182	210	420	270	225	261	269	326	189	244
LOC552253	487	640	574	921	797	589	780	855	724	760	772
LOC412198	1130	1554	1607	2500	1913	1718	1877	2124	2259	2049	1791
LOC107965038	166	238	157	323	256	206	225	259	339	228	225
LOC102656107	679	610	569	879	784	636	650	831	781	732	620
LOC408285	1295	1971	1797	2669	2356	2011	2908	2503	2651	2503	2358
LOC102656008	223	140	147	159	162	122	159	148	158	159	150
LOC725350	54	42	60	40	33	25	47	22	25	31	29
LOC113219043	2	5	0	0	0	0	1	1	2	0	1
LOC725389	108	76	74	53	94	76	86	68	49	55	69
LOC725422	350	256	212	228	228	200	387	204	247	235	235
LOC102656189	17	19	16	11	18	11	20	11	12	13	14
LOC408284	1014	1008	910	1576	1349	1032	1213	1400	1395	1249	1207
LOC552097	343	357	375	533	503	354	409	479	428	507	380
LOC725538	520	350	342	499	447	318	358	483	397	508	371
LOC409315	274	440	433	789	523	450	502	509	776	558	572
LOC552360	617	956	945	1570	1344	943	1146	1245	1499	1173	1176
LOC727298	113	265	280	531	339	334	281	329	488	324	329
LOC551372	188	255	246	317	233	288	346	278	326	292	247
LOC726977	748	807	648	1041	918	674	761	901	1011	927	760
LOC726983	156	143	137	241	203	157	142	211	202	160	216
LOC411366	48	123	79	203	134	108	147	128	241	113	150
LOC413792	268	505	479	655	538	549	474	550	736	568	535
LOC725579	459	661	546	827	711	665	689	631	843	739	592
LOC725613	632	915	830	1251	1001	899	935	937	1305	1076	913
LOC551143	1027	1277	1345	2117	1724	1578	1642	1948	2186	1836	1715
LOC100576387	1	2	0	1	7	3	1	4	7	2	2
LOC113218572	6	3	4	1	4	2	5	3	2	7	4
LOC412034	137	239	277	375	237	226	223	249	280	245	290
LOC552469	106	88	131	200	136	119	123	114	156	144	104
LOC725854	212	248	288	385	299	252	252	338	346	292	240
LOC100576472	179	319	323	575	462	399	436	500	627	505	433
LOC102654029	1386	1596	1649	2492	2090	1723	1578	2040	2420	1919	1858
LOC725977	879	721	747	909	1019	722	851	917	905	947	800
LOC412328	1509	1153	1012	1541	1449	1089	1130	1436	1173	1530	1079
RpLP1	8314	8778	8147	10754	9857	7417	8828	10810	8227	10553	7778
LOC725950	810	1264	1151	1801	1479	1251	1469	1482	1865	1510	1434
LOC413504	1153	1761	1446	2692	1920	1548	2324	2061	2356	1904	1828
LOC100576750	0	5	4	0	0	0	6	0	1	1	6
LOC113219039	17	6	5	4	14	2	5	2	0	3	4
LOC102654938	1	2	4	0	0	0	2	2	0	0	2
LOC100576715	0	1	0	0	0	0	5	0	0	2	0
LOC107965125	0	0	3	3	4	0	5	1	0	3	0
LOC100576772	1	0	5	0	0	1	1	0	0	0	0
LOC726017	330	218	244	265	267	192	264	283	233	235	254
LOC102655419	2	5	1	1	2	0	8	4	1	3	1
LOC102655396	5	5	12	13	21	4	14	13	12	6	5
LOC107965080	0	7	8	17	6	11	15	5	9	8	5
LOC107965079	0	0	5	7	1	0	1	6	2	2	3
LOC410194	162	185	205	325	258	205	231	261	301	252	241
LOC102655241	36	27	32	49	27	28	30	29	39	33	21
LOC100576963	47	19	52	60	39	24	46	32	41	41	44
LOC102655481	35	75	73	100	77	71	81	88	117	64	47
LOC100577004	26	40	41	44	33	24	32	37	74	19	26
LOC113219059	0	0	0	0	0	0	0	0	0	0	0
LOC102655756	35	27	31	25	44	35	36	55	25	13	14
LOC100577138	965	1134	1108	1869	1708	1306	1776	1953	2119	1621	1902
LOC102655924	3	7	9	3	6	9	3	4	1	6	5
LOC100577211	21	22	19	30	11	7	9	21	16	21	16
LOC102655866	8	5	12	2	6	0	11	1	3	3	7
LOC410191	47	69	61	147	76	79	79	107	111	84	127
LOC113219049	74	87	85	176	151	92	123	118	191	110	154
LOC100577573	9	14	6	16	13	12	22	29	23	7	22
LOC726201	316	419	395	500	535	470	647	582	619	498	448
LOC102656315	2	2	4	12	5	3	7	9	3	7	11
LOC107965034	0	1	2	0	0	1	0	0	5	0	0
LOC726268	41527	40902	38233	54466	58207	48734	59361	57470	56994	54167	50680
LOC107965032	41	65	40	90	68	53	66	69	60	52	93
LOC100577748	164	150	117	217	156	199	234	157	167	179	135
LOC102656594	2676	3586	3525	5161	4226	3927	4280	4526	5002	3996	3530
LOC102656724	40	67	57	97	40	32	61	56	80	41	48
LOC100577788	226	214	216	282	210	158	260	240	196	238	180
LOC726321	6788	6422	7684	10472	10943	7410	8669	8088	9466	8018	7538
LOC413925	991	971	982	1230	1057	800	995	1082	981	1024	942
LOC726273	141	348	324	671	444	341	463	452	668	445	450
LOC410122	6552	8923	9540	15498	13088	10452	10408	12641	14628	11828	11119
LOC413924	4	0	10	4	0	1	7	1	3	2	3
LOC102654070	0	0	0	0	0	0	1	3	2	1	2
LOC552069	14	8	9	14	18	21	11	13	15	25	18
LOC100577856	350	353	343	612	423	401	410	484	493	464	406
LOC551793	2494	4461	4582	7881	5228	4861	5575	5888	7581	5797	5959
LOC102654124	20	12	18	16	11	22	12	15	13	19	24
LOC102654388	67	25	60	54	59	49	79	35	36	37	45
LOC113219052	1	1	1	8	4	1	7	4	1	3	7
LOC726414	955	1010	990	1874	1568	1366	1748	1681	1783	1615	1693
LOC100577981	23	12	16	10	14	10	22	18	25	26	10
LOC100577980	236	126	135	132	138	100	212	74	130	104	100
LOC102654428	2	5	2	2	0	1	5	2	6	1	1
LOC726470	13	12	30	14	15	6	11	20	2	2	8
LOC409650	122	93	96	112	109	98	147	74	92	94	99
LOC409649	893	1014	1052	1561	1428	1229	1517	1587	1521	1370	1368
LOC102654892	3	2	5	14	7	6	4	8	11	10	2
LOC551587	616	532	559	877	1217	821	897	1101	1216	856	841
LOC102654762	207	163	141	100	170	117	188	146	104	119	128
LOC102654990	45	26	18	24	20	27	44	24	33	18	15
LOC100578316	8	3	6	5	12	1	4	8	5	10	1
LOC107965070	0	7	4	4	2	3	0	0	3	3	1
LOC726546	163	188	196	287	259	129	173	243	197	238	166
LOC412870	135	146	153	242	196	136	194	186	270	190	178
LOC113219062	291	273	276	366	341	334	424	423	371	352	309
LOC409648	548	739	587	858	804	465	737	757	631	736	787
LOC102655071	22	48	34	51	47	27	28	37	30	32	34
LOC102655339	80	76	74	117	155	93	150	118	123	136	107
LOC551496	22572	20659	17960	24923	33581	21566	26845	33731	29289	32213	27210
LOC100578448	72	91	84	93	75	62	61	89	80	83	102
LOC102655420	151	150	146	219	164	128	160	171	226	140	144
LOC726611	25	32	38	42	61	47	56	55	45	29	47
LOC102655465	70	41	47	58	78	39	76	46	58	44	41
LOC408280	5334	7215	6906	9151	15912	8084	11805	11930	10927	11398	10479
LOC102655526	249	259	188	370	440	296	386	419	355	371	280
LOC410190	107	157	149	231	177	171	263	228	231	194	205
LOC100578744	53	64	36	58	73	50	80	61	45	52	48
LOC551360	495	1136	1025	2293	1477	1317	1798	1748	1837	1418	1484
LOC102654893	130	66	68	40	79	64	96	55	51	68	81
LOC408278	92	109	113	220	180	133	187	156	181	131	151
LOC113219050	30	24	19	19	31	24	34	36	42	22	22
LOC100577165	96	171	124	175	187	135	221	183	150	210	152
LOC408277	46	88	93	156	98	103	141	113	128	76	104
LOC102654741	2	1	0	2	6	6	7	0	4	7	3
LOC102654569	68	153	129	223	150	133	204	190	148	101	181
LOC410189	75	130	123	159	172	141	138	144	236	234	175
LOC413441	239	420	447	761	617	447	546	665	752	634	603
LOC408276	2568	1692	2138	3115	3350	1957	2727	2672	2928	2466	2759
LOC410188	8736	8951	8703	11446	11476	8476	10006	10696	9314	10835	8221
LOC410187	184	203	221	384	298	222	259	194	233	258	249
LOC100577127	31	58	98	110	103	83	113	108	97	84	88
LOC408275	1057	1368	1170	2127	2041	1569	2279	1891	2103	1970	1739
LOC100576452	117	76	73	138	84	73	109	118	96	111	98
LOC724334	92	51	63	32	15	38	56	33	36	51	26
LOC102653912	128	136	123	211	163	154	165	157	138	155	140
LOC100576423	125	248	212	368	285	266	270	284	361	264	258
LOC725877	132	151	174	237	188	136	161	206	228	198	165
LOC724408	307	349	315	555	416	370	401	396	487	391	448
LOC724453	406	402	377	589	441	345	500	464	565	478	469
LOC724494	596	664	621	930	812	631	657	796	816	725	604
LOC410184	283	406	437	658	534	444	535	542	539	505	538
LOC100576130	6	16	21	12	20	11	13	17	14	8	23
LOC102656431	0	0	0	2	0	2	0	6	0	0	0
LOC102656404	6	7	11	3	7	7	4	2	6	0	15
LOC113219044	7	10	13	10	8	7	19	5	2	6	6
LOC100576103	2	11	0	13	8	3	3	0	1	10	8
LOC551981	369	566	496	621	512	397	502	482	468	534	412
LOC727455	1076	917	1180	1738	1453	1148	1416	1139	1595	1125	1330
LOC410183	2118	2242	2163	2911	2604	2140	2618	2297	3010	2483	2397
LOC100578965	88	108	104	131	117	111	110	148	148	112	119
Y-y	439	349	342	515	613	438	582	557	624	513	462
LOC102656022	31	9	11	15	14	11	5	10	13	23	13
LOC100577017	110	114	154	102	103	89	109	98	159	109	74
LOC724458	129	140	160	153	142	118	150	220	206	154	104
LOC100578866	29	89	69	100	43	50	72	89	62	48	50
LOC100578780	106	85	81	115	82	64	102	82	90	67	83
LOC724543	18	11	12	11	10	2	4	6	3	17	11
LOC408272	177	144	144	190	165	92	235	133	131	164	135
LOC410179	334	415	464	644	652	558	761	574	601	605	460
LOC100578719	14	14	20	43	20	16	26	38	24	26	13
LOC410178	86	206	277	433	256	290	330	290	403	241	294
LOC408271	96	229	305	415	302	260	301	278	448	252	291
LOC107965036	1182	2260	2122	3669	3685	3255	3573	3630	4249	3222	3148
CytC	3277	3160	3294	4432	5156	4179	4394	5284	5239	5361	4175
LOC408269	0	2	1	2	0	0	0	0	10	0	0
LOC551820	28	22	29	71	33	16	34	39	40	41	41
LOC107963965	55	53	40	53	61	46	24	46	37	49	35
LOC724909	791	1119	910	1537	1542	1176	1503	1384	1467	1425	1207
LOC100578404	525	593	579	924	808	698	751	820	935	765	749
LOC409460	261	526	479	756	534	537	583	659	702	631	566
LOC725049	479	508	461	586	594	452	475	539	547	523	501
LOC551682	86	139	167	261	234	163	197	185	327	233	252
LOC100577285	325	280	311	421	311	277	299	381	378	386	337
LOC413758	157	220	278	331	277	206	249	266	327	304	276
LOC551724	66	128	102	209	174	154	177	184	195	171	168
LOC107965825	29	62	62	155	64	50	55	90	113	84	53
LOC102655470	14	13	15	24	10	8	26	11	26	18	6
LOC551784	277	395	327	617	386	344	394	429	525	405	456
LOC412355	24	70	69	152	82	78	61	94	107	75	117
LOC411707	163	225	186	313	250	200	213	258	211	233	230
LOC409170	67	207	147	293	226	178	196	247	301	201	212
LOC727048	321	291	326	439	362	283	321	381	415	404	316
LOC551435	2929	3175	3367	5439	3736	3280	3487	4204	5062	4441	3862
LOC412174	124	124	128	173	127	139	163	142	155	161	136
LOC100578386	174	164	247	290	271	234	243	253	345	284	229
LOC726237	495	499	512	702	570	514	529	625	671	650	516
LOC551586	394	413	368	508	467	318	358	486	409	422	384
LOC100578466	44	57	75	90	55	24	75	82	71	42	69
LOC551495	201	196	251	314	264	220	230	296	285	280	223
LOC413547	1348	1646	1469	2239	1998	1641	2315	1997	2204	2038	1765
LOC725286	460	580	500	688	581	533	602	720	667	663	536
LOC551421	505	617	596	871	771	578	678	803	779	732	685
LOC100577870	72	130	129	209	133	121	160	177	228	147	179
LOC410175	38	44	70	77	39	52	53	45	42	42	42
LOC102654570	861	616	661	858	800	637	750	867	783	867	729
LOC727078	61	63	78	134	89	69	81	124	89	102	69
LOC113219045	54	84	70	128	79	51	85	141	130	106	128
LOC725461	102	125	98	141	113	84	119	122	117	127	110
Dnmt1a	214	239	221	325	289	233	303	257	277	322	280
LOC725539	97	136	124	239	180	122	148	136	182	189	165
LOC409486	12106	13118	11045	14510	14484	12476	17073	15658	14685	15932	12585
LOC551243	81	119	70	177	124	93	115	106	152	132	104
LOC410177	1100	936	833	1169	1003	900	1029	1017	1105	1055	925
LOC102655141	65	154	161	332	258	208	180	215	309	237	205
LOC408267	695	1012	1021	1772	1284	1084	1565	1260	1672	1207	1295
LOC409921	565	981	875	1613	1159	949	1336	1276	1404	996	1012
LOC113218521	1007	1643	1541	2492	2193	1812	2333	2190	2498	2143	2076
LOC107965076	222	147	248	175	197	118	251	181	136	128	194
LOC414025	21	17	27	55	51	31	27	34	37	40	20
LOC406144	18	36	48	52	171	65	64	177	55	90	219
TRNAD-GUC_7	0	0	1	0	0	0	0	3	0	1	0
LOC102655555	12	12	18	2	1	1	9	12	3	1	0
LOC113219342	45	84	81	130	98	73	70	96	128	74	88
LOC413736	1925	3165	2799	4650	5392	4218	4842	4832	5857	6104	5533
LOC724790	615	558	473	623	582	477	481	599	599	668	451
LOC551470	165	195	182	275	219	175	176	179	208	199	199
LOC551447	90	151	179	317	179	197	169	197	280	202	218
LOC411380	2974	2633	2374	3265	3128	2203	2449	3115	2411	3111	2301
LOC113219343	0	0	0	0	0	0	0	0	0	0	0
Mir219	0	0	0	0	0	0	0	0	0	0	0
LOC100577504	3931	5966	4638	7738	6340	5458	7622	6873	6245	6553	5979
LOC100577537	3	6	10	8	13	12	14	9	15	7	18
LOC410288	229	360	267	442	510	380	399	471	424	446	464
LOC726780	192	251	242	424	325	259	307	348	437	356	336
LOC408336	456	603	567	853	685	494	719	718	805	615	576
LOC410289	876	934	1001	1446	1418	1103	1138	1372	1544	1279	1116
LOC410293	129	136	158	222	218	175	209	194	281	169	262
LOC100576370	7	7	12	5	8	7	20	13	4	2	1
LOC410291	46	45	64	81	54	52	47	47	60	48	55
LOC410290	164	202	164	325	253	223	207	222	285	253	249
LOC100577651	223	229	227	378	288	214	262	308	332	273	285
LOC100577693	769	916	876	1353	1056	864	1076	1124	1303	1210	1034
LOC726895	23	47	52	73	33	25	26	27	43	35	30
LOC100576552	20	12	29	34	18	16	17	40	23	19	20
LOC412236	162	257	271	433	288	283	341	377	446	343	342
LOC726923	151	137	163	197	176	169	154	146	175	131	133
LOC409363	1209	1164	1171	1957	1572	1292	1355	1644	1833	1629	1319
LOC409474	566	1131	1129	1781	1339	1111	1439	1424	1872	1493	1277
LOC726955	68	125	102	178	142	99	109	160	152	153	173
LOC413309	132	60	107	129	119	77	91	68	85	71	89
LOC113219068	0	4	1	0	0	1	0	3	0	4	0
LOC409863	339	440	435	709	547	478	456	514	571	422	475
LOC551838	299	504	503	714	574	511	610	597	819	587	606
LOC413310	862	2363	2114	4217	2859	2635	3443	3638	4457	3142	3188
LOC102654017	1	10	4	12	7	3	6	7	6	9	5
LOC413311	256	236	268	383	339	215	295	310	338	363	302
LOC102654282	604	745	763	1137	807	776	805	880	1047	882	886
LOC411939	33	119	78	163	116	102	103	132	204	101	140
LOC102654369	428	639	498	966	567	502	637	580	716	534	536
LOC409280	353	435	495	605	559	486	524	503	623	541	594
LOC100577250	100	130	90	126	159	96	116	119	154	124	117
LOC550701	821	893	902	1467	1243	942	1053	1230	1372	1186	1085
Ppib	931	1105	1232	1674	1620	1139	1325	1303	1648	1384	1274
LOC724361	248	372	398	560	454	396	415	446	597	416	416
LOC551229	625	652	562	968	801	701	753	837	913	783	783
LOC727282	337	292	278	436	410	339	380	350	333	373	380
LOC107965266	210	234	192	244	235	193	196	199	220	213	201
LOC551532	183	185	219	359	261	211	233	341	273	243	252
LOC100577060	312	372	391	641	495	368	356	428	480	390	411
LOC550656	891	1269	1098	1659	1580	1328	1645	1636	1837	1523	1494
LOC724768	33	31	32	47	52	39	44	51	24	46	33
LOC724799	91	234	260	426	286	196	291	333	384	254	263
LOC113219076	287	244	257	379	339	232	295	288	341	289	290
LOC409569	378	471	451	684	671	459	555	622	592	537	545
LOC100577378	362	325	327	430	390	303	348	385	347	392	296
LOC413934	1128	1136	1333	1950	1981	1481	1826	1863	1963	1664	1737
LOC100577406	97	64	57	111	101	66	98	133	135	121	98
TRNAS-GCU_2	0	0	0	0	0	0	0	0	0	0	0
LOC724952	702	944	926	1483	1145	1262	1396	1237	1544	1164	1106
LOC410375	1105	1436	1333	2481	2125	1716	2218	2207	2293	1775	1856
LOC408382	181	259	312	408	392	305	313	319	304	325	248
LOC410376	337	311	304	506	397	289	258	392	363	365	326
LOC413054	176	316	353	565	391	393	512	512	491	428	402
LOC413053	600	966	926	1568	1232	1031	1158	1318	1348	1295	1190
TRNAF-GAA_5	0	0	0	2	1	0	1	0	0	1	0
LOC725243	53	38	50	63	64	47	52	49	62	41	42
LOC107965230	0	0	1	2	1	0	1	0	0	0	2
LOC100576299	18	26	36	22	21	45	28	17	20	24	18
LOC113219139	163	164	140	213	204	189	223	217	214	161	211
LOC725194	675	898	807	1322	1147	938	1084	1110	1202	1090	1084
LOC100576189	329	247	297	355	360	274	345	421	364	356	355
LOC113219141	0	1	4	12	8	5	4	7	10	15	6
LOC100576157	322	252	269	397	337	263	392	314	390	351	358
LOC107965241	23	32	21	54	23	25	30	25	34	38	43
LOC551795	82	147	106	230	175	140	163	150	264	170	154
LOC411889	302	409	351	683	474	416	479	494	601	458	456
LOC411888	93	207	187	302	187	174	229	261	280	222	216
LOC102653945	131	218	194	302	222	148	230	226	273	220	192
LOC107965198	7	10	20	9	12	7	16	34	16	19	25
LOC113219120	4	12	5	14	6	5	2	10	10	8	4
LOC727447	92	161	186	259	248	180	224	292	312	213	257
LOC413545	838	1469	1376	2343	1779	1463	1884	1902	1894	1633	1661
LOC102656796	185	248	264	312	266	246	275	255	473	287	344
LOC552468	131	285	298	507	346	304	309	348	653	422	415
LOC100578739	127	155	178	243	175	194	305	248	221	193	371
LOC102656011	225	389	260	520	382	281	434	342	401	362	358
LOC102656228	16	25	28	19	19	18	24	24	18	22	13
LOC102656305	18	38	45	53	36	25	34	33	55	50	40
LOC100578669	19	15	31	27	43	15	33	28	24	40	17
LOC725580	159	203	201	233	201	169	195	325	206	254	208
LOC725565	437	536	515	680	641	497	543	581	616	543	501
LOC725614	1456	2108	1952	3248	3399	2698	3906	4023	3695	3616	3475
LOC100578524	451	538	520	717	657	607	677	728	773	610	876
LOC102655835	3	1	7	9	8	6	10	12	15	12	10
LOC100578089	129	185	176	265	146	116	143	162	198	191	167
LOC725687	294	316	353	488	364	352	342	334	426	366	363
LOC725727	69	105	132	180	126	138	116	113	208	113	110
LOC725750	18	18	24	32	17	11	17	21	22	15	24
LOC113219073	30	51	43	47	50	50	62	75	44	54	56
LOC102655106	6	2	3	3	5	6	10	8	2	3	9
LOC100578162	115	90	102	87	102	77	102	103	113	105	126
LOC100578375	17	38	25	47	29	36	34	46	51	52	36
LOC727189	39	46	90	100	81	74	46	75	106	78	81
LOC409061	468	651	577	925	769	622	960	1174	982	903	787
LOC113219085	0	4	0	3	0	5	0	2	6	3	0
LOC102655038	76	85	74	104	106	65	105	112	108	88	95
LOC100577809	222	278	357	372	330	262	332	365	395	344	323
LOC113219086	239	225	224	315	290	191	286	275	347	316	244
TRNAP-AGG_1	0	0	0	0	0	1	0	0	0	0	0
LOC725390	595	557	570	920	643	558	748	763	709	706	739
LOC408337	3023	5014	4345	7501	6308	5177	8170	7105	6738	6143	5799
LOC107965168	18	25	22	30	26	22	26	33	42	29	21
Mir3767	1	0	0	0	3	0	2	1	2	0	2
LOC107965169	20	17	9	14	15	7	16	19	22	12	6
LOC102656071	31	24	25	60	42	32	51	60	46	39	47
LOC410294	109	119	153	220	171	134	214	175	237	147	203
LOC408339	39	38	63	50	71	47	50	70	32	35	55
LOC102654329	1	0	4	0	1	1	5	0	0	0	2
LOC102654272	4	3	2	4	5	4	11	1	7	1	5
LOC107965171	1	5	5	6	13	8	13	19	4	1	5
LOC107965173	1	3	0	0	6	0	6	1	1	5	5
LOC102654166	3108	3264	2786	3905	4281	3635	4626	4544	4343	4992	4290
LOC102654239	7	19	18	35	12	16	4	3	12	22	15
LOC410295	84	88	102	202	150	134	122	152	163	129	136
Mir9865	134	116	100	155	136	119	95	128	104	174	94
LOC410296	102	114	129	208	208	140	141	147	159	119	132
LOC410297	8	17	8	32	26	21	24	31	23	25	13
LOC410298	244	300	321	445	300	294	349	376	375	380	334
LOC725923	488	639	643	1038	850	655	820	835	947	762	934
LOC107965237	277	300	361	472	726	602	552	622	596	517	522
LOC100576289	242	242	275	344	312	254	248	295	315	256	286
LOC410299	591	969	941	1327	886	894	1210	833	1262	1004	887
LOC113219132	353	480	398	595	723	570	858	831	690	771	604
LOC100578577	77	121	91	168	115	104	106	145	169	116	158
LOC102656461	17	15	26	11	7	9	15	9	21	14	15
LOC412840	366	333	338	478	426	282	465	378	430	367	324
LOC113219116	24	31	48	67	38	28	47	76	28	34	63
LOC102656717	75	261	123	290	149	107	263	194	242	203	206
LOC102656690	57	66	51	94	62	52	94	119	75	42	84
LOC107965289	46	54	42	55	21	40	57	78	47	54	30
LOC107965291	31	20	29	34	20	23	25	24	28	25	21
LOC412839	251	206	184	97	152	159	251	181	155	140	126
LOC102656919	3	3	11	0	0	1	7	0	3	1	3
LOC102653574	25	26	17	13	31	18	32	18	8	14	27
LOC100576080	5	14	14	16	17	14	18	14	1	6	12
LOC102653698	2	4	8	1	0	2	2	6	0	3	0
LOC102653728	0	5	3	3	3	0	2	0	2	2	2
LOC102654106	2	3	1	1	13	1	6	1	2	0	4
LOC413379	5	4	5	4	0	7	2	0	2	3	0
LOC413380	1	0	2	1	1	0	1	1	0	1	0
LOC726274	4	2	8	6	12	10	10	8	7	10	3
Y-e3	33	27	28	38	103	26	76	52	62	56	49
Mrjp3	809	2044	9804	2584	6	17	1	3	2	2	68
Mrjp1	3408	9477	38322	8610	29	52	33	47	83	221	700
Mrjp4	111	330	1750	376	0	2	1	1	1	1	14
Mrjp6	47	128	264	54	11	11	19	59	180	47	31
Mrjp5	154	654	1177	370	21	8	13	15	73	41	108
LOC113219122	2	1	4	2	0	0	1	7	3	6	7
LOC102654393	0	0	0	5	0	3	8	0	0	5	2
Mrjp2	691	1920	8912	1955	13	28	12	16	7	28	148
Mrjp7	407	744	2101	743	333	271	325	404	344	333	339
Mrjp8	1082	869	674	1069	1334	948	963	1166	1116	1115	1017
LOC102654709	8	9	9	4	8	4	11	14	6	8	5
Mrjp9	4029	4510	4239	5923	5693	4921	4878	6379	6398	5832	6509
Y-h	55	71	49	62	90	64	92	89	68	75	81
LOC113219093	4	3	8	15	8	7	11	2	6	1	6
LOC113219078	25	22	25	47	25	21	47	27	32	22	41
LOC724286	564	1075	890	1644	993	799	1301	1138	1313	1170	982
LOC724335	6	9	16	6	15	6	5	11	9	4	3
LOC107965265	40	26	30	19	62	24	32	29	21	19	28
LOC413567	2186	1809	1625	2363	1934	1616	1741	1988	1997	2209	1623
LOC412108	1386	1566	1427	2386	1987	1644	2137	1899	2069	1671	1718
LOC113219100	95	99	109	242	212	152	173	156	177	141	167
LOC409348	120	216	187	372	274	229	239	356	329	256	339
LOC113219101	0	0	0	0	0	2	0	0	0	0	0
LOC102655184	10	10	14	6	20	8	10	6	13	18	11
LOC411943	465	556	617	886	674	600	695	694	819	710	647
LOC551144	5381	4588	4833	6907	6694	4554	6505	5949	6131	6222	5438
LOC102655574	51	20	32	43	39	34	49	48	30	29	25
LOC102655536	2	5	1	3	9	1	10	19	5	4	1
LOC102655485	0	3	0	8	1	0	0	3	0	4	7
LOC412375	301	306	328	409	383	316	351	327	406	366	332
LOC724769	236	161	158	178	141	141	133	166	120	169	148
LOC413680	465	1140	940	1881	1560	1343	1267	1431	2287	1487	1447
LOC551309	43	104	106	280	145	169	123	211	205	148	163
LOC724876	71	78	72	88	119	82	96	111	140	101	93
LOC102656136	530	395	410	558	496	399	409	535	416	534	402
TRNAQ-CUG_5	1	0	0	0	0	0	0	0	0	0	0
LOC100578697	266	338	317	397	354	275	319	314	405	319	324
LOC409124	149	211	238	341	277	216	414	302	286	343	255
LOC551609	360	385	403	730	538	442	584	482	549	472	477
LOC413543	117	172	165	312	169	107	126	156	182	198	172
LOC113219096	3	1	1	2	0	2	5	4	0	0	0
LOC550973	1342	1353	1116	1766	1803	1304	1507	1629	1403	1661	1402
LOC409956	5776	4131	5194	7461	7175	4579	6352	5708	6523	5537	5869
LOC102656737	4	2	2	2	4	5	11	1	1	8	4
LOC107965189	3	11	7	13	5	6	6	4	3	3	9
LOC100577771	1074	1457	1347	1896	1683	1548	2014	1880	1988	1859	1691
LOC409534	134	361	355	736	469	400	443	509	594	461	503
LOC100302106	9292	7062	7561	9542	9600	7264	7247	8651	8889	9204	7246
LOC551486	712	1078	1081	1619	1445	1175	1383	1448	1547	1347	1266
LOC727495	213	332	288	459	460	368	367	382	568	420	392
LOC725274	2918	2733	2513	3665	3034	2507	2855	2933	2964	2912	2720
LOC409323	860	1322	1256	2084	1825	1385	1628	1731	1917	1636	1465
LOC725424	49	69	57	62	68	39	66	82	65	62	85
LOC411602	145	204	242	326	322	244	252	264	204	373	243
LOC725452	4255	5444	5079	8004	6956	6338	7015	6668	8101	6799	5956
LOC410301	107	178	161	318	268	223	307	292	323	247	246
LOC408342	293	433	432	710	496	431	684	542	643	454	546
LOC107965203	22	37	26	32	24	12	45	26	34	21	30
LOC100578101	1323	1195	1023	1526	1282	1002	1350	1323	1289	1313	1174
LOC725581	541	1265	1165	1999	1611	1353	1740	1589	2237	1511	1385
LOC113219137	86	100	62	80	89	81	87	99	73	53	91
LOC102654135	35	25	17	27	26	19	15	13	17	24	26
LOC100578128	60	91	79	157	129	98	105	92	132	82	105
c-mos	85	69	98	140	112	72	64	104	100	95	105
LOC725641	172	179	224	263	258	174	219	286	251	256	167
LOC100578246	205	263	264	400	274	307	353	309	425	319	238
LOC725688	180	275	295	553	446	380	415	381	539	579	435
LOC409861	4304	3844	3664	5211	4793	3549	4247	5125	4093	4580	3848
LOC551425	688	1434	1244	2171	1979	1718	1950	2161	2769	1922	2042
LOC107965276	46	54	55	104	57	57	76	103	75	58	53
Mir14	12	11	9	14	6	13	19	3	5	8	13
LOC551391	4460	4819	4545	6441	5616	4812	6676	5504	6144	5695	4990
LOC408343	1543	851	877	937	1079	805	1411	740	992	983	920
LOC107965179	28	48	34	42	43	25	71	39	39	26	46
LOC113219106	18	11	30	14	31	25	35	34	16	25	15
LOC102653990	10	4	5	6	5	4	11	0	4	11	3
LOC102654395	8	26	23	36	29	21	39	34	29	34	42
LOC113219079	2	3	1	2	4	2	1	0	0	0	2
LOC102654609	3	0	0	2	0	0	1	0	0	0	0
Mir3733	0	0	0	0	0	0	0	0	0	0	0
LOC725924	29	24	17	6	16	6	10	14	6	10	12
LOC552774	1920	1746	1581	2169	2021	1466	1707	2117	1831	2116	1543
LOC727303	28	39	41	72	48	37	39	71	49	58	39
LOC552779	738	590	584	781	717	589	704	749	634	817	564
LOC413772	162	223	235	395	231	224	232	284	370	251	247
LOC726443	63	71	80	110	93	70	61	116	118	89	81
LOC412663	36	54	87	77	57	55	81	42	93	80	60
LOC411585	34	61	49	124	73	86	67	72	111	63	87
LOC725069	368	521	435	635	474	465	481	476	594	588	439
LOC552002	81	120	146	242	163	163	153	234	340	200	216
LOC411811	123	145	189	293	213	203	232	194	243	190	179
LOC727122	567	639	588	718	738	592	697	730	697	741	606
LOC727290	43	28	19	42	44	28	46	66	47	43	31
LOC412423	303	511	497	867	678	542	679	670	807	684	667
LOC725316	180	164	180	260	202	203	187	221	214	212	174
LOC113219102	50	110	108	198	115	97	105	160	192	101	135
LOC100578943	94	159	100	196	171	101	92	182	148	176	138
LOC409438	230	408	399	703	548	451	456	547	649	492	582
LOC727299	607	712	604	1028	790	734	855	862	779	809	730
LOC107965795	0	2	1	4	6	0	3	1	2	0	2
LOC113219105	0	0	0	0	0	0	0	0	0	0	0
LOC727510	120	133	141	246	216	158	204	154	293	176	162
LOC726993	36	56	66	154	114	101	99	117	166	89	159
LOC725680	61	120	93	198	137	126	134	186	273	145	197
LOC100577161	5	0	0	0	0	0	0	0	0	1	1
LOC102654883	7	6	2	5	8	4	6	4	11	5	3
LOC113219114	91	116	77	98	90	100	90	95	111	101	107
LOC113219087	70	34	37	44	36	50	40	98	25	49	58
LOC100578194	13	26	47	46	27	24	29	33	37	29	39
LOC552407	74	72	65	144	94	75	61	87	141	73	77
LOC411535	292	727	753	1220	831	713	793	868	1181	906	828
LOC102656914	931	976	889	1258	1139	940	928	1104	1155	1202	917
LOC552348	112	228	275	444	381	286	273	396	541	316	357
LOC413728	149	217	239	465	330	269	334	313	394	285	376
LOC726770	73	114	105	194	138	133	118	134	167	101	145
LOC100578332	14	8	17	19	20	20	6	15	17	22	20
LOC724287	18	31	21	56	49	33	26	26	36	19	28
LOC113219127	2	2	5	5	8	1	3	8	1	5	5
LOC550987	585	376	469	695	557	483	501	573	602	532	480
LOC107965233	31	79	97	107	81	59	66	96	139	68	57
LOC551883	1526	1138	1254	1685	1413	1117	1631	1264	1438	1298	1266
LOC102653967	1	0	4	0	0	0	0	1	1	0	0
LOC409622	1787	1981	1978	2955	2595	2146	2300	2430	2734	2519	2236
LOC107965288	991	789	651	905	903	680	682	970	741	1139	737
LOC102655440	646	577	592	733	717	492	650	683	700	771	614
LOC113219115	404	400	466	640	455	388	462	483	546	531	502
LOC102655983	39	37	57	50	37	40	54	49	41	58	32
LOC107965752	13	16	13	11	20	12	11	26	12	19	5
LOC409784	1096	1485	1439	2086	2137	1745	1945	2361	2507	2099	2045
LOC409841	807	909	1013	1425	1155	894	962	1171	1161	1055	988
LOC100577578	3196	2842	3128	4041	3991	2849	3879	3441	3799	3502	3360
LOC102655203	203	227	212	316	267	235	213	238	270	227	196
LOC100578061	4	1	1	3	2	3	1	0	0	1	1
LOC100578030	1259	1647	1929	2766	2749	1915	2062	2781	2365	2611	2734
LOC100577766	60	84	76	171	92	93	101	129	149	88	151
LOC727192	210	260	265	370	265	224	279	272	304	261	248
CPR1	3	2	3	7	1	1	6	8	6	2	1
CPR2	5	5	6	8	11	9	14	10	9	7	8
CPR3	276	442	435	744	719	615	597	760	786	633	684
CPR4	582	540	524	757	829	676	624	705	745	617	649
LOC107965751	45	88	99	139	113	81	74	117	106	67	105
LOC410134	126	201	197	357	220	208	250	279	393	262	254
LOC724715	192	229	141	283	213	167	186	175	205	233	172
LOC724670	1896	1685	1716	2250	1944	1466	1930	1913	2197	2031	1776
LOC102654871	33	35	30	74	34	12	27	32	68	31	29
LOC552814	684	1104	1064	1727	1488	1135	1340	1358	1832	1274	1244
LOC102654700	165	251	249	348	272	270	257	326	396	333	333
Rga	919	1101	1032	1607	1378	1100	1343	1431	1553	1319	1287
LOC552823	307	423	363	699	452	450	430	520	669	536	421
LOC551635	538	721	853	1353	1107	917	852	969	1357	1109	913
LOC551668	154	277	225	504	372	313	359	405	590	433	370
LOC724942	126	206	193	466	340	313	289	322	451	343	354
LOC550884	74	128	103	154	135	100	106	166	144	146	119
LOC550926	229	275	278	495	363	329	380	373	525	430	389
LOC409494	562	592	592	869	618	528	651	686	812	673	658
LOC727170	18	20	19	30	41	17	17	30	26	6	21
LOC412536	197	257	313	465	320	292	309	342	444	356	387
LOC552680	172	304	236	358	289	253	244	247	343	284	245
LOC100577649	125	138	169	361	174	154	171	198	252	181	209
LOC412346	175	316	262	386	371	331	332	411	522	362	374
LOC412222	49	96	98	173	137	103	129	158	191	154	132
LOC551140	325	521	513	866	615	566	586	717	838	623	683
LOC552154	169	361	476	715	324	273	402	437	509	429	338
LOC727205	350	418	426	516	414	430	415	525	525	535	481
LOC100579022	0	1	1	8	1	5	2	1	1	1	0
LOC100578112	318	572	670	1174	892	821	685	906	1390	727	899
LOC551483	79	150	136	265	193	181	189	197	267	200	229
LOC412278	378	803	875	1286	950	782	1112	1015	1227	999	1031
LOC550881	128	164	130	279	218	201	266	241	264	235	322
LOC100578723	166	176	161	263	211	203	198	183	195	167	168
LOC107965805	42	24	39	32	32	16	32	31	24	44	33
LOC413657	376	542	541	837	776	605	619	758	832	701	629
LOC724622	64	106	115	199	129	132	132	147	186	126	143
LOC409178	589	745	756	1212	972	821	925	1037	1254	986	923
LOC724527	192	272	279	424	339	267	319	292	363	305	276
LOC411718	235	313	294	461	412	307	355	411	411	352	360
LOC551148	260	281	245	438	457	374	274	440	353	390	303
LOC411719	237	362	370	673	449	416	482	456	646	457	469
LOC724446	109	148	108	218	193	130	171	170	219	181	171
LOC552480	21	43	57	106	70	64	69	81	78	49	76
LOC102655030	114	193	228	406	255	241	241	249	406	253	257
LOC107965271	25	23	25	26	24	28	22	19	20	37	12
LOC413827	40	93	85	186	122	139	137	108	193	139	125
LOC552085	270	264	268	461	383	314	358	393	454	467	355
LOC552056	612	882	918	1435	1146	930	1044	1198	1311	1052	1039
LOC412606	159	215	197	339	240	204	220	211	352	248	209
LOC551379	567	615	605	785	676	509	566	640	706	674	587
LOC102655272	404	335	371	460	452	327	332	389	379	433	313
LOC409470	737	997	1059	1869	1572	1191	1346	1455	1945	1390	1556
LOC727502	13	37	45	88	39	51	55	54	101	67	40
LOC727236	456	662	572	1061	829	713	893	935	1055	863	913
LOC409136	291	455	410	656	594	510	512	576	761	571	578
LOC409332	680	942	1017	1587	1263	986	1031	1233	1708	1255	1285
LOC411796	209	297	303	512	346	285	323	396	375	387	376
LOC411795	376	372	402	646	507	412	426	515	564	507	458
LOC551162	61	104	101	173	130	109	98	99	163	116	115
LOC551114	616	764	784	1252	858	768	1020	1040	1021	846	851
LOC410304	400	377	462	562	413	381	573	405	517	341	380
LOC100577455	454	444	418	599	682	482	788	653	673	736	589
LOC412247	238	250	266	429	378	287	323	403	336	319	342
LOC412972	231	287	267	405	346	258	251	303	344	242	298
LOC725084	351	424	423	763	590	544	437	494	695	469	498
LOC725050	31	23	35	31	38	29	18	39	25	28	21
LOC412842	949	1087	1055	1574	1315	1139	1338	1447	1537	1267	1460
LOC724953	127	80	111	93	120	112	90	126	108	134	128
LOC102653901	0	0	0	1	0	0	0	0	0	0	0
LOC552308	94	59	58	66	58	41	47	69	51	68	48
LOC410118	68	135	122	216	219	163	162	145	271	210	184
LOC102654083	139	299	212	555	375	282	362	412	480	325	456
LOC552367	51	32	50	60	44	42	75	34	41	46	30
LOC412422	351	297	416	613	543	310	503	387	527	430	378
LOC552313	108	109	92	183	146	125	157	150	131	148	138
LOC412215	32	19	29	23	34	33	28	23	31	10	25
LOC102654481	0	0	2	0	0	0	0	0	0	0	0
LOC727052	33	25	71	19	16	34	43	39	10	10	13
LOC107965285	0	1	3	1	0	0	1	1	3	1	0
LOC411614	4	21	31	18	16	13	36	27	41	15	18
LOC727037	834	1095	976	1687	1137	917	1321	1071	1324	1424	953
LOC551268	1975	2422	1923	2839	1783	1406	1167	1951	2077	1482	1944
LOC107965279	0	0	0	3	0	3	0	0	0	0	1
LOC727193	27	23	30	107	56	14	30	46	25	34	14
LOC107963968	396	407	424	786	663	547	549	601	764	640	614
LOC552482	194	276	307	407	305	280	261	403	454	346	305
LOC102653702	144	161	177	211	171	144	185	164	178	135	167
LOC551815	62	71	80	119	86	63	85	96	80	89	72
LOC107965225	470	481	480	643	634	428	527	638	596	631	433
LOC409512	32	80	111	52	33	23	35	104	34	41	67
LOC724896	295	359	319	472	458	349	402	444	427	459	344
LOC411483	560	794	671	1226	975	851	941	979	1176	1104	1028
LOC413906	23	54	44	56	64	44	50	52	90	32	54
LOC100576225	0	0	4	0	1	0	2	4	0	2	0
LOC107965219	3	9	10	9	10	5	10	4	8	6	5
LOC412893	78	73	96	96	80	70	115	103	93	81	85
LOC113219142	19	38	64	57	48	42	86	79	48	44	70
LOC409695	895	1008	906	1284	1024	804	775	943	1364	947	1026
LOC724336	420	444	486	589	578	448	670	560	548	571	483
LOC100576392	2051	1198	1401	1622	1718	1140	1725	1620	1432	1287	1775
LOC102656634	8	8	4	1	0	1	3	2	2	4	1
LOC550655	2383	1957	2243	2600	2813	2138	2539	2345	2396	2447	2239
LOC412865	225	158	183	165	172	152	245	192	176	157	190
LOC409647	508	723	652	907	833	630	768	809	878	758	653
LOC412866	10	24	29	90	42	41	27	33	74	34	32
LOC724580	156	149	150	253	172	146	211	173	224	207	225
LOC410305	432	615	573	876	751	583	717	780	801	741	677
LOC408345	597	948	942	1423	1294	1110	1180	1363	1523	1381	1189
LOC410306	714	810	838	1146	1016	878	943	1105	1156	1052	963
LOC107965212	615	548	474	638	559	453	536	531	532	476	568
LOC551736	100	79	81	164	101	85	130	109	95	59	123
LOC113219134	0	6	2	3	6	1	5	7	9	5	1
LOC107965211	14	24	23	13	12	5	32	14	14	24	10
LOC410307	507	657	655	1067	898	674	881	846	952	823	845
LOC724954	309	250	244	283	289	228	254	264	273	343	210
LOC408346	1425	875	925	1317	1232	930	982	1174	1061	1189	1091
LOC724997	37	21	61	28	40	24	30	36	47	37	35
LOC100578343	1214	1013	975	1302	1157	964	1176	1002	1126	1200	965
LOC408347	196	252	277	557	319	293	294	387	504	348	403
LOC410308	999	858	864	1275	1072	838	898	993	1144	1007	907
LOC411364	89	190	191	349	261	216	217	231	307	207	241
LOC724322	152	202	226	399	282	209	286	278	342	280	264
LOC724179	300	425	509	745	522	489	495	547	707	488	579
LOC412832	52	78	81	126	75	62	84	94	76	91	70
LOC413833	202	246	242	354	304	261	278	239	352	249	241
LOC552535	228	444	360	677	518	478	494	613	729	544	484
LOC413344	544	557	507	758	641	561	603	677	825	742	604
LOC413343	133	117	152	233	162	111	145	161	137	158	154
LOC724288	150	236	212	344	198	224	242	218	357	215	249
LOC552588	94	95	76	149	88	88	111	80	106	103	114
LOC413134	2512	1570	1824	2841	2345	1880	2639	2437	2776	2323	2397
LOC413133	39	104	114	213	134	106	133	123	196	108	93
LOC724501	312	386	396	685	574	428	578	654	638	548	521
LOC102655842	35	48	41	73	32	40	38	81	65	25	65
LOC413816	70	113	163	236	175	168	235	222	223	215	151
LOC551560	596	804	812	1499	760	826	808	1038	983	968	888
RpL32	4815	4009	3951	5188	4700	3488	4046	4829	4018	4901	3504
LOC409385	184	364	365	662	509	385	486	508	782	422	533
LOC411769	1369	1482	1738	2615	2328	1792	1994	2215	2664	2161	2127
LOC100578581	106	65	90	104	87	72	82	70	80	92	84
LOC724770	67	95	96	133	135	76	64	115	160	112	116
LOC550794	2378	2583	2242	3338	3355	2516	2929	3170	3207	3231	2631
LOC107963983	83	228	225	366	283	190	253	241	346	252	306
LOC107965218	63	59	49	65	50	58	78	60	68	87	56
LOC408348	94	78	104	141	145	110	195	145	143	180	170
LOC102656336	28	1	16	20	10	18	12	6	19	5	15
LOC113219107	9	15	11	23	23	20	23	20	17	18	37
TRNAV-CAC_2	0	0	0	0	2	0	2	0	0	0	2
LOC113219104	45	37	39	62	53	32	60	51	47	30	208
LOC100576913	131	49	63	35	59	55	73	39	57	61	43
E75	14266	11350	11462	18365	19762	13349	17191	17872	17158	16670	17166
LOC107965182	2	0	1	0	3	2	0	0	1	1	0
LOC724955	345	446	483	795	616	520	598	705	779	653	602
LOC551324	244	344	296	513	405	321	362	385	414	371	375
LOC412591	644	804	885	1447	959	790	1159	1021	1114	1039	966
LOC409171	10386	12491	11842	19140	15250	12362	15460	14414	15470	15164	12065
LOC100577014	1523	2544	2348	3840	3318	2568	3866	3317	3270	3195	2936
LOC727593	364	615	551	1112	1001	739	955	1080	846	1119	881
LOC107965199	15854	18738	16499	25587	24037	23605	27640	25799	28956	23210	21623
LOC409203	3731	4487	4704	7188	9357	8133	9201	10874	9428	9278	8114
LOC494508	881	671	790	1165	951	640	836	867	1034	756	783
LOC100577699	949	962	869	1271	1286	880	1075	1289	1137	1293	985
Mir6067	0	6	1	9	8	0	10	6	9	10	13
tra2	1220	1331	1165	1863	1594	1471	1557	1704	1774	1559	1458
LOC725287	117	160	158	268	185	188	155	189	285	160	206
LOC725183	168	150	212	310	281	225	258	230	329	301	228
LOC725323	44	60	72	100	61	57	90	79	94	63	60
LOC725351	88	82	80	87	60	54	64	98	83	84	68
LOC411566	81	199	215	390	239	254	306	334	406	319	316
LOC552309	378	813	799	1496	977	866	917	1105	1751	1176	1064
LOC100578002	133	78	86	112	111	93	132	96	125	96	96
LOC102655523	123	118	105	165	143	105	113	154	176	155	119
LOC113219083	0	0	0	0	0	0	0	0	0	0	0
LOC727405	71	111	87	131	97	82	100	150	110	91	103
LOC727407	338	522	528	853	611	542	620	703	712	636	642
LOC409531	55	150	192	353	261	191	187	214	329	225	278
LOC552612	1076	1667	1597	2281	1975	1737	2163	2125	2261	2275	1915
LOC552626	312	407	332	477	396	335	399	479	411	425	406
LOC409518	1106	1311	1237	2196	1754	1537	1537	1768	2128	1757	1577
LOC113219138	1	8	3	11	4	2	3	5	2	7	1
LOC406097	431	762	752	1007	968	808	836	1032	1242	1018	958
LOC102655407	5452	6500	6459	9895	8007	6693	7309	7248	9460	7496	7215
LOC727424	170	200	162	342	231	199	246	205	277	233	239
LOC551667	874	905	813	1319	1158	851	1095	1048	1164	1086	986
LOC413109	48	30	51	46	45	28	49	40	38	16	46
LOC100577879	329	342	330	490	411	302	423	389	413	382	331
LOC102655564	40	56	59	64	82	39	41	55	56	39	51
LOC551113	1200	1597	1646	2766	2399	1869	2113	2277	2810	2280	1991
LOC413108	146	326	291	461	351	316	322	363	412	363	363
LOC725689	427	562	610	908	756	592	703	672	906	772	716
LOC113219136	118	125	193	257	202	150	159	208	247	232	204
LOC725821	39	51	44	78	75	38	63	42	58	46	41
LOC552833	951	1175	1053	1713	1423	1235	1614	1591	1729	1509	1380
Sod2	1419	1474	1468	2106	1672	1452	1605	1780	1687	1639	1482
LOC413837	270	813	941	1924	1179	1121	1079	1251	1972	1017	1111
LOC725887	358	401	462	622	553	503	566	532	655	564	457
LOC552828	276	238	264	338	362	254	315	323	327	299	276
LOC412172	75	210	210	415	291	256	249	272	380	314	311
LOC725951	490	511	432	612	567	430	549	564	606	513	522
Or105	228	320	404	508	564	424	516	439	698	568	441
LOC102655147	209	304	253	407	395	351	344	337	413	328	295
LOC107965274	3	8	13	22	10	6	2	2	17	4	7
LOC102655180	149	163	156	214	228	188	158	203	259	219	198
LOC102656805	71	103	79	142	123	135	116	129	187	144	131
Or98	72	131	174	199	195	185	179	121	253	204	155
LOC107963960	727	840	841	1213	968	962	922	1057	1149	927	1001
LOC413668	198	299	277	409	319	284	358	389	401	310	348
LOC413667	208	243	244	351	281	203	237	251	266	242	259
LOC413666	217	383	331	550	378	344	569	476	546	492	374
LOC726150	92	47	42	39	59	40	68	45	26	41	44
LOC726180	71	41	52	29	16	17	45	38	17	39	33
LOC102653993	28	23	17	10	22	7	15	12	17	8	16
LOC726225	13	5	12	11	4	1	1	2	2	5	0
LOC100577456	530	1058	928	1562	1176	972	1778	1386	1357	1194	1052
LOC102653840	24	18	37	8	6	15	32	13	14	12	13
LOC410315	412	368	403	647	536	430	416	496	588	499	590
LOC410316	1181	1473	1435	2059	1704	1426	1979	1731	1801	1802	1568
LOC410317	1945	1151	1516	1888	1648	1241	1696	1260	1494	1279	1337
LOC113219069	35	25	12	42	28	28	24	21	23	34	25
LOC410318	11	23	35	17	16	4	30	23	33	15	6
LOC113219097	4	4	5	8	3	3	6	3	6	13	9
LOC726415	139	96	77	65	91	58	101	69	55	85	90
LOC113219092	1	5	2	17	5	3	0	6	8	9	7
LOC409095	57	43	64	54	44	41	92	47	49	41	63
LOC102654628	303	288	213	292	205	188	274	277	280	234	275
LOC408349	776	874	839	1343	1133	865	1010	1131	1042	1066	934
LOC552791	310	292	355	441	440	295	337	396	392	399	359
LOC410319	333	557	487	949	724	585	788	678	919	740	697
LOC726407	1901	3369	3003	4284	4007	3198	4667	4291	4444	4101	3302
LOC410320	4016	3821	3639	5960	5556	4228	5765	4992	5380	4564	4452
Mir3755	0	0	1	6	1	3	2	1	0	4	3
LOC410322	2297	2290	2247	3296	3712	2795	3531	3546	3581	3405	3368
LOC408351	2341	1866	1828	2741	2427	1874	2488	2301	2374	2152	2019
LOC102655299	22	17	14	17	22	17	17	29	8	13	22
LOC726594	8	29	33	28	17	7	24	31	19	12	13
Mir124	85	61	43	33	32	30	67	25	23	35	26
LOC410323	50	41	70	49	54	45	95	91	44	39	58
LOC113219109	0	4	0	0	0	0	0	0	0	0	0
LOC102655353	0	0	0	0	0	0	0	0	1	0	0
LOC408352	582	590	617	860	779	651	694	703	746	584	698
LOC410324	1265	1348	1336	1905	1629	1563	2035	1849	1944	1752	1593
LOC408353	1091	1324	1365	2250	1923	1554	1692	1840	1916	1747	1503
LOC552763	30	68	62	114	71	45	80	68	89	70	86
Rpl41	1627	1492	1253	1980	1722	1061	1051	2170	1154	2109	1149
LOC100577644	368	278	306	402	315	291	277	344	371	335	318
LOC726695	72	96	122	188	117	119	106	118	155	110	112
LOC552753	137	173	118	217	188	165	144	143	191	180	151
LOC412277	958	954	1072	1492	1355	1099	1258	1235	1314	1309	1242
LOC412750	818	1103	994	1452	1311	970	1059	1163	1529	1274	1165
LOC409396	402	839	806	1358	1126	910	917	1119	1347	1023	1039
LOC552729	126	287	311	532	395	292	399	407	517	336	422
LOC552723	438	847	886	1503	1076	898	1001	1124	1413	951	1154
LOC552716	267	358	378	584	456	364	459	437	651	514	441
LOC410325	1015	1219	1174	1984	1363	1185	1342	1410	1734	1420	1157
LOC410326	581	758	812	1412	1489	1449	1287	1457	1864	1452	1293
LOC100577801	172	192	230	268	234	177	317	279	219	217	213
LOC726800	384	326	303	444	433	298	345	342	342	370	282
LOC410328	301	437	437	679	547	400	588	618	532	513	519
LOC100577845	622	570	581	724	602	517	589	615	746	622	563
LOC410330	135	219	199	386	314	254	248	339	348	277	278
LOC410331	69	100	108	222	133	146	144	187	242	152	162
LOC552651	1880	2196	2152	3504	3346	2664	2710	2997	3680	2580	2665
LOC408354	383	722	667	1456	877	791	1396	1184	1413	938	1150
LOC408355	1715	1680	1611	2248	2052	1674	1904	2114	1870	2012	1644
LOC410332	792	1581	1292	2232	2060	1649	2275	1961	2344	2028	2019
LOC107965200	19	17	5	25	15	13	16	30	30	9	22
LOC113219108	219	167	147	173	201	209	222	189	225	203	247
LOC726896	283	323	326	397	291	235	289	369	329	281	296
LOC726903	8	14	12	9	11	13	18	22	23	10	20
LOC726913	609	719	712	991	1026	836	913	919	1090	1030	1065
LOC552577	83	229	241	568	542	397	485	555	576	389	323
LOC107965147	1493	2070	1910	3654	4519	2881	3732	3983	4171	3063	3161
LOC408358	119	246	340	734	528	389	522	741	666	406	565
LOC410334	395	209	240	225	286	227	301	245	229	284	233
LOC726963	9	14	6	8	13	11	10	9	3	1	11
LOC113219070	3	2	2	7	4	1	10	5	9	0	2
LOC410336	1686	1567	2141	3746	3013	1889	2621	2368	2978	2067	2151
LOC410337	145	212	195	263	269	244	316	272	254	262	262
LOC408359	1739	2292	2255	3785	3918	3308	3502	3881	4289	3580	3941
LOC102655046	105	110	99	196	131	111	127	160	139	137	121
LOC107965150	0	0	0	0	0	0	0	0	0	0	0
LOC410338	885	1063	1140	1597	1374	1004	1202	1260	1266	1272	1176
LOC727012	544	726	680	1148	986	731	709	904	849	903	729
LOC410339	569	794	788	1070	804	755	846	886	1015	844	818
LOC552460	2611	2660	2328	3375	3198	2582	3245	2964	3177	3196	2661
LOC552447	1184	1332	1234	1938	1902	1457	1904	1907	2035	1771	1769
LOC727007	4330	5209	4618	7331	5161	4729	6644	5711	6495	5458	5255
LOC408361	3328	6192	6750	13244	14074	11304	13748	16001	15638	14238	12912
LOC107964020	4229	5784	5627	9277	8029	7270	10423	8356	9070	9047	7651
Ac3	1551	1571	1434	1973	1599	1320	1919	1555	1591	1588	1412
LOC408364	220	415	319	646	719	681	943	552	917	687	600
LOC408365	1017	685	394	663	452	416	859	734	553	603	445
TRNAY-GUA_3	4	0	0	0	1	0	0	0	0	0	0
TRNAY-GUA_4	3	0	4	1	0	5	8	5	3	0	0
LOC551323	475	740	613	980	712	624	938	814	787	828	634
LOC100577789	99	147	119	196	130	134	161	210	174	126	132
LOC410340	222	332	354	501	467	373	463	505	541	435	373
LOC408367	4973	5037	4800	7528	7217	5810	6060	6823	6750	6568	5476
LOC410341	1307	1259	1382	2066	2158	1472	1592	2132	1935	1700	1649
LOC724154	71	52	50	86	71	60	74	60	88	66	59
LOC552232	400	369	350	505	464	353	329	395	488	474	394
LOC410343	237	187	150	278	239	209	201	253	229	195	260
LOC410344	50	107	82	176	94	128	97	114	197	119	116
LOC552145	211	535	494	1010	696	548	588	707	1024	576	624
LOC410345	635	946	885	1318	1044	903	1185	1069	1204	1004	937
LOC408368	303	315	379	509	386	380	421	419	444	390	361
LOC107963971	11	4	12	9	21	7	1	7	12	2	7
LOC410347	161	151	191	162	147	161	197	198	156	166	154
LOC102656595	0	3	6	2	10	6	5	4	2	6	8
LOC100578154	79	57	87	81	71	55	78	69	75	75	33
LOC410348	367	520	518	953	537	449	645	658	603	488	540
LOC102656748	125	201	131	188	182	150	127	157	143	130	117
LOC410349	117	174	126	207	163	122	161	140	147	157	130
LOC410350	372	383	406	576	501	363	406	443	469	456	426
LOC408369	367	412	430	505	511	456	467	556	673	547	581
LOC100578317	285	418	344	519	329	304	486	444	464	460	385
LOC100578357	49	39	40	41	49	21	34	34	36	36	22
LOC102653638	14	16	13	25	4	10	13	12	8	9	10
LOC410351	487	477	453	605	602	456	730	692	615	577	566
LOC100578438	34	35	40	41	29	20	48	59	29	27	32
LOC102653665	0	1	5	0	0	0	5	1	0	1	2
LOC113219099	1	1	6	3	3	0	6	1	1	1	0
LOC100578475	10	18	13	4	12	8	12	15	6	5	15
LOC107965158	9	16	20	22	24	21	39	19	10	32	11
LOC113219072	9	2	2	8	8	2	5	7	5	9	16
LOC100578759	69	72	68	81	89	79	103	81	106	112	99
LOC410352	294	460	423	794	572	484	681	624	729	561	545
LOC102655300	0	1	0	0	2	1	0	0	2	0	0
LOC408309	9866	14633	13235	18937	17327	14753	19253	17487	18227	17723	15370
LOC100578547	308	336	287	354	364	293	406	286	381	261	288
LOC100578716	51	117	71	94	101	64	106	84	103	62	69
LOC551283	1115	1234	1292	1865	1615	1260	1633	1730	1601	1604	1358
LOC724791	151	139	119	180	155	132	135	162	155	196	124
LOC100578439	851	2580	2186	4265	3486	3102	4983	4616	5019	4125	3580
LOC551735	208	423	432	779	671	578	773	693	755	614	672
LOC102655660	2	7	5	13	8	8	20	9	14	18	10
LOC551707	561	721	722	1104	882	792	852	965	910	818	798
LOC551683	702	762	733	1102	1029	843	933	1033	1029	951	980
TpnCIIa	873	795	627	683	948	733	593	1085	646	687	661
Hex110	21	27	31	32	21	28	34	53	21	23	20
LOC725244	342	547	557	879	696	573	724	746	757	688	639
LOC100578540	42	35	31	44	35	22	15	32	42	35	45
LOC408308	15286	17134	17272	22793	23520	19506	23188	23378	23188	23405	19025
LOC725324	222	98	83	200	142	124	130	119	167	131	134
LOC102656066	25	11	22	30	39	16	16	30	22	26	22
LOC414001	884	904	947	1323	1223	960	1048	1105	1357	1118	1006
LOC100578575	94	72	87	121	136	111	108	94	117	107	94
LOC100576176	166	236	242	343	278	261	268	248	306	244	273
LOC552282	18432	23462	24757	35210	34141	27627	30783	33988	34443	31643	27796
LOC552303	3470	4503	3152	5263	5727	3842	4970	5795	5204	5203	4433
LOC412348	115	214	192	302	282	197	260	263	335	298	250
LOC102656637	5	8	2	2	4	3	5	1	1	2	6
LOC409314	20	17	29	59	44	53	45	74	73	44	79
LOC107965262	4	13	9	26	13	12	11	16	17	11	16
LOC102656488	29	22	23	23	30	15	19	31	17	28	20
LOC412018	247	321	279	444	351	327	362	390	403	350	305
LOC725462	12409	12952	12733	20253	18360	17554	20885	19989	22714	18966	17446
Mir6000a	2	1	2	2	6	5	0	5	0	8	5
Mir6000b	0	0	0	0	0	0	0	0	0	0	0
Mir6040	4	27	15	31	23	24	36	16	45	33	37
LOC107965228	10	8	21	12	13	15	13	9	19	12	12
LOC552738	510	606	570	979	742	548	754	812	769	665	662
LOC102656725	87	57	56	122	76	63	66	89	91	82	60
LOC412414	86	162	217	425	245	280	208	278	462	266	319
LOC100576532	127	118	125	98	118	96	89	104	114	82	77
LOC725615	401	505	517	736	640	508	574	655	686	604	527
LOC552715	256	300	302	404	371	272	330	332	383	348	296
LOC100576646	326	544	542	1140	820	675	719	852	1097	764	690
LOC107965235	0	1	0	0	2	1	2	0	1	2	0
LOC100576742	14	27	16	28	24	22	35	39	25	32	13
LOC100576773	177	190	198	248	192	151	246	239	225	214	231
LOC107965236	66	31	39	42	39	31	44	52	31	32	53
LOC409260	2836	3014	3057	4821	3763	3038	4208	3570	4907	4089	3506
LOC552689	77	73	53	99	87	70	94	83	87	84	62
LOC552683	191	241	242	439	291	233	257	254	276	301	302
LOC725780	354	612	632	998	758	677	793	824	768	729	704
LOC102654161	6	1	6	13	7	7	2	12	16	9	3
LOC410253	5344	4708	4459	6858	6202	5476	6534	6463	6067	6120	7313
LOC107965194	149	178	145	341	171	165	198	209	230	143	189
TRNAH-GUG_1	16	11	7	13	20	2	11	6	6	3	9
LOC113219110	4	9	11	15	3	6	14	11	7	8	53
LOC113219117	80	55	49	37	48	26	76	40	34	50	73
LOC100577041	4	10	9	1	7	4	2	6	3	6	6
LOC102654363	4	1	1	1	6	5	1	2	2	4	0
LOC408310	1157	955	928	1321	1377	1156	1192	1360	1301	1316	1017
LOC113219133	3	0	4	3	4	0	5	0	7	3	4
LOC410254	493	288	284	353	402	302	379	302	389	362	288
LOC552619	123	111	207	415	213	232	225	172	285	171	216
LOC725952	1006	281	261	206	211	316	446	175	304	329	274
LOC408311	1396	1090	1075	1531	1384	956	1582	1304	1321	1123	1141
LOC102654792	57	117	82	163	97	104	144	149	130	105	148
LOC102654712	1	4	9	4	11	3	3	11	9	5	13
LOC726018	180	216	198	276	228	170	230	274	210	263	200
LOC408312	22	26	35	63	34	24	33	29	58	33	33
LOC107965270	109	102	96	138	141	103	113	128	128	107	97
LOC410255	143	140	162	258	218	173	187	210	271	188	212
LOC410256	14	24	20	52	30	36	37	32	48	49	41
LOC552557	706	780	634	1008	907	710	938	1066	938	895	880
LOC113219126	4	10	7	8	14	12	11	10	3	13	5
mGlutR1	307	281	320	374	333	289	415	363	442	287	294
LOC410257	276	332	325	460	444	335	410	413	472	352	385
LOC552511	560	665	566	948	813	743	874	888	880	846	753
LOC410258	1362	1583	1803	2695	2130	1655	1910	2219	2251	2220	2014
LOC408314	453	553	483	697	510	432	533	516	542	493	441
LOC408315	5609	6264	5871	9195	10053	7717	8789	9924	10968	8981	9165
LOC102655785	340	321	239	564	554	487	437	619	593	507	560
LOC410259	1632	1234	1351	2136	2216	1570	1696	1868	1964	1479	1443
LOC107965165	105	57	61	51	66	58	60	51	54	74	84
LOC102656080	3	3	6	1	6	1	7	5	3	0	2
LOC726301	284	373	417	558	519	354	407	490	426	406	402
LOC100577687	431	655	685	1137	769	718	931	892	826	808	837
LOC408316	238	733	751	1396	1006	862	1122	1237	1186	994	1029
LOC113219094	3	9	16	24	4	8	14	11	9	16	6
LOC102656537	4	3	0	1	2	1	2	2	6	5	6
LOC113219095	67	29	58	52	78	43	62	44	54	34	51
LOC113219113	97	56	81	49	66	47	99	47	65	59	64
LOC102656683	3	1	9	0	0	1	2	3	0	2	2
LOC107965290	0	0	0	0	4	0	8	0	2	2	1
LOC102656707	0	2	4	2	5	0	4	2	2	3	0
LOC107965253	128	109	165	142	173	121	187	162	130	112	98
Mir8	7	0	1	0	2	0	4	0	2	0	1
LOC102656859	12	28	12	25	13	10	26	20	21	14	17
LOC100578910	47	48	43	58	40	57	58	51	55	40	65
LOC113219065	0	0	0	0	0	0	0	0	0	0	0
LOC107965250	1046	1268	1097	1729	1570	1202	1575	1537	1460	1357	1173
LOC410261	1939	739	745	724	636	673	863	584	827	798	797
LOC100577914	22	33	11	37	12	24	15	21	12	11	15
LOC410262	642	661	665	858	716	560	652	739	768	822	594
LOC102653824	155	101	121	186	166	120	160	179	200	142	168
LOC410263	577	858	816	1532	1250	1021	937	1276	1511	1096	1146
LOC102654090	180	146	137	173	171	131	139	184	158	147	135
LOC102654041	5	5	1	0	3	3	2	4	1	5	4
LOC102653994	4	2	2	5	1	12	1	6	0	4	5
LOC726506	60	45	42	96	66	41	59	64	60	38	69
LOC552295	1299	1094	1065	1478	1415	1197	1256	1301	1416	1349	1057
TpnCI	2641	2753	2421	4148	3830	2780	2682	2718	2788	2154	2077
LOC409152	461	625	574	956	715	606	650	808	877	656	698
LOC726875	645	850	803	1279	1135	969	1177	993	1263	1031	872
LOC726861	8	10	12	5	5	2	15	12	2	8	5
LOC413942	167	132	126	94	147	123	175	120	162	133	116
LOC413943	767	1315	1431	2455	1879	1537	1844	2223	2162	1866	1836
LOC413944	353	555	556	751	615	567	693	603	760	656	605
LOC413457	538	584	617	994	884	653	838	907	1025	791	828
LOC726801	97	166	184	299	281	170	207	231	301	250	260
LOC409919	467	767	728	1115	833	741	1135	942	1159	901	775
LOC107965252	0	0	0	1	0	0	0	0	0	0	0
LOC113219071	26	67	54	74	52	65	61	57	56	78	67
LOC726781	156	88	129	162	104	100	96	107	116	137	90
LOC113219129	9	10	17	19	9	15	31	11	14	15	8
LOC551073	2141	2423	2285	3791	3217	2491	3257	3452	3634	3229	3008
LOC408317	21	32	48	42	36	18	41	39	39	52	25
LOC113219128	3	4	5	3	0	2	3	3	5	1	1
LOC411457	330	422	424	711	623	477	493	593	685	588	565
LOC409068	735	789	911	1534	1108	1017	1018	1017	1350	1057	1176
LOC102655688	690	575	552	750	763	557	617	744	717	738	613
LOC411458	25	34	38	76	43	37	43	50	74	39	46
LOC551987	3448	3493	3331	4495	4059	3505	4738	4224	4881	4102	3880
LOC409070	1212	1192	1213	1877	1645	1262	1512	1639	1507	1533	1239
LOC409476	245	363	370	574	497	430	479	409	561	473	495
LOC100576153	73	113	103	127	132	105	97	132	108	97	102
LOC409475	1033	1691	1685	2911	2280	1989	2169	2252	2754	2326	2105
LOC412944	55	195	206	383	211	195	193	224	315	193	215
LOC413916	30	69	69	106	79	71	76	56	97	73	64
LOC100576186	9	16	9	15	9	13	12	12	7	11	6
LOC726612	179	246	247	359	284	206	249	258	257	245	251
LOC107965224	11	23	19	25	9	22	19	5	25	14	16
LOC100579040	325	436	442	633	546	415	520	532	627	563	457
LOC411433	464	1014	1072	1699	1229	1104	1263	1557	1553	1281	1261
LOC726564	168	187	197	268	216	182	159	208	240	231	186
LOC113219098	75	91	103	145	146	105	139	127	155	108	139
LOC411552	39	38	43	45	50	45	46	41	59	29	104
LOC551734	235	323	342	671	446	342	389	482	547	362	401
LOC410264	253	239	213	366	289	228	265	295	355	238	269
LOC100576185	218	260	242	327	306	257	304	333	353	289	270
LOC100576286	446	427	460	677	528	433	494	553	537	513	473
LOC410266	303	273	278	393	296	223	352	310	352	301	280
LOC724460	1079	1021	936	1116	1084	969	1098	1120	1168	990	990
LOC102653678	750	1005	1168	1012	1184	1158	1274	1412	1476	1364	1270
LOC724502	150	144	139	234	216	140	169	200	162	176	199
LOC102654866	380	459	487	672	642	436	853	686	740	688	663
LOC102654793	6	21	6	21	28	15	19	19	10	13	14
LOC100576557	12	22	10	23	28	27	27	41	23	20	23
LOC102654613	1	2	1	0	0	0	2	0	0	2	0
LOC107965243	2	8	0	3	0	3	2	0	0	2	2
LOC102654487	5	3	9	13	10	1	15	4	9	2	7
Mir3764	172	71	61	64	83	64	103	82	71	57	61
LOC102654444	22	27	19	27	44	28	27	19	38	10	31
LOC551501	311	316	307	487	429	379	456	528	436	428	433
LOC102654947	95	146	111	171	104	95	127	115	133	108	125
LOC107965256	2	4	4	13	3	5	3	10	6	10	9
LOC113219075	4	4	10	6	7	8	5	1	0	2	1
LOC408319	315	423	391	697	552	406	570	614	577	515	454
LOC724685	707	1103	1141	1731	1410	1223	1521	1407	1518	1449	1229
LOC113219067	0	2	2	11	1	1	3	0	0	7	1
LOC410154	150	290	291	401	245	245	283	366	316	286	232
LOC102655371	38	53	58	72	54	35	96	66	87	59	56
LOC724756	424	465	492	804	709	554	748	1019	724	698	1012
LOC551424	833	1068	892	1450	1298	1073	1312	1214	1505	1202	1219
LOC724842	177	205	227	326	210	171	230	235	304	242	242
LOC724877	877	1151	1150	1842	1523	1280	1352	1400	1961	1349	1312
LOC409595	595	929	913	1486	1051	905	969	1142	1281	1126	1208
LOC409877	1059	1264	1261	1752	1516	1268	1399	1468	1708	1472	1352
LOC552769	392	509	615	1018	810	701	677	768	991	733	759
LOC100577344	156	102	123	228	169	105	153	146	167	165	140
LOC412219	533	811	799	1217	941	921	932	1153	1271	998	946
LOC727234	225	245	218	360	313	255	300	296	338	284	298
LOC409393	390	534	455	850	605	503	617	625	709	597	574
LOC552744	1140	1467	1458	2110	1920	1688	1856	2084	2362	1977	1759
LOC727222	117	176	163	285	236	159	172	228	312	190	236
LOC551313	300	363	415	682	537	438	364	462	687	444	494
LOC552733	7	14	26	25	12	6	19	19	27	13	16
LOC411505	683	557	628	892	708	575	723	682	842	711	676
LOC409491	348	345	334	553	422	374	417	450	471	450	419
LOC552714	292	465	469	700	552	538	518	540	725	506	518
LOC413822	842	899	879	1321	1256	988	1039	1245	1402	1254	1084
LOC552700	874	1130	1001	1812	1356	1164	1329	1416	1558	1323	1312
LOC551276	1925	1972	1896	2941	2331	1944	2164	2343	2542	2476	2235
LOC410108	288	558	513	949	673	501	872	795	833	641	669
LOC727221	1419	1775	1687	2526	2181	1828	2031	2206	2497	2271	1856
LOC412046	191	732	811	2132	1178	900	1320	1408	1660	1067	1225
LOC409329	1378	1366	1436	2261	1924	1516	1800	2034	1963	1936	1690
LOC100576647	157	200	144	280	222	191	225	209	219	229	230
LOC551964	242	307	348	505	357	305	402	385	559	448	383
LOC107965281	626	636	624	990	826	696	774	852	986	777	761
LOC725781	265	321	346	616	453	371	455	545	495	468	460
LOC409241	102	120	140	264	202	171	177	167	343	193	193
LOC411861	610	566	630	809	782	623	715	821	811	810	686
LOC411862	435	395	404	573	546	386	468	449	541	509	400
LOC411863	452	503	498	665	422	416	493	476	619	496	371
LOC409636	105	128	156	144	125	135	147	129	156	121	109
LOC409634	932	2011	1971	3742	2754	2419	2393	2701	3579	2440	2464
LOC102653856	115	98	85	93	94	88	113	80	122	113	119
LOC100576717	86	248	226	450	316	274	260	300	493	282	339
LOC551467	1261	1127	1010	1293	1331	1058	1289	1319	1344	1356	1149
LOC107965192	931	1159	1142	1683	1445	1149	1310	1394	1594	1391	1233
LOC409838	107	255	268	384	276	269	309	271	482	312	305
LOC409839	2992	2992	3160	4344	4091	3268	4055	4087	4015	3901	3662
LOC413259	46	64	74	106	77	90	98	96	115	81	68
LOC100578596	253	292	298	394	406	365	482	387	373	320	337
LOC413260	37	117	113	215	159	170	134	183	266	160	164
LOC725288	46	54	51	76	87	63	53	71	50	69	55
LOC113219124	0	0	0	0	0	1	0	1	0	1	1
LOC725245	151	287	283	392	230	179	319	302	315	258	260
LOC102654948	3	4	3	4	7	4	12	8	14	10	9
LOC100578745	26	32	40	72	35	27	35	62	53	54	37
LOC551146	1659	2007	1778	2796	2381	1884	2255	2592	2512	2249	2117
LOC413261	250	249	258	361	333	249	303	288	326	385	306
LOC551061	1167	1932	1935	3108	2735	2431	3137	3204	3923	3173	2661
LOC725051	549	1165	910	1289	878	662	912	956	1166	1009	1000
LOC550984	76	89	100	184	145	144	130	158	176	133	150
LOC550935	735	954	833	1361	1187	1035	1235	1226	1494	1215	1102
LOC725822	323	284	296	481	351	263	294	294	359	322	296
LOC412409	244	262	284	438	374	310	349	398	538	366	457
LOC409099	1363	2699	2570	4628	3434	2901	3992	4056	4356	3526	3346
LOC411553	391	571	612	1110	809	634	817	832	983	749	779
LOC411554	360	423	430	642	555	416	497	533	570	517	530
LOC552843	158	268	214	332	272	223	307	238	382	299	246
LOC411735	245	374	304	505	402	347	426	459	450	407	433
LOC725984	27	22	43	58	47	40	31	47	56	49	34
LOC411734	783	1006	1006	1544	1331	1014	1246	1396	1533	1464	1201
LOC409184	498	746	740	1322	1008	846	972	1073	1135	1024	939
LOC413145	1191	1167	1128	1713	1594	1182	1415	1560	1437	1431	1228
LOC413144	327	326	305	448	396	306	418	393	368	393	334
LOC552838	1717	1349	1350	1737	1883	1508	1643	1895	1730	1768	1526
LOC551211	1416	2105	2110	3601	2506	2032	2328	2759	2894	2504	2204
LOC726151	415	400	392	524	501	340	457	480	471	503	420
LOC102655980	445	358	688	795	559	405	597	442	466	494	504
LOC100576421	762	797	792	1171	1367	1056	1222	1271	1410	1326	1287
LOC102656667	3	7	5	20	3	9	13	5	2	3	7
LOC552835	360	294	319	377	344	295	265	362	287	387	257
LOC102653972	23	22	24	25	19	12	24	17	35	17	12
LOC100820634	1308	1002	1089	1809	1507	979	1539	1227	1489	1197	1330
LOC102653896	130	117	161	173	168	123	188	250	173	110	185
LOC113219077	19	20	18	24	20	22	29	38	17	18	22
LOC100576585	52	81	98	158	129	88	114	166	130	103	125
LOC107964010	466	385	355	396	412	359	450	464	427	506	405
LOC100576609	8	6	5	11	19	22	29	14	11	15	11
Mir928	0	0	0	0	0	0	0	0	0	0	0
LOC100576519	531	549	501	852	726	628	803	763	726	687	619
LOC102653705	61	43	45	62	70	50	58	51	61	43	43
LOC552832	17	13	7	17	11	2	10	21	10	6	9
LOC726408	491	508	548	759	628	589	592	777	668	739	576
LOC552830	387	579	626	1267	879	677	718	898	1161	746	794
LOC100576947	0	0	5	6	5	3	2	1	5	11	1
LOC100576744	219	205	233	318	261	200	204	206	247	264	227
LOC409307	51	88	76	103	106	112	105	98	114	120	94
LOC100576985	201	247	243	336	291	244	238	276	352	236	224
LOC411998	466	578	623	937	653	571	619	666	882	650	665
LOC726432	562	758	621	1169	804	771	766	903	951	894	777
LOC409941	470	542	494	758	624	610	623	691	760	634	600
LOC552820	0	46	47	102	84	84	68	56	83	66	71
LOC409942	188	197	177	230	194	185	182	228	235	188	216
LOC113219080	0	4	4	2	2	6	9	6	1	3	1
LOC726964	482	447	445	533	448	392	419	507	484	491	470
LOC113219121	133	172	137	297	256	185	228	203	292	179	234
Ip3k	784	958	1029	1588	1648	1319	1691	1736	1698	1723	1782
NFRKB	595	1123	1161	2095	1548	1249	1603	1783	1805	1574	1404
LOC100576989	45	62	64	104	76	65	88	73	119	80	66
LOC551528	1143	1225	1281	1878	1572	1333	1539	1564	1682	1529	1534
LOC551493	189	285	301	491	373	342	400	394	425	348	342
LOC726904	177	266	262	348	294	298	318	385	444	353	317
LOC102655948	44	69	59	105	79	69	78	75	104	63	62
LOC411918	316	554	573	943	604	501	575	697	799	637	702
LOC409265	318	416	417	675	445	416	456	540	552	497	454
LOC551449	515	933	959	1623	1190	918	1085	1298	1474	1157	1139
LOC552759	237	295	267	507	398	293	382	399	480	389	403
LOC100577073	23	12	19	23	21	14	17	23	13	31	12
LOC102656252	9	8	9	6	4	2	17	15	6	2	5
LOC412273	27	70	64	67	84	63	85	85	99	56	56
LOC726814	389	639	693	1173	952	814	1150	1055	1193	1012	878
LOC102655263	238	291	275	490	333	320	392	379	449	376	382
LOC412705	176	184	182	280	209	209	179	258	316	245	181
LOC409574	1108	1289	1158	2020	1833	1438	1593	1669	1937	1685	1569
LOC102656587	121	163	177	309	242	198	168	236	312	221	222
LOC726771	520	650	722	990	985	733	784	873	1061	878	787
LOC726757	372	316	325	496	448	307	341	465	452	453	381
LOC100578159	957	1758	1749	2875	2198	1919	2812	2481	3042	2422	2296
LOC413336	128	300	330	680	408	423	350	439	605	344	424
LOC102653601	69	173	112	213	144	137	184	180	239	212	161
LOC409870	533	849	923	1584	1301	1039	1143	1320	1601	1197	1235
LOC409978	1667	1588	1523	2303	2017	1496	1792	2135	1896	2139	1472
LOC552799	6	10	15	21	15	1	17	10	8	17	17
LOC107965272	8	4	1	10	2	4	4	6	3	4	1
LOC100578413	177	203	184	230	239	187	195	219	172	202	172
LOC413427	1011	1208	1137	1872	1392	1221	1407	1518	1850	1310	1376
LOC102653963	41	25	39	25	31	18	38	22	22	19	12
LOC552804	1239	1156	1269	2151	1765	1159	1782	1568	1844	1575	1553
LOC113219130	28	37	28	69	28	22	40	33	52	39	45
LOC413428	99	240	282	594	352	263	275	340	527	231	323
LOC113219131	42	42	43	38	57	32	47	39	74	31	47
LOC409904	8027	10271	9201	14863	14445	11591	18665	16740	14208	14489	12957
LOC413429	1848	2398	2470	4488	4085	3147	3213	3741	4385	3376	3217
LOC413430	432	545	610	972	763	669	787	772	969	783	767
LOC726595	123	214	217	385	220	231	310	272	329	265	250
LOC726579	225	291	300	517	354	324	329	342	395	326	326
LOC100578709	881	1257	1253	2073	1747	1416	1755	1866	1987	1686	1761
TRNAR-ACG_4	3	2	0	5	2	1	1	4	0	3	1
TRNAI-AAU_2	0	0	0	0	0	0	0	0	0	0	0
LOC726522	462	452	482	740	571	434	523	605	582	593	504
LOC552752	193	361	418	647	425	391	508	534	637	494	506
LOC552746	539	557	536	747	588	449	545	700	695	621	448
LOC100578976	255	273	226	384	351	277	354	409	391	352	406
LOC410269	305	683	579	1246	851	725	986	818	970	878	814
LOC100578939	396	553	428	827	1033	783	789	1131	990	791	1443
LOC410270	987	1036	1087	1332	1319	919	1090	1328	1236	1201	1084
LOC408320	28	24	40	24	37	14	24	28	25	17	20
LOC408321	801	1042	859	1237	1058	838	1119	1082	1121	1040	871
LOC552695	272	333	293	470	430	407	411	378	468	434	380
LOC409735	235	645	607	931	708	554	727	729	807	678	663
LOC102656166	263	319	319	520	399	347	333	367	576	489	410
LOC409373	1140	1704	1701	3002	2446	2001	2364	2368	2968	2154	2441
LOC552098	444	428	424	612	467	394	448	506	566	539	449
LOC412154	514	850	869	1429	961	1012	1005	1116	1322	1003	1010
LOC100577623	483	1486	1480	2648	1808	1597	1837	1905	2617	1629	1863
LOC100577520	62	148	158	269	162	167	167	190	229	185	201
LOC725782	2608	2231	2138	3062	3189	2167	3034	2714	3057	2887	2422
LOC409759	304	304	257	378	294	258	352	316	299	268	267
LOC725616	191	260	277	352	292	248	318	313	304	247	248
LOC107965175	71	26	36	32	34	26	51	24	39	32	25
LOC552231	524	579	558	787	645	516	663	757	705	591	584
LOC552254	1695	1687	1528	2283	1981	1600	1925	2134	2233	2144	1746
LOC413087	301	303	343	440	401	329	473	382	402	359	341
LOC413086	1014	1428	1219	1848	1689	1620	2383	2025	1882	1912	1584
LOC725540	468	622	499	754	570	428	755	582	573	586	501
LOC100577735	564	743	817	1077	912	836	1015	1018	1150	1128	842
LOC102655411	121	131	113	161	163	126	143	188	159	210	135
LOC552375	4800	6977	6322	11511	9537	8091	9657	9820	12096	9313	8398
LOC409762	2364	2224	2030	2713	2672	2089	2572	2508	2689	2714	2108
LOC725391	607	967	828	1239	1120	982	1339	1178	1251	1086	1041
LOC725352	152	174	127	245	196	158	142	197	165	200	151
LOC409764	1609	2283	2011	3097	2630	2132	2656	2640	2848	2333	2134
LOC725289	431	718	700	1043	779	704	971	878	892	789	703
TRNAA-UGC_3	5	3	4	4	3	2	3	4	3	2	4
LOC113219143	1	1	3	5	2	0	5	5	0	2	2
LOC413091	443	1054	855	1580	1390	1059	1306	1528	1567	1300	1213
LOC102654666	10	9	6	5	1	12	15	13	9	10	6
LOC552446	1009	1734	1674	2323	1913	1108	1692	1456	1687	1646	1448
LOC552459	10292	12620	7383	10581	15242	11998	17594	15576	16634	18338	13599
LOC100577364	1162	1510	1345	2088	1790	1510	2032	2112	2182	2110	1803
Mir9895	3	0	1	10	3	4	2	3	3	3	1
LOC724998	136	168	168	258	184	147	198	191	247	221	159
LOC100578388	300	555	416	764	525	461	617	559	723	509	567
LOC724878	170	241	156	269	286	223	298	251	268	311	296
LOC413096	377	592	462	1001	766	573	720	802	852	706	622
LOC552542	470	520	564	817	627	521	700	608	688	619	618
LOC413097	166	299	302	454	247	242	366	351	337	289	300
LOC409765	229	317	267	373	364	250	277	362	347	343	297
LOC409766	463	650	629	978	725	705	711	818	926	776	741
LOC409767	971	1522	1491	2425	1706	1500	1918	2090	2097	1851	1873
LOC100577449	251	310	272	419	386	301	295	366	419	314	284
LOC413583	598	1030	1074	1794	1368	1139	1447	1476	1525	1469	1453
LOC409976	365	494	470	676	608	399	549	612	576	595	554
LOC724545	334	568	602	1066	798	620	849	875	976	705	818
LOC724155	220	252	277	454	366	271	311	308	372	372	310
LOC724201	687	835	718	941	836	814	932	857	970	922	797
LOC408322	884	1295	1271	1808	1506	1260	1381	1456	1604	1368	1398
LOC724290	311	385	410	581	507	438	425	521	642	561	608
LOC410274	206	615	596	1128	731	623	793	824	934	663	720
LOC410273	182	251	215	405	286	208	250	324	364	256	283
LOC410272	1026	1009	1010	1516	1242	996	1132	1242	1163	1196	905
LOC107965260	0	0	0	0	0	0	0	0	0	0	0
LOC107965261	22	31	21	29	36	29	38	45	45	29	29
Pkc	2376	2815	2792	4206	3621	3219	4349	4058	3850	3385	3273
LOC113219118	320	208	208	319	292	212	362	321	306	239	235
LOC410271	2767	5472	5073	7698	6962	6876	8646	7543	7673	7068	6996
LOC726019	2274	3020	2663	4152	3738	3302	3576	3370	3879	3189	3093
LOC410278	344	618	647	1074	1186	1030	1229	1348	1393	1091	1300
LOC408324	3008	3317	3267	4955	4611	3894	4338	4715	4732	4299	3810
Cdk5	280	423	437	708	560	427	561	583	577	536	496
LOC726294	543	556	404	604	579	469	595	606	576	529	388
LOC408327	1732	1915	1715	2414	2523	2024	2392	2502	2271	2384	2051
Syx1A	6124	6464	6592	10165	9412	7245	10068	9601	9115	8413	8005
LOC410280	2230	2608	2475	3911	3309	2731	2992	3218	3457	3054	3064
LOC408328	2873	3164	3284	4935	4114	3134	3593	4199	4393	3808	3478
LOC100576279	1754	1493	1267	1862	2297	1839	2653	2396	2241	2196	1912
LOC408329	2605	3005	2836	4400	4064	3748	4480	3726	4419	3681	3463
LOC410282	125	124	121	87	118	73	129	89	125	91	77
LOC410283	546	509	456	707	614	511	506	611	551	621	497
LOC726486	415	492	477	737	603	514	545	627	656	622	531
LOC408331	3552	8574	7383	12448	9274	8759	14065	10960	11282	9330	8733
LOC113219091	44	92	105	193	80	94	124	110	144	70	84
LOC551624	611	601	741	1173	895	733	883	940	954	736	854
LOC100576660	840	894	859	1222	1008	968	1097	1004	1022	978	932
LOC410286	3214	3978	3264	5265	4666	3759	5097	4631	4843	4704	3896
LOC408332	438	642	720	1201	863	699	964	906	967	894	849
LOC726455	316	402	291	415	356	276	390	344	331	351	286
LOC107965146	501	441	409	471	464	392	505	497	464	530	442
LOC408333	482	1748	1616	3231	2232	1982	2880	2740	3057	2313	2291
LOC726508	651	983	946	1527	1116	1014	1281	1196	1249	1155	1073
LOC100576761	474	707	603	813	584	471	753	671	573	727	577
LOC551500	414	728	762	1259	951	814	1036	1046	964	839	848
LOC408335	2085	3691	3394	5767	4395	3754	5534	4992	5758	4671	4233
LOC102655004	13	16	18	23	24	13	16	39	18	14	19
LOC551454	10	24	31	84	18	30	33	29	40	12	23
LOC102654368	0	0	0	0	0	0	0	0	0	0	0
LOC100578173	68	67	46	80	87	54	82	71	143	76	94
LOC410353	6739	5347	6298	8139	7433	5902	7447	6435	7182	6906	6648
LOC727110	67	86	124	164	54	49	40	53	140	70	73
LOC107965803	3	2	0	1	2	0	0	0	3	2	2
LOC413210	88	104	87	92	101	92	95	116	94	74	69
SIFR	933	830	901	1293	1184	973	1247	1083	1289	1081	982
LOC113219165	2	2	0	2	0	1	3	3	0	1	0
LOC102654686	6	8	14	14	8	17	8	21	5	9	7
LOC107965367	11	14	17	17	20	33	33	31	20	13	13
LOC100577755	293	317	337	501	487	416	376	441	603	456	410
LOC100576282	97	144	117	199	182	189	216	170	184	169	161
LOC100576246	182	210	239	309	353	350	255	341	321	296	290
LOC100576212	449	385	486	745	735	660	539	605	761	546	487
LOC100577024	291	343	255	485	420	406	423	454	492	399	369
LOC102656838	162	146	158	186	214	183	208	136	195	200	182
LOC102654183	45	38	18	50	59	47	46	50	55	67	51
LOC100576940	177	168	182	221	263	231	245	183	295	242	185
LOC724911	390	458	442	681	563	608	484	502	645	528	510
LOC113219164	36	61	33	61	68	72	75	78	64	62	68
LOC725052	100	116	130	220	199	181	151	118	223	167	165
LOC409881	4837	4738	4484	5294	4942	4052	3735	4339	6197	4823	3632
LOC413369	65	87	104	117	77	83	78	98	111	96	97
LOC552156	520	603	631	1013	818	638	801	811	919	726	743
LOC412351	295	390	407	625	458	516	429	477	560	454	523
LOC552108	176	237	285	431	303	303	307	365	484	388	324
LOC552084	69	116	107	218	140	115	148	147	187	116	155
LOC724712	105	117	137	206	164	118	115	200	181	151	144
LOC411789	3225	3386	3214	5049	4440	3487	3974	4625	4593	4199	3998
LOC413539	961	1486	1411	2248	1778	1502	1712	2076	2257	1950	1767
LOC409955	819	791	741	1284	1080	874	862	1018	1110	1022	845
LOC100577737	65	70	84	143	127	77	98	105	107	84	94
LOC107965385	0	0	0	0	0	0	0	0	0	0	0
LOC102656170	32	28	31	11	28	22	42	26	19	21	28
LOC725246	203	301	310	530	342	260	439	400	375	307	301
LOC102656061	1	7	15	10	10	5	11	12	8	11	7
LOC107965339	8	10	6	5	4	12	11	5	8	4	10
LOC107965338	60	57	39	61	42	42	56	50	47	60	57
LOC409954	9489	8188	7636	10725	10562	7727	8751	10290	10005	9873	8232
LOC725196	1	3	3	6	5	2	1	0	0	4	1
LOC107965340	12	5	8	14	5	8	15	6	15	2	19
LOC551490	514	349	381	416	402	289	526	296	432	389	350
LOC725498	78	117	102	123	101	67	156	114	88	90	70
LOC102655718	12	4	12	7	4	7	5	9	6	18	8
LOC100577487	0	4	5	4	2	0	5	13	2	2	1
LOC113219148	8	0	5	0	0	3	0	0	2	4	0
LOC100576488	12	1	7	3	1	2	5	7	10	2	1
LOC413064	66	88	90	131	110	84	76	103	128	96	80
LOC100576458	26	28	26	51	38	15	18	18	30	29	22
LOC100576428	152	97	176	160	159	103	173	127	131	127	95
LOC113219156	314	180	206	277	367	260	293	209	297	314	269
LOC412797	2	0	3	5	3	3	4	1	6	6	4
LOC551248	44	74	70	159	82	67	58	79	120	88	113
LOC409959	598	611	650	940	794	626	755	813	769	744	601
LOC409539	103	334	273	530	405	298	381	377	424	345	376
Mir3774	0	0	0	0	0	0	0	0	0	0	0
LOC410058	3219	3696	3500	4821	5529	4047	3727	5243	5598	4505	3721
LOC100577908	16	22	21	23	38	23	32	22	21	12	20
LOC102654436	42	74	70	73	73	39	83	77	37	52	59
LOC726032	318	211	217	154	204	166	343	206	182	160	165
LOC410149	24	56	100	54	19	10	14	18	20	19	16
LOC410148	454	447	467	748	649	479	618	682	652	620	538
LOC100577596	0	0	3	0	0	0	0	4	1	1	0
LOC100577559	0	3	10	9	3	0	4	0	9	3	6
LOC107965377	14	13	26	31	12	14	26	19	27	24	11
LOC408372	410	467	531	743	637	557	734	615	680	522	589
LOC107965325	0	1	3	3	0	0	0	2	1	1	1
LOC113219149	383	233	286	255	361	200	367	245	212	222	199
LOC408371	264	288	304	555	420	325	358	456	386	390	412
LOC550854	101	128	136	156	120	114	134	183	168	167	145
LOC410355	209	272	317	515	366	370	363	378	409	415	361
LOC408370	299	345	324	525	507	369	417	428	370	488	351
LOC410354	126	215	208	344	244	249	266	255	259	230	228
LOC102654078	21	20	19	15	31	18	17	8	12	17	11
LOC726039	129	168	203	340	258	283	217	214	470	217	258
LOC724242	996	871	1028	1472	1166	793	1071	1081	1309	1031	940
LOC102654437	24	10	10	11	4	3	12	7	12	6	7
LOC102654409	3	1	5	2	1	2	4	1	0	4	0
LOC107965348	3	7	2	1	1	3	0	1	0	0	8
LOC107965349	0	1	0	1	1	0	0	0	0	2	0
LOC724291	12	15	20	13	16	11	13	14	18	22	4
TRNAS-GCU_3	28	22	16	21	12	15	6	38	25	21	23
LOC412148	325	381	321	500	392	356	403	506	454	434	423
TRNAH-GUG_2	2	3	0	1	3	3	0	2	1	3	2
LOC100577202	404	322	374	442	438	370	358	415	483	460	368
LOC727473	190	195	217	337	282	209	301	230	289	264	280
TRNAP-CGG_1	0	0	0	0	0	0	0	0	0	0	0
LOC411813	2493	2787	2864	4576	3391	2859	3252	3693	3565	3381	3316
LOC411812	1393	2666	2420	4018	3751	2818	3569	3757	3820	3491	2932
LOC107965350	21	35	34	43	53	28	25	42	55	38	32
Mir9891	16	9	18	30	30	27	21	19	11	23	11
LOC727130	143	156	112	136	123	126	139	124	93	120	98
LOC413709	88	223	246	398	295	234	241	296	435	288	288
LOC107965368	4	4	9	4	6	5	21	16	13	9	18
LOC551200	173	252	214	271	229	208	239	252	270	277	171
LOC727237	622	790	730	1198	1136	969	961	1002	1274	958	897
LOC552488	1003	1192	1217	1912	1618	1164	1417	1541	1790	1439	1418
LOC412452	352	594	529	830	733	599	651	829	676	640	651
LOC100576840	114	150	143	214	203	147	167	165	170	179	121
LOC726193	0	0	1	2	1	0	0	0	0	0	0
LOC726929	1	1	2	6	0	1	4	2	0	0	0
LOC409892	443	715	747	1229	910	737	903	969	1125	787	828
LOC551963	322	327	465	576	496	393	515	561	548	520	434
LOC413398	375	393	372	524	540	411	410	546	398	475	424
LOC412735	8	34	45	94	105	79	52	85	121	103	103
LOC100578660	668	834	826	1400	1108	981	1101	1237	1386	1133	1099
LOC100578805	400	367	430	587	456	417	510	413	556	463	455
LOC724407	1400	1194	1147	1996	1701	1264	1498	1763	1741	1855	1421
LOC551549	638	928	827	1616	1234	1067	1139	1224	1466	1120	1162
LOC411538	589	799	756	1284	1194	888	1111	1126	1116	1064	917
LOC550829	44	233	240	638	316	251	354	403	627	337	427
LOC412065	148	205	245	385	288	285	302	372	339	279	314
LOC551103	1483	1581	1596	2644	2322	1713	1882	2234	2365	2201	2041
LOC552534	1393	1381	1327	2079	1654	1349	1540	1530	1683	1458	1433
LOC411807	163	271	285	403	323	236	355	407	400	384	350
LOC413553	19	23	41	52	76	74	52	46	60	69	126
LOC409285	1172	1273	1507	2449	1651	1441	1602	1700	2200	1778	1875
LOC551094	701	840	814	1613	1145	912	863	1010	1333	1464	956
LOC409540	42	85	93	186	163	115	95	157	206	149	168
LOC727106	901	1497	1381	2257	2069	1659	1979	2263	2136	1800	1890
LOC413947	1950	3594	2875	4848	3999	3416	4189	4360	4667	4049	3604
LOC552642	358	486	531	679	578	499	569	568	703	597	506
LOC412399	140	210	233	348	226	220	273	289	329	256	258
LOC409554	174	275	372	635	426	369	379	469	694	414	500
LOC100576919	51	80	63	110	81	49	92	97	93	101	76
LOC551240	354	402	409	585	471	354	417	478	379	458	381
LOC551201	1438	1373	1494	2027	1802	1444	1669	1885	1875	1826	1616
LOC100576951	74	104	110	194	138	102	108	122	150	112	149
LOC725268	368	488	445	679	649	525	546	623	621	642	563
LOC113219173	0	0	0	0	0	1	0	1	2	0	0
LOC113219168	0	0	0	0	0	0	0	0	0	0	0
LOC113219177	0	0	0	0	0	0	0	0	0	0	0
LOC113219179	0	0	0	0	0	0	0	0	0	0	0
LOC113219180	0	0	0	0	0	0	0	0	0	0	0
LOC113219172	0	0	0	0	0	0	0	0	0	0	0
LOC113219181	0	0	0	0	0	0	0	0	0	0	0
LOC113219169	0	0	0	0	0	0	1	0	0	0	0
LOC113219170	0	0	0	0	0	1	0	0	0	1	0
LOC113219174	5	3	1	1	0	0	2	1	2	1	5
LOC113219171	3	0	0	0	0	0	0	0	0	0	0
LOC100578102	532	814	793	1370	1115	904	1095	1070	1295	1044	996
LOC100576302	24	31	21	16	22	9	29	9	9	13	20
LOC551759	159	164	145	253	177	175	192	229	200	202	186
LOC409915	185	410	410	805	663	500	650	708	745	549	619
LOC724999	902	1036	926	1359	1200	996	1178	1189	1238	1195	1051
LOC551677	66	87	106	190	125	93	118	122	216	89	124
LOC724912	843	950	1099	1538	1302	1079	1177	1332	1513	1309	1208
LOC413450	353	489	494	732	578	504	626	645	661	596	532
LOC724843	65	106	104	191	157	126	87	136	271	174	134
LOC102654184	114	130	97	106	141	130	163	185	192	171	131
Fibroin1	21	6	10	10	4	11	13	14	20	14	19
Fibroin2	7	4	5	7	8	2	8	9	10	5	0
Fibroin3	2	7	10	1	5	4	4	2	0	3	2
Fibroin4	43	37	25	36	48	16	30	26	44	31	36
LOC411622	360	508	483	792	622	653	527	532	736	480	590
LOC107965384	5	1	5	3	7	3	3	3	5	3	3
LOC551350	1591	1815	1648	2564	2227	1917	2165	2092	2406	2320	1894
LOC409098	418	493	411	714	547	471	500	540	566	548	581
LOC412260	292	321	341	515	406	362	421	386	470	391	351
LOC113219147	0	0	0	1	1	0	0	0	4	0	3
LOC409145	102	192	174	263	210	153	160	207	217	171	176
LOC551198	28	30	28	65	57	37	20	64	55	45	45
LOC412744	121	210	213	286	209	154	238	203	286	227	217
LOC724988	164	178	155	164	143	106	158	187	157	180	120
LOC113219175	0	0	0	0	0	0	0	0	0	0	0
LOC724943	708	913	969	1355	1087	843	919	1224	1285	1132	1018
LOC725156	1030	1352	1287	1994	1754	1456	1566	1761	2014	1928	1639
LOC725197	68	81	84	144	125	103	92	125	197	130	85
LOC411488	135	306	228	458	307	220	313	332	445	338	316
LOC551163	0	0	0	0	0	0	0	0	0	0	0
BBIP1	0	0	0	0	0	0	0	0	0	0	0
LOC409439	1494	2373	2334	4134	3132	2990	3572	3646	3929	3564	3217
LOC113219163	28	35	12	38	21	33	13	12	20	20	17
LOC100576543	143	150	192	245	189	156	180	228	265	202	189
LOC412878	604	415	654	767	555	470	727	619	707	536	611
Mir3776	3	2	10	0	4	0	3	0	1	1	4
LOC725541	236	304	323	444	388	369	440	504	464	367	463
LOC412741	515	772	768	1093	778	771	784	954	1148	855	872
LOC725617	355	489	400	675	464	462	584	523	611	514	440
LOC102655041	6	4	3	7	4	2	13	8	4	1	3
LOC100576513	0	4	3	4	1	2	7	4	7	0	3
LOC113219154	0	0	0	0	1	0	0	3	0	0	1
LOC113219153	3	6	9	4	0	3	4	1	1	2	2
Mir3777	4	1	3	0	0	0	2	0	0	0	0
LOC107965378	2	2	0	1	3	1	6	1	3	6	2
LOC113219176	0	0	0	0	0	1	3	0	0	0	0
LOC113219152	51	23	44	30	60	29	42	15	32	12	31
LOC413125	214	103	170	159	122	142	208	111	165	114	197
LOC113219167	12	8	17	14	8	7	12	8	7	9	13
LOC113219159	90	98	108	158	134	131	191	132	162	154	107
LOC102653810	129	140	174	256	245	216	250	213	264	225	186
Or107	148	128	176	230	250	182	224	209	269	190	222
LOC102653716	144	163	159	250	272	256	225	219	293	223	215
Or109	633	691	711	1272	1309	1182	941	1069	1457	975	956
LOC102653865	101	143	182	186	204	191	178	174	202	258	185
LOC409778	1430	1841	1769	3088	2827	2154	3011	2639	2920	2472	2494
Fstl5	578	671	696	1204	993	739	855	874	1096	802	788
LOC102654211	27	11	18	17	26	15	27	12	19	23	13
LOC100578562	20	12	17	18	9	4	25	13	8	4	2
LOC413123	285	485	426	922	665	544	795	770	882	679	712
LOC412731	224	345	348	515	476	384	404	399	567	472	390
LOC727561	404	600	523	930	755	631	721	758	977	778	703
LOC552268	259	219	258	363	286	228	345	253	297	339	222
LOC552247	1511	2261	2139	3026	2724	2334	2783	2873	2889	2848	2819
Cryl1	2102	1713	1557	2006	2168	1704	1978	2338	1918	2208	2025
LOC724142	1389	1697	1534	2220	2011	1578	1663	2203	1776	2121	1683
LOC113219178	0	0	0	0	0	0	0	0	0	0	0
LOC413660	342	651	744	964	781	753	805	894	910	854	787
LOC113219158	8	18	10	7	6	8	4	8	5	6	14
LOC408373	327	654	619	1114	854	676	890	907	1082	907	892
LOC410357	155	230	220	370	327	206	295	277	301	280	273
LOC102654806	3	1	0	1	1	2	1	2	1	0	0
LOC408374	432	491	488	732	643	552	811	597	768	602	581
LOC724292	5356	5932	5574	9925	9087	7318	8542	8304	9750	7487	7506
LOC102655405	38	42	74	67	58	36	76	64	47	47	57
LOC107965307	2	2	6	2	6	9	3	2	3	2	5
LOC107965308	16	17	42	17	25	15	19	27	21	15	18
LOC113219160	1	13	11	18	24	18	16	15	36	22	14
LOC102655123	11	25	29	20	19	6	7	9	9	16	14
LOC113219161	54	39	35	65	84	30	51	39	30	26	39
LOC113218527	23	33	18	33	18	16	26	36	36	34	24
LOC113219162	59	39	82	42	29	37	52	34	34	25	34
LOC100578829	4	5	17	8	4	5	1	1	2	2	6
LOC102655631	13	10	23	11	6	3	22	18	3	7	5
LOC551426	333	337	360	524	421	343	380	422	496	423	382
LOC410361	133	253	231	491	344	237	296	330	414	350	334
LOC409108	1438	1432	1564	2148	2208	1725	2258	1834	2250	2001	1977
LOC724418	485	630	633	998	1350	703	784	952	837	904	858
LOC551590	650	596	624	769	772	657	735	646	739	720	632
LOC100576373	616	672	751	1003	792	726	755	757	890	837	752
LOC102656016	3	1	8	8	3	2	9	4	6	0	0
LOC102656043	18	3	13	5	5	3	15	10	4	8	7
LOC102656160	8	7	3	0	8	8	7	1	0	1	4
LOC113219155	36	16	22	21	20	13	23	22	14	11	23
LOC100576546	39	42	63	16	31	28	42	53	33	37	26
LOC100576689	0	1	2	2	0	2	0	1	1	0	0
LOC410362	156	182	204	295	285	235	285	246	232	213	217
LOC113219145	0	1	2	5	1	0	3	2	0	0	1
LOC107965387	14	9	12	12	7	9	5	4	9	3	3
LOC102656410	0	2	0	2	6	0	2	6	3	2	0
LOC100576769	1	0	0	0	0	0	0	0	0	0	0
Mcdp	0	0	0	0	0	0	0	0	0	0	0
Apamin	0	0	0	0	0	0	0	0	0	0	0
LOC410363	2997	2652	2584	3971	3431	2633	4275	3514	3560	2992	2920
LOC100576903	28	25	19	12	12	12	37	17	18	24	32
LOC551737	8549	5628	7371	10516	11570	6250	9265	8629	10213	8334	8546
LOC100576956	396	492	516	722	505	487	552	582	685	551	523
LOC107965335	4	5	7	5	6	10	3	9	8	7	5
LOC107965336	19	4	12	8	9	7	12	11	19	13	11
LOC551765	551	1347	1204	2059	1601	1640	1785	1660	2248	1694	1721
LOC410365	115	133	95	118	148	121	219	159	140	127	107
LOC107965375	112	47	91	66	118	53	134	53	46	64	91
TpnCIIIa	9393	7753	7569	9380	13266	10578	10102	14105	13041	11746	10065
TpnCIIIb	94	107	103	154	114	85	139	150	122	100	110
LOC100578238	1066	1861	1700	2580	3000	2360	3676	2806	2860	2543	2144
Obp12	1102	1392	1340	1551	1952	1542	1826	1347	1583	1580	1201
LOC102653922	37	58	76	89	74	62	76	130	96	99	61
LOC551869	43	76	67	77	61	67	118	100	104	98	68
LOC725085	60	35	31	22	41	22	65	27	29	33	28
LOC410368	32	25	60	50	22	15	34	42	27	31	41
LOC100578276	10	8	9	2	2	4	1	1	2	5	1
LOC102655710	30	48	72	22	21	35	44	16	19	38	40
LOC725309	312	411	359	480	141	134	218	157	270	251	222
LOC100577359	14	5	12	2	3	2	1	11	3	3	3
LOC100577381	0	2	1	1	0	0	0	2	0	0	4
LOC725353	4	15	28	9	12	11	17	7	9	9	13
LOC410369	2158	3326	2996	5056	4755	3788	5507	5048	5658	4989	4377
LOC102654911	217	172	177	211	187	115	223	179	177	235	151
LOC552070	170	204	190	275	242	173	198	222	309	214	191
LOC412635	20	41	64	65	44	40	67	62	90	60	35
LOC552121	73	136	121	213	168	163	133	175	233	177	157
LOC409208	434	491	438	694	586	562	628	597	698	611	547
LOC552170	190	301	278	477	370	304	337	324	410	389	347
LOC412326	137	223	245	413	268	212	199	309	394	263	282
LOC100578473	195	199	207	279	222	169	194	217	210	219	202
LOC725690	15	40	44	43	35	24	28	33	65	39	32
Tspan6	4325	5681	5746	9282	8017	6516	6524	6438	8639	6944	6467
LOC409783	522	812	707	1003	907	775	932	1010	1180	918	910
Mir3779	0	0	0	0	0	0	0	0	0	0	1
TRNAV-UAC_2	121	76	89	106	67	73	85	101	93	101	109
LOC413222	1175	1360	1419	2194	1900	1612	1631	2000	2139	1908	1892
LOC100576227	158	247	265	343	236	216	238	229	269	262	216
LOC100576266	242	304	338	511	344	351	365	401	373	354	437
LOC724710	50	110	117	221	153	151	137	171	216	157	182
LOC412460	233	274	309	621	408	393	375	493	589	393	478
LOC100578526	274	287	327	499	383	280	362	350	327	327	351
LOC412611	431	531	521	799	644	524	611	621	786	669	641
LOC724203	254	333	324	486	376	317	337	413	407	372	354
LOC552329	50	98	90	219	131	116	112	138	224	128	118
LOC552347	169	373	378	589	431	309	413	457	497	397	436
LOC409041	52	68	62	126	114	62	70	128	136	95	123
LOC100578502	16	13	21	28	14	9	11	16	19	16	17
LOC102655824	7	8	18	9	12	12	29	3	9	18	4
LOC411378	2124	1993	1999	3103	2381	1894	2010	2416	2594	2418	1940
LOC412157	122	333	361	542	468	335	404	462	749	431	502
LOC412630	363	633	854	1419	1511	930	1339	1469	1585	1491	1234
LOC551608	245	275	302	526	415	340	357	466	513	395	398
LOC413842	1194	1067	947	1432	1391	1038	1219	1420	1345	1305	1163
LOC100578927	679	922	942	1330	1174	966	1120	1215	1237	1083	1127
LOC107965363	0	3	2	13	5	10	5	9	7	4	6
LOC551695	433	355	327	458	383	339	378	405	446	405	393
LOC413840	516	650	792	1150	1010	854	1045	993	1154	1066	937
LOC551753	259	293	265	458	348	313	272	343	394	330	371
LOC102656473	94	137	126	250	208	147	158	199	225	182	174
LOC102656387	16	7	9	7	6	8	9	6	14	13	5
LOC727050	260	220	200	370	295	175	306	258	336	264	230
LOC412309	35	115	109	155	138	74	109	120	193	93	148
LOC551857	572	564	645	1105	853	669	814	869	1076	822	784
LOC727496	518	745	679	1163	936	834	896	932	1176	1068	889
LOC100578628	193	183	192	237	163	152	168	150	188	195	156
LOC727490	421	418	350	598	475	412	510	504	531	482	468
LOC409168	1159	1379	1283	1970	1721	1514	1580	1861	1890	1601	1512
LOC411699	556	691	679	1022	887	751	907	994	1049	943	846
LOC552286	523	761	809	1606	1161	942	1237	1374	1436	1148	1084
LOC552265	790	652	689	1021	821	767	925	896	830	801	876
LOC724801	6	7	17	3	2	13	13	6	6	11	4
LOC724772	4	5	13	10	13	12	10	18	6	7	10
LOC724727	1340	1148	1437	1888	2223	1373	1897	1742	1822	1863	1715
LOC107965360	0	0	1	3	6	1	3	3	0	3	2
LOC552178	73	145	194	310	287	173	222	298	329	212	201
LOC724642	378	444	422	625	442	435	568	682	595	702	480
LOC413297	40	56	65	121	88	71	67	95	138	83	86
LOC413296	9592	10424	9881	14160	12619	9633	11352	13046	10805	12062	9923
LOC552110	3136	3744	3636	6561	7330	5211	6773	7665	7142	6876	6083
LOC725187	666	865	955	1491	1179	1000	1054	1295	1581	1183	1193
FAR1	179	155	169	212	168	121	221	213	201	161	180
LOC411361	471	871	876	1357	1046	926	916	1051	1432	1011	934
LOC100576619	31	98	96	210	164	142	106	98	160	95	93
LOC412742	393	499	566	1015	772	625	669	743	813	633	641
LOC725157	861	1094	1122	1950	1669	1437	1336	1436	1941	1411	1391
LOC552725	159	279	236	323	327	335	336	367	487	393	361
LOC100578814	892	1005	1055	1707	1597	1307	1297	1420	1666	1354	1227
LOC102654968	23	17	23	28	46	16	34	22	21	30	25
LOC102654936	6	4	1	7	7	5	15	10	1	5	8
LOC552718	1533	2005	1792	3039	2810	2391	2785	2776	3107	2554	2256
LOC552711	754	1313	1230	2534	1755	1539	1809	1934	2571	1535	1606
LOC414035	1769	1675	1480	2245	1764	1627	1913	1850	2186	1989	1783
LOC410167	1431	1531	1477	1843	2079	1400	2024	1977	1828	2000	1592
LOC552694	531	478	414	518	572	476	591	555	591	587	589
LOC410166	166	303	420	640	436	375	463	528	651	428	523
LOC410370	723	642	574	737	2140	1486	1122	1683	1458	1360	1136
LOC410371	3524	3599	3876	7146	7468	5188	5628	6679	8097	5657	4791
LOC551033	263	337	318	463	382	351	417	414	446	395	313
LOC725500	49	35	62	52	59	35	54	52	58	29	45
LOC102655922	7	4	6	2	2	2	2	0	9	3	2
LOC408381	136	156	245	324	272	192	249	232	212	189	201
LOC410373	99	223	349	715	420	317	351	389	637	304	418
LOC725656	411	539	589	758	635	614	655	677	672	673	632
LOC409483	9	59	52	110	59	60	53	65	100	50	54
LOC551284	333	486	513	856	648	527	649	698	780	629	680
LOC551325	1218	2140	2242	3854	2941	2212	2377	2847	3427	2573	2557
LOC412862	314	371	338	524	621	478	393	478	567	400	432
LOC725783	3	3	4	10	7	6	5	8	4	0	2
LOC551427	455	459	438	683	571	464	507	504	630	506	443
LOC725855	132	179	211	301	233	199	176	266	252	257	211
LOC410042	80	156	140	261	129	152	192	250	250	151	187
LOC551474	151	150	156	249	231	165	215	197	256	204	218
LOC100577913	348	353	391	551	834	593	630	658	588	598	531
LOC107965323	275	292	333	505	364	342	332	374	444	379	408
LOC726065	1993	2397	2470	3680	2881	2525	3241	2885	3610	2862	2795
LOC413732	393	547	602	935	729	673	642	786	962	734	772
LOC551591	201	328	348	429	319	270	337	390	403	367	359
LOC102653773	371	392	358	530	424	463	502	566	635	528	497
LOC551884	3225	4608	4080	5931	5311	4853	6121	5625	6203	6004	4675
LOC551859	577	1437	1558	3900	2396	1849	2013	2430	3218	1802	2291
LOC107965322	608	604	540	755	645	527	617	691	684	693	570
LOC411510	433	366	367	602	533	423	457	473	488	499	477
LOC552699	1763	1742	1919	2472	2406	2018	2104	2390	2701	2319	2189
LOC552705	316	401	335	438	405	339	421	422	444	436	382
LOC411509	258	319	266	392	314	311	350	358	374	404	281
LOC411508	162	255	251	442	347	324	308	384	405	368	310
LOC409247	343	370	352	486	370	348	391	417	422	410	311
LOC100578209	144	183	218	357	258	201	285	284	323	241	270
LOC551410	567	626	651	980	801	709	706	830	894	828	736
LOC412884	120	367	389	718	577	483	465	630	882	590	635
LOC409342	435	428	397	534	494	379	404	495	460	406	397
LOC412085	201	222	261	387	294	260	283	304	352	272	288
LOC552742	477	838	801	1262	958	908	941	959	1463	1082	1033
LOC413714	385	377	348	549	462	378	392	483	457	451	396
LOC726433	974	1504	1496	2204	1908	1735	2115	1767	2356	1985	1614
LOC726471	104	107	120	166	128	126	89	148	145	137	115
LOC552765	211	348	387	619	461	368	402	562	662	414	498
LOC727612	274	289	289	432	364	250	329	316	351	342	300
LOC107965310	135	105	87	150	121	103	111	119	120	155	105
LOC551625	152	184	161	259	196	186	157	185	269	166	189
LOC726524	793	2810	2943	5529	3468	3236	4868	4465	5408	4138	3943
Mir965	0	0	0	0	0	0	0	0	0	0	0
LOC411852	1203	1004	1097	1450	1279	1016	1228	1218	1257	1283	1038
LOC100577673	1159	873	950	1446	1375	924	1105	1059	1158	1165	1012
LOC551738	229	303	294	477	325	311	330	360	410	385	319
LOC726580	479	591	525	579	612	538	597	630	734	649	558
LOC107965359	16	12	13	8	5	24	32	22	12	5	27
LOC408390	72	161	197	273	163	161	202	238	209	183	229
TRNAR-UCG_2	1	0	1	0	0	2	1	0	0	0	0
TRNAL-CAA_1	0	0	0	0	0	0	0	0	0	0	0
LOC410388	778	867	792	1134	907	692	805	871	903	837	773
LOC107965316	3	2	5	0	4	4	2	2	3	1	3
LOC551870	2925	2645	2350	3453	3112	2112	2226	3209	2283	3139	2161
LOC410387	218	346	312	537	391	322	339	384	502	408	350
LOC551913	1701	1722	1972	2916	2804	2130	2418	2687	2761	2645	2252
LOC726709	497	712	617	719	609	628	894	666	763	637	642
LOC113219166	53	51	56	69	59	61	87	55	38	66	72
LOC102653706	1	13	19	17	12	3	27	9	9	2	7
LOC107965355	10	9	3	5	5	11	16	1	7	5	5
LOC408388	9505	10029	9123	14097	13200	10953	11493	11778	12910	11108	10798
LOC102656500	87	98	88	139	89	125	93	121	115	106	60
LOC410386	112	93	114	131	101	80	98	96	121	75	80
LOC410385	828	1017	1025	1696	1418	943	1332	1398	1389	1238	1233
LOC100578613	11	14	5	27	10	9	11	16	20	13	7
LOC107965314	65	94	86	110	74	82	67	141	113	98	88
LOC726758	49	53	82	35	55	44	65	73	41	64	65
LOC100578548	3	3	8	6	3	8	6	8	16	3	0
LOC726782	437	474	466	665	609	478	590	621	620	556	565
LOC726789	5460	5282	4585	5823	5836	4138	4908	6094	4631	5821	4184
LOC113219150	2	3	2	2	3	0	3	0	0	1	0
LOC726802	69	88	63	80	75	71	75	97	101	83	85
LOC412570	31	17	27	35	16	17	26	17	23	12	20
LOC552190	862	1146	829	1417	763	768	879	887	859	801	875
LOC102654867	46	48	52	38	46	31	68	35	35	25	53
LOC113219151	28	15	28	15	35	14	23	16	8	18	14
LOC100576825	83	50	67	55	65	50	117	70	46	34	55
LOC410019	620	1043	1016	1676	1418	1145	1471	1516	1842	1430	1297
LOC100576774	393	437	458	606	458	424	499	494	601	550	458
LOC552317	111	251	219	323	275	241	317	294	380	334	255
LOC412788	202	267	309	517	817	609	758	887	889	818	727
LOC100576705	5	4	5	1	2	2	8	13	2	2	2
LOC102655436	338	227	260	238	308	233	317	256	252	265	206
LOC724243	3193	2510	2771	4398	3770	2663	3830	2913	3956	3304	3038
LOC100578367	21	25	26	36	56	41	35	40	55	39	48
LOC410390	287	382	324	414	377	302	439	375	386	360	334
LOC113219157	32	21	36	24	19	11	35	14	30	14	31
LOC552397	978	680	748	1001	1094	748	1247	1013	1059	964	876
LOC107963967	5	5	4	9	3	4	9	6	7	3	4
LOC100578329	332	395	401	606	785	707	643	580	1021	785	598
LOC724959	227	470	427	819	566	491	554	532	724	624	557
LOC724913	150	235	208	310	252	240	237	251	363	253	241
LOC724802	258	325	303	422	364	291	311	322	333	414	256
LOC413224	168	263	250	291	256	254	340	285	315	215	269
LOC552755	621	637	607	841	849	581	683	770	708	763	628
LOC413223	453	810	813	1414	1006	868	1215	1274	1336	1065	1132
LOC409831	2418	2466	2312	3288	3333	2433	2593	3243	2927	3058	2445
LOC724546	226	309	324	421	430	308	249	378	457	389	333
Per	225	294	306	504	383	272	350	321	525	407	384
LOC412116	484	455	439	636	562	485	473	652	583	563	502
LOC552712	1410	2138	1803	3261	2678	1924	2466	2778	2754	2642	2145
LOC551034	29	93	73	143	120	88	81	113	189	139	92
LOC410059	3951	4139	3515	5713	5738	4475	5103	4962	6543	5847	4533
LOC100578936	210	162	183	251	228	168	189	211	221	275	212
LOC725086	705	770	840	1178	926	794	909	1004	1055	1009	877
LOC102654012	222	270	241	373	313	268	265	276	332	323	302
LOC413753	40	185	181	422	227	214	219	317	453	202	252
LOC408392	334	435	431	844	603	517	528	625	739	489	562
LOC102653958	3	10	17	26	27	12	24	21	15	22	11
LOC102656885	21	55	37	60	46	43	79	45	47	52	59
LOC408393	1560	1296	1463	2084	1709	1288	1852	1543	1711	1422	1493
Mir3780	0	0	0	0	0	0	0	0	0	0	1
LOC100576630	0	5	7	1	0	3	13	2	0	0	2
LOC410393	98	77	109	85	76	74	122	64	86	77	48
LOC100576484	13	5	22	57	17	27	25	34	27	18	30
LOC410394	51	138	133	261	186	138	173	215	297	184	216
LOC412564	361	582	555	1037	955	699	650	884	1073	803	784
LOC725465	210	234	194	354	278	260	280	250	327	313	244
LOC100576422	315	473	414	615	523	425	477	525	499	517	423
LOC412180	130	203	212	336	209	212	194	240	305	248	234
LOC409379	938	1221	1121	1847	1532	1162	1466	1719	1757	1490	1331
LOC725618	230	415	456	682	543	467	523	648	688	635	554
LOC100578014	464	509	503	728	699	531	547	672	727	691	582
LOC410395	277	416	357	599	463	347	415	524	527	419	428
LOC410396	268	417	448	837	691	592	463	547	991	575	584
LOC725642	309	378	348	547	394	397	396	530	459	489	399
LOC408394	47	113	88	114	74	55	161	120	104	131	95
TRNAV-UAC_3	0	0	5	0	0	0	3	0	0	0	5
LOC551649	134	101	120	129	138	120	114	106	136	128	121
LOC410398	2099	1029	1112	1721	1614	1008	1754	1624	1639	1381	1465
LOC107965318	29	16	22	42	34	24	43	39	26	28	27
LOC113219146	8	0	10	3	1	1	2	1	3	5	1
LOC107965317	544	579	561	527	808	600	870	669	516	738	602
LOC408395	12713	14500	15412	23299	22007	17846	23147	21982	24263	22929	18617
LOC100578818	1246	1157	1113	1677	1585	1225	1436	1320	1373	1429	1210
LOC102654992	45	26	26	10	24	12	44	21	20	25	17
LOC102655102	113	52	90	94	81	105	84	83	95	77	72
LOC102654959	264	225	284	405	415	259	396	389	329	287	258
CYP6AQ1	221344	264226	226427	342999	320543	280495	371395	333537	333242	332459	260021
LOC410379	676	735	685	1051	1027	751	1030	977	1046	875	820
LOC408384	176	213	228	357	257	218	282	258	256	238	236
LOC410380	1503	2625	2595	5490	4171	3453	4104	4158	4957	3571	3609
LOC726092	265	241	222	410	347	317	391	319	432	294	383
LOC100577829	325	294	272	402	407	317	348	386	407	396	296
Mir9867	3	0	1	10	1	1	2	2	5	2	1
LOC410381	7	39	21	75	39	35	34	38	31	39	43
Ef-1a-f1	1454	3357	3828	6148	4912	4371	4283	4538	5795	3856	3817
LOC726204	511	794	701	1231	1258	1058	1228	1110	1468	1037	1277
LOC107965353	80	57	41	47	60	45	47	43	35	39	58
Mir3781	0	0	1	3	0	0	0	4	6	0	0
LOC410383	271	492	436	682	559	441	569	647	650	540	590
LOC408386	950	1073	1053	1626	1339	979	1050	1376	1326	1233	1229
LOC726247	160	148	123	125	197	153	223	127	127	118	95
TRNAS-UGA_1	0	0	1	0	0	0	1	0	0	0	0
LOC113219144	7	5	9	14	13	6	7	8	12	10	3
LOC408387	739	851	671	1078	928	766	1030	1060	875	960	761
LOC100578121	390	587	506	729	463	414	551	557	532	533	468
LOC409257	63	88	76	112	86	96	95	114	100	73	104
LOC102656601	0	3	2	1	2	2	1	1	1	3	2
LOC113219184	17	3	14	11	11	3	11	14	9	13	9
LOC107965783	13	21	20	17	17	6	18	20	20	22	22
LOC102654588	0	1	0	3	1	3	3	1	0	2	2
LOC727618	5	13	18	17	15	8	2	10	4	12	6
LOC551910	1	4	1	2	3	7	6	8	4	7	5
LOC726859	18	16	20	17	14	10	20	18	20	16	31
LOC107965814	122	169	154	224	132	117	137	194	186	154	170
LOC726969	1	2	5	6	1	4	2	1	6	7	7
LOC102654683	16	13	12	19	11	14	17	20	13	28	14
LOC551189	561	650	645	1054	815	760	744	800	1002	873	830
LOC725523	18	22	21	28	18	17	39	17	29	26	33
LOC107965826	21	25	30	42	35	26	40	28	53	48	36
LOC113219186	12	24	26	48	36	23	28	30	70	26	27
LOC551881	749	1182	1215	2024	1403	1303	1502	1598	1944	1542	1358
Mir3758	0	0	0	0	0	0	0	0	0	0	0
TRNAN-GUU_4	0	0	0	0	0	0	0	0	0	0	1
LOC113219204	0	0	1	0	0	0	1	0	0	0	0
TRNAN-GUU_5	0	0	0	0	0	0	0	0	0	0	0
LOC102653897	31	27	29	59	34	33	14	16	38	38	34
Or131	6	10	16	7	14	14	10	8	10	5	15
LOC102653615	8	12	14	16	22	21	13	12	8	17	19
LOC102653695	15	20	19	15	12	17	25	17	22	14	18
LOC102653652	13	2	5	3	4	6	8	7	11	1	3
LOC102653738	11	15	11	16	6	12	15	7	9	10	7
LOC102653778	3	3	4	3	12	12	3	5	5	4	6
LOC107965763	0	4	2	11	2	3	6	12	8	10	6
LOC102653814	49	64	131	175	74	75	42	77	64	99	13
LOC102653858	30	20	45	39	46	28	39	45	59	46	23
LOC102656271	58	58	54	79	105	68	110	102	96	54	50
LOC727578	638	819	783	1314	914	793	930	897	1230	1018	870
LOC726995	2	9	10	12	12	19	7	8	14	12	3
LOC552758	212	261	292	435	273	229	257	260	375	299	294
LOC727118	420	480	463	540	498	440	490	478	555	597	519
LOC551343	2246	2196	2078	3151	2733	2170	2357	2830	2748	2716	2381
LOC727392	5	14	5	19	4	4	9	5	7	3	5
LOC724624	408	588	513	756	831	608	609	614	795	768	545
LOC107965773	0	2	0	0	0	0	0	1	0	0	0
LOC412515	14	7	13	23	15	11	9	25	13	20	15
SP34	0	0	0	1	0	0	0	2	0	0	0
LOC552829	0	1	2	1	0	0	0	1	0	6	0
LOC727302	1	2	1	3	10	3	8	5	3	5	1
LOC724619	240	207	224	285	319	263	284	274	318	362	279
LOC102654099	2	0	4	1	5	0	5	0	2	1	8
LOC552030	12	28	37	70	42	39	48	43	45	44	83
LOC727025	599	451	365	495	425	294	302	519	361	549	313
LOC113219197	3	2	6	4	6	3	10	10	7	3	4
LOC102656149	3	0	2	0	0	4	2	0	0	0	0
LOC100577752	1	1	6	2	8	4	2	9	6	2	4
LOC413250	78	130	110	160	135	115	130	124	121	133	121
LOC727444	7	15	16	26	10	12	33	17	13	11	7
LOC102654782	37	22	31	77	49	31	35	46	41	60	50
LOC413980	24	71	79	164	105	67	61	84	229	80	110
LOC107965746	0	2	1	2	4	0	7	5	0	2	2
LOC726736	123	198	262	344	239	226	237	254	397	280	258
LOC727631	245	241	148	231	192	160	218	198	202	197	181
LOC113219198	1	3	11	5	12	7	7	6	9	10	11
LOC107964024	25	16	25	8	20	28	32	23	52	23	41
LOC413299	1415	1994	2018	2636	2557	2383	2709	2731	2767	2800	2211
LOC552062	68	58	90	109	103	101	113	104	119	60	84
LOC725918	77	101	166	246	201	171	197	229	230	214	207
LOC411568	42	55	41	68	54	36	49	63	52	46	53
LOC100579055	25	43	58	47	71	58	40	89	71	43	52
LOC726538	5	5	19	15	15	34	11	11	12	7	25
LOC727146	189	317	298	583	349	363	355	383	473	364	377
LOC113219190	7	2	4	2	3	4	2	2	1	0	7
LOC102654049	19	20	41	35	39	34	63	16	43	25	16
LOC107965950	105	121	178	245	166	154	143	174	250	229	175
LOC551053	1409	2142	1719	2888	1878	1486	2028	1765	2371	2040	1516
LOC552678	3272	4163	4445	7014	5934	4677	4961	5719	6763	5548	5138
LOC552686	80	109	130	194	189	129	141	137	182	126	127
LOC411805	2570	3245	3594	6672	5376	4676	4354	4710	6326	4649	4354
LOC551149	1198	1396	1349	1985	1858	1387	1593	1694	1824	1588	1631
LOC100576851	1267	2111	2266	4364	3106	2673	3020	3313	4370	3128	3311
LOC100577367	260	524	431	866	514	494	517	564	792	517	570
LOC100576722	347	336	303	409	362	250	371	335	327	362	312
LOC107965449	258	235	284	386	330	267	321	339	313	327	292
LOC410402	6	1	6	1	4	2	6	7	2	1	1
LOC726370	49	33	43	18	29	25	57	28	16	31	16
LOC100576819	736	697	630	887	865	665	681	835	761	816	645
LOC410403	343	472	533	816	684	522	554	655	707	623	511
LOC408397	997	1615	1620	2427	2225	1824	2238	2430	2511	2279	1877
LOC102654192	76	72	70	122	68	78	62	89	104	80	63
LOC100577451	119	141	149	225	154	104	140	177	179	148	113
LOC100577515	87	206	193	297	200	156	272	234	246	193	140
LOC102654236	68	53	79	51	41	39	70	25	41	35	43
LOC410405	254	66	91	54	91	86	145	77	72	98	97
LOC408398	212	184	235	219	188	177	217	209	212	180	167
LOC410406	7	5	9	9	3	5	11	11	8	6	2
LOC726525	369	524	417	680	608	463	632	728	624	583	534
LOC551392	711	958	873	993	1067	855	965	1019	973	1024	865
LOC102654865	131	101	90	95	141	91	144	97	85	86	92
LOC107964001	11	14	35	5	6	5	31	9	7	10	12
LOC102654730	3	20	23	3	2	5	6	8	4	9	3
LOC102654408	0	3	1	2	0	2	5	1	0	0	0
LOC102654448	247	253	227	222	158	209	271	203	198	185	198
LOC726597	39	91	81	81	103	57	150	81	74	77	74
LOC102654895	0	5	11	7	10	5	9	3	4	0	5
arm	2072	2985	2726	4726	3668	3323	3718	3997	4178	3547	3539
LOC551502	482	689	575	888	736	639	878	772	907	782	618
LOC551533	2007	1770	1843	1945	1865	1514	1708	2145	1597	2064	1313
LOC410408	361	389	410	678	426	472	655	715	595	581	551
LOC100578100	33	47	23	36	31	20	48	45	29	31	30
LOC726669	22	53	54	112	78	67	89	85	84	70	105
LOC726677	0	2	9	1	0	6	7	13	5	1	2
LOC726696	36	84	77	106	69	80	71	73	85	76	74
LOC408400	1031	1748	1667	2719	2063	1776	2014	2048	2381	1982	1838
LOC102655268	44	69	73	95	91	75	119	93	85	81	94
LOC551650	639	851	924	1525	1112	1010	1172	1306	1380	1198	1172
LOC408401	490	767	722	1192	899	826	992	975	1046	965	870
LOC410410	42	42	44	73	63	39	44	36	49	55	41
LOC100578321	302	614	577	810	650	470	721	691	769	690	694
LOC100576994	17	8	12	20	7	13	18	10	8	16	9
LOC408402	755	1045	1133	1696	1419	1232	1479	1545	1627	1485	1281
LOC551796	905	1170	1022	1404	1175	1015	1299	1232	1206	1128	1073
LOC551822	731	1029	968	1482	1316	1092	1333	1494	1418	1241	1151
LOC726790	1087	1667	1391	2390	2097	1737	2445	2071	2460	2044	1942
LOC551895	400	473	473	785	669	600	696	801	819	598	637
LOC107965402	12	16	18	10	11	7	15	10	13	1	14
LOC102656111	7	18	32	5	11	2	7	9	9	5	38
LOC102656087	42	54	63	103	58	43	75	67	79	45	38
LOC113218525	32	31	26	15	37	21	35	36	26	32	29
LOC113218535	16	25	29	13	21	13	19	20	23	12	13
LOC100576397	66	47	40	58	59	41	102	77	56	60	62
LOC100577146	37	15	36	12	21	11	41	9	24	15	21
LOC726838	116	117	142	129	125	92	145	149	118	137	91
LOC726852	2	0	0	0	0	0	5	0	0	0	0
LOC409846	239	456	505	950	685	603	712	745	852	609	690
LOC726862	273	468	487	770	617	494	586	645	700	600	583
LOC552016	206	310	259	439	392	337	328	433	477	331	372
LOC113218526	0	2	1	0	0	0	0	2	0	1	0
LOC409845	108	91	93	80	92	76	94	88	79	112	93
LOC113219187	26	23	25	12	25	20	30	10	15	27	20
LOC413267	281	541	505	862	651	612	708	653	766	683	677
LOC100576508	36	22	44	63	31	25	26	33	24	39	26
LOC413266	299	845	792	1439	962	944	1068	1133	1291	1012	978
LOC102654001	118	138	90	114	133	117	172	152	78	122	105
LOC552146	5003	7339	6161	11185	9139	8798	11823	9694	11694	9170	8907
LOC724156	49	242	225	445	267	240	347	389	391	294	285
LOC552191	942	1088	1176	1791	1465	1235	1459	1473	1724	1389	1267
LOC552209	1261	1306	1316	2304	2347	1784	1874	2202	2445	1877	1781
TpnCIIb	67	46	53	80	65	73	131	83	92	59	79
Br-c	1111	511	486	359	499	367	709	379	412	449	453
Mir3782	0	0	0	0	0	0	0	0	0	0	0
LOC107965398	456	234	160	83	162	167	349	130	149	138	175
LOC100577045	83	111	150	155	124	87	148	144	124	116	112
LOC102654964	42	68	115	98	85	105	129	134	100	99	75
LOC107965421	84	138	184	273	185	144	217	174	169	122	123
LOC100577569	112	215	225	481	283	291	476	352	391	284	261
LOC410103	568	640	624	960	811	643	615	843	714	710	717
LOC410102	133	188	189	239	226	193	233	263	255	230	236
LOC413881	375	484	500	733	622	508	590	613	675	588	541
LOC552398	47	91	77	197	123	106	121	148	180	98	150
LOC552409	1234	898	926	1025	1041	793	965	892	996	1114	1004
LOC413880	568	689	680	1211	906	711	851	916	995	985	857
LOC724591	157	232	258	337	295	223	234	313	414	293	327
LOC724643	81	96	114	146	135	85	121	136	146	124	114
LOC724686	1	0	1	0	0	2	0	2	0	0	0
LOC410413	133	232	209	390	285	229	269	319	329	294	282
LOC100576671	386	529	481	730	552	515	710	620	661	546	526
LOC410414	304	512	468	746	649	511	680	713	756	601	577
LOC410415	61	71	72	100	63	86	110	90	118	90	64
LOC102654165	116	190	154	295	173	167	261	192	235	159	178
Pla2	1	5	4	2	2	2	8	11	0	1	1
LOC113219195	80	52	43	23	38	21	61	88	67	32	65
LOC113218575	0	0	0	0	0	0	0	0	0	0	0
LOC100576527	266	319	327	431	357	346	374	340	316	270	330
Mir184	4	0	1	1	1	3	2	0	4	1	0
LOC100577428	157	77	74	51	40	32	76	36	55	53	50
LOC102653890	977	442	348	185	344	327	696	286	347	402	388
LOC113219196	53	26	19	3	6	9	29	17	11	24	41
LOC410416	26	14	8	2	0	6	13	6	8	3	5
LOC552578	83	109	89	90	95	58	90	100	61	76	62
LOC107965415	12	30	27	22	34	31	30	28	29	28	21
LOC100577348	5	9	18	16	18	13	35	12	14	8	10
LOC107965416	13	5	13	19	10	6	3	10	9	13	3
LOC410417	26	24	33	58	25	32	28	32	43	22	27
LOC725290	2014	3160	3171	5404	4405	3495	4471	4458	5084	4112	4082
LOC725247	22	42	46	102	65	61	80	78	79	67	127
LOC725426	149	117	116	159	128	101	86	158	101	147	82
LOC725501	508	723	707	1120	986	761	890	955	1018	856	874
LOC410420	803	897	909	1277	1100	855	980	1073	1086	1089	951
LOC408405	102	197	160	202	135	134	215	159	204	145	110
LOC408406	133	105	102	77	121	115	147	121	120	98	106
LOC102656183	150	193	139	247	200	151	139	278	183	267	147
LOC410422	75	94	94	84	56	68	49	78	78	66	62
LOC408407	621	586	511	771	679	547	552	662	595	640	550
LOC410423	4046	3363	3458	5429	6284	4517	5790	6004	6349	5743	5417
LOC410424	4580	4264	3869	5103	4915	3865	5625	4756	4678	4700	4256
LOC552707	387	426	439	765	629	560	713	677	748	590	650
LOC550955	1204	1202	1226	1591	1517	1186	1388	1524	1625	1393	1290
LOC107965406	197	120	164	238	186	143	227	139	178	146	137
LOC725925	130	122	109	194	186	139	158	231	154	162	192
LOC408408	231	330	268	512	431	396	483	444	515	368	381
LOC410427	5778	4828	4550	5978	5754	4539	6444	6071	6074	6058	5457
LOC408409	616	1327	1141	2074	1538	1318	1460	1571	1864	1422	1513
LOC410428	1176	1098	1052	1379	1167	929	1244	1317	1216	1255	1033
LOC102654313	0	4	14	7	3	2	0	0	1	3	3
LOC410429	685	679	665	934	915	665	759	902	933	779	730
LOC726093	4958	7017	6492	11319	8980	7082	9696	9520	9635	8618	7856
LOC102655078	27	41	27	29	32	14	32	15	21	19	21
LOC100578442	48	37	41	42	57	29	89	42	35	32	33
LOC408411	292	206	248	196	296	199	283	226	225	214	260
Mir9887	2	1	4	0	3	0	1	0	0	0	3
LOC408412	1482	1636	1457	2194	1983	1501	1683	1888	1863	1838	1626
TRNAN-GUU_6	0	0	0	0	0	0	0	0	0	0	0
Vhdl	39	35	51	56	58	44	30	41	42	70	46
Mir6001	0	0	0	0	0	0	0	0	0	0	0
LOC726205	179	185	141	231	207	159	166	229	204	189	196
LOC408413	564	797	903	1334	1070	869	922	1096	1173	997	1011
LOC726248	342	298	312	373	310	238	282	342	296	372	314
LOC410432	88	103	134	149	119	95	96	125	149	189	135
LOC551739	34	29	38	47	31	30	30	26	26	35	35
LOC413491	22	20	39	40	21	31	31	45	31	59	46
LOC100579038	98	86	79	115	114	86	68	123	77	97	85
LOC726371	7	1	2	3	3	3	2	0	2	4	1
LOC726434	73	23	34	18	10	14	10	14	36	43	47
LOC726456	1581	1486	1589	2092	2010	1527	1978	1955	1967	1750	1866
LOC409825	1779	2289	2091	3329	3072	2232	2467	2928	2895	2651	2457
LOC726472	353	320	417	601	604	572	466	538	598	566	545
LOC102656072	25	18	26	3	20	28	36	14	23	8	15
LOC409826	66	51	70	49	94	85	126	76	92	74	113
LOC409827	38	38	61	41	32	26	63	40	54	36	33
NPF	40	30	38	37	38	38	35	39	42	34	27
LOC113218574	1	1	5	1	4	3	0	3	0	0	0
LOC100576248	10	7	7	9	14	9	11	10	3	6	5
LOC409829	2473	1757	1788	2346	2214	1642	2251	1972	2079	1950	1826
LOC726598	68	180	147	292	178	179	243	234	248	218	202
LOC107965436	21	8	19	28	17	12	13	14	15	28	21
LOC113218541	0	0	0	0	0	0	0	0	0	0	0
LOC100578886	0	0	0	1	0	2	1	2	0	5	0
LOC100578685	238	240	247	431	439	383	247	294	399	346	370
LOC408414	3880	4542	4187	5510	6935	5542	4981	6476	6332	5440	4484
LOC724205	169	198	220	339	308	196	254	281	281	255	248
LOC408415	398	417	402	601	552	405	451	523	462	474	387
LOC410434	171	330	318	509	359	327	456	381	439	367	376
LOC102656244	207	264	237	407	413	254	325	309	380	240	262
LOC100578649	27	19	22	11	29	14	18	10	12	6	16
LOC724378	876	670	569	942	1084	657	821	806	864	978	740
LOC408416	205	295	319	507	487	363	430	477	445	406	427
LOC408417	176	209	216	376	335	248	257	313	393	298	273
LOC552256	609	662	686	993	802	694	873	813	985	911	778
LOC408418	1047	1402	1338	2217	1875	1511	1722	1704	2069	1652	1683
LOC724592	2477	1847	1913	2828	2470	1726	2451	2180	2374	2123	2013
LOC408420	1456	2082	2276	3644	4054	3084	3889	4524	3540	3067	3246
LOC113218548	136	127	146	234	213	116	240	309	172	174	195
LOC113219202	174	101	127	65	133	82	209	125	98	73	84
5-HT1	176	111	170	187	156	115	151	172	160	129	113
LOC724803	28	26	25	21	31	30	26	28	14	25	21
LOC413550	44	66	38	72	59	56	50	46	52	39	47
LOC409963	9407	8858	8225	11718	12999	10379	12864	12683	13421	11845	11404
LOC724829	502	405	465	593	485	397	428	582	466	560	450
LOC409962	191	126	89	76	117	127	148	94	76	76	126
LOC724899	411	283	285	506	696	435	546	506	624	595	381
LOC113218576	530	512	502	547	613	484	518	498	521	686	439
LOC413549	412	790	705	946	768	682	1024	763	878	790	698
LOC409961	637	737	788	1328	1105	846	1184	980	1015	910	979
LOC100576924	226	142	159	257	134	132	162	212	149	203	138
LOC410438	108	100	100	122	115	94	157	106	108	107	94
LOC102655361	2	6	8	8	1	3	2	2	5	4	0
LOC102655427	54	72	42	32	33	18	45	47	24	33	32
LOC410439	1571	1248	1271	1615	1599	1144	1776	1450	1617	1518	1302
LOC408421	94391	129169	119417	192704	157861	139632	185373	174433	189749	164716	149632
LOC102655519	54	86	53	117	133	74	142	139	100	100	119
LOC725354	119	117	128	112	82	94	131	111	90	95	82
LOC410442	230	359	328	429	359	308	477	409	393	400	312
LOC410441	185	425	462	832	555	503	519	584	727	460	563
LOC102655054	61	60	44	108	57	37	60	92	80	70	45
LOC113219200	2	4	1	5	4	2	9	6	3	6	0
Foxp	3562	2489	2421	2948	2839	2285	3388	2650	2786	2625	2465
Ripk5	236	389	412	700	516	409	540	550	629	486	506
LOC102654920	66	75	75	99	64	64	89	86	101	86	73
LOC725619	159	214	223	290	256	225	359	315	301	272	251
LOC100576555	168	124	142	107	349	159	311	195	155	157	194
LOC100577696	83	60	51	31	68	40	88	67	27	56	60
LOC725753	210	242	250	297	313	256	322	295	294	307	286
LOC410446	346	514	512	778	584	437	576	537	685	527	532
LOC410039	487	742	673	1172	886	724	899	931	955	937	861
LOC725856	89	136	128	242	212	160	188	216	246	174	214
LOC408424	782	1114	1112	1387	1240	1014	1181	1277	1266	1223	1150
LOC551232	228	114	138	206	272	246	220	278	341	251	247
LOC410447	369	419	375	988	595	497	684	734	916	530	652
LOC410448	303	439	427	557	479	453	463	416	676	485	393
LOC410449	1828	1887	1543	2365	2202	1876	1954	2209	1877	2330	1584
LOC107965413	196	258	165	335	377	222	341	340	309	355	210
LOC726040	2541	2981	3031	4303	6110	4726	5441	6169	6452	6051	5331
LOC113219215	256	115	152	98	155	127	208	101	117	135	141
LOC102654051	131	158	179	171	164	142	220	195	169	142	164
LOC100578957	229	106	60	68	64	63	102	79	93	82	81
LOC100578992	38	34	43	47	33	28	71	76	37	40	55
LOC107965414	4	9	10	5	1	6	8	6	5	1	7
LOC100577543	288	256	271	314	357	293	398	304	306	286	249
LOC408426	47	29	31	38	36	51	29	35	32	32	25
LOC113219199	0	0	0	0	0	0	0	0	0	0	0
LOC410451	1104	1519	1591	2457	2061	1637	1566	1841	1910	1592	1574
LOC102656433	40	84	102	112	75	84	73	73	127	83	115
LOC408427	1361	2243	2097	3319	2771	2453	3285	3225	3454	2697	3000
LOC408428	4	5	19	17	16	2	5	10	9	6	8
LOC410452	71	39	35	34	68	39	59	34	28	44	54
LOC726329	15	15	19	7	14	10	15	10	13	13	13
LOC726352	28	19	28	25	19	27	19	28	19	17	28
LOC726391	138	146	148	190	184	131	202	154	170	186	164
LOC408429	15803	18136	18476	31160	25268	20203	30346	28447	27266	24899	23321
LOC102656212	63	102	91	121	98	87	144	110	142	84	92
Mir6056	1	0	1	1	12	0	11	2	5	4	0
LOC410454	13938	24229	20357	31767	30891	29217	40482	34477	34490	30293	29426
LOC107965418	288	345	273	308	268	294	363	367	264	379	248
LOC726547	1981	1310	1355	1540	1805	1277	2052	1683	1484	1446	1473
LOC408430	8064	6046	6166	8055	8694	6121	8314	8202	7154	7554	6573
LOC410456	454	519	494	735	768	598	635	655	869	644	690
LOC100578263	45	55	60	50	92	62	94	61	43	54	57
LOC107965409	0	1	0	0	0	0	0	0	0	0	0
LOC408431	291	366	346	563	477	365	430	444	555	433	394
LOC726599	667	864	750	1062	915	772	896	960	981	922	824
LOC726613	393	354	379	423	585	482	624	498	614	517	428
LOC102654986	35	81	76	151	171	118	148	158	156	125	120
LOC726648	1997	2361	1991	3368	3088	2730	2714	3179	3017	2867	2564
LOC552210	562	545	612	983	735	599	677	780	807	793	574
LOC408432	9	8	38	27	37	2	23	25	15	15	20
Mir3783	1	1	2	0	0	0	5	0	0	1	0
LOC100578090	42	56	81	88	46	35	71	125	47	74	93
LOC113219194	0	0	0	2	0	0	1	0	1	0	2
LOC100578023	26	31	47	34	33	49	38	39	44	38	36
Eth	0	19	11	17	11	15	2	7	14	15	7
LOC102654734	28	14	34	12	8	11	18	15	26	9	5
Dll	3312	4641	4090	7770	7116	5825	7144	7639	7645	6294	6863
LOC102654690	285	276	227	304	269	259	405	313	208	296	236
LOC410459	431	564	401	712	496	446	496	572	538	602	488
LOC102654608	19	11	10	9	16	10	21	33	19	10	11
LOC107965425	3	3	8	1	2	2	11	5	1	4	3
TRNAM-CAU_7	0	0	0	0	0	0	0	0	0	0	0
LOC408433	1507	2257	2303	3719	3006	2486	2863	2956	3454	2880	2882
LOC726759	728	999	902	1487	1363	959	1195	1264	1302	1339	1145
LOC410462	88	118	125	222	320	235	190	283	247	204	190
LOC102654023	7	9	16	11	10	11	14	9	6	11	5
LOC100577222	86	61	43	52	85	55	54	56	59	60	67
LOC552377	657	997	904	1381	1170	911	1278	1199	1270	1137	1080
LOC102653949	217	194	198	241	224	195	285	320	257	246	244
LOC552354	1615	2391	2386	3579	3590	2683	3410	3711	3580	3169	3013
LOC410463	190	199	192	329	244	162	259	323	299	257	222
LOC726815	192	242	285	375	331	241	287	353	369	302	337
LOC408434	406	623	524	873	678	584	825	718	721	705	635
LOC113219201	5	7	11	1	2	0	9	2	4	5	3
LOC100577013	25	24	43	29	33	18	40	27	16	13	24
LOC410464	274	133	148	93	167	119	236	111	113	132	111
Mir6066	1	0	7	0	0	2	1	0	0	0	8
TRNAE-CUC_4	0	0	0	0	0	0	0	0	0	0	0
LOC413596	691	629	747	1299	1719	1217	1561	1717	1580	1565	2100
LOC102656472	22	4	14	20	43	42	38	28	50	48	128
LOC102656830	3	6	12	23	11	16	13	18	19	12	14
LOC100577091	13	13	7	19	12	20	10	22	17	13	6
LOC100187599	44	31	50	50	31	23	33	42	56	49	32
LOC724244	199	344	317	398	299	269	289	298	320	318	295
LOC413594	112	216	205	500	356	263	224	275	492	227	285
LOC102656439	295	439	385	548	413	319	372	394	548	451	316
LOC107965401	132	115	59	102	68	70	85	101	75	103	77
LOC409050	721	764	795	1209	971	857	964	959	1093	896	937
LOC411396	1425	1704	1847	2373	2048	1658	2155	2100	2158	2065	1853
LOC551812	468	521	511	750	625	479	500	588	678	611	588
LOC409049	641	817	839	1480	1123	965	1135	1112	1378	965	1203
LOC724644	649	672	832	1106	1239	1475	777	1186	1233	930	1363
LOC409230	305	315	349	492	374	313	372	371	428	459	393
LOC411843	750	788	812	1198	1081	779	890	977	994	920	881
Glurb	391	212	251	249	372	258	388	292	306	259	255
LOC113218577	7	3	1	2	3	1	4	2	6	0	6
LOC107965433	148	155	149	217	243	215	164	147	186	175	169
LOC107965434	22	35	35	51	38	64	49	26	32	46	38
LOC102655167	176	254	191	410	602	348	379	389	556	452	400
LOC410465	770	832	890	1501	1698	1000	1341	1387	1778	1467	1230
LOC113219213	18	5	8	5	20	13	17	12	7	18	10
LOC408435	2975	2017	2087	2758	2414	1670	2925	2197	2261	2100	2075
LOC724914	95	39	61	48	63	73	60	55	58	47	65
LOC100576460	3	8	0	0	0	0	2	0	0	1	0
TRNAI-AAU_3	0	0	0	0	0	0	0	0	0	0	0
TRNAM-CAU_8	12	8	11	5	10	2	15	8	14	2	9
LOC410467	92	182	241	260	178	125	152	266	187	200	171
LOC102655449	209	95	93	82	74	80	146	43	110	59	130
LOC410468	990	1289	1234	2043	2110	1531	2052	1830	2243	1998	2046
LOC113219212	22	12	12	15	10	8	18	23	6	4	2
LOC100576617	160	163	179	115	158	134	272	171	152	146	234
LOC410469	356	318	263	361	402	248	285	426	342	378	288
LOC107965448	10	10	15	10	9	10	1	5	3	13	10
LOC409066	576	749	810	1073	915	730	969	900	1049	881	835
LOC551116	99	97	113	123	85	80	97	93	82	96	82
LOC725158	48	60	38	66	58	59	73	55	63	85	38
Pgrp-s2	49	84	58	102	46	68	61	68	53	69	65
LOC100576758	44	40	26	39	27	33	30	18	24	47	48
LOC551249	3622	5379	5065	8639	7946	6375	7598	7754	8313	6630	6367
LOC100576843	129	162	173	169	179	185	213	203	210	222	161
LOC102655841	531	577	658	918	845	685	732	834	876	805	799
LOC100576879	1167	1502	1311	2020	1699	1392	1938	1804	2052	1739	1518
LOC410144	70	80	113	194	150	129	123	162	174	139	118
LOC725542	98	84	117	146	119	81	93	147	111	77	100
LOC113219209	1	6	1	2	1	0	0	1	2	0	0
LOC410470	64	46	77	93	109	74	110	73	94	66	84
LOC107965459	7	7	5	2	4	4	8	3	2	3	6
LOC102654055	6	6	12	12	5	9	22	13	9	11	4
LOC550732	136	184	204	236	220	160	278	262	217	180	184
LOC113219193	12	11	8	4	7	12	12	2	2	6	8
LOC406114	104	129	193	48	31	24	46	62	84	77	37
LOC100578423	296	172	253	209	232	196	243	226	221	209	208
LOC100577092	678	696	717	750	625	546	777	752	679	645	675
LOC724505	557	630	640	977	735	601	922	855	877	728	777
LOC724548	242	609	557	965	610	637	821	759	889	695	752
LOC724687	21	39	42	43	38	39	31	45	68	66	20
LOC724728	723	837	844	1260	1025	972	931	1084	1169	1003	990
Mir87-1	39	32	31	54	47	55	69	79	66	54	54
Mir87-2	5	5	8	2	2	2	9	5	9	8	6
LOC113219210	102	49	59	46	58	35	80	62	43	24	53
LOC113219183	14	14	18	15	38	22	26	40	14	17	25
LOC102656452	3	9	6	5	12	7	4	10	12	10	8
LOC724773	433	528	629	838	578	446	545	765	689	684	510
LOC100578853	328	276	324	358	377	239	280	368	365	351	309
LOC408439	850	683	809	1120	854	598	685	701	796	768	776
LOC724961	372	245	257	203	351	243	379	331	334	313	267
LOC113219211	5	2	15	5	0	13	10	1	6	1	7
LOC725003	22	10	9	18	28	10	22	23	22	23	9
LOC725053	2	2	17	4	2	3	8	13	0	7	1
LOC408438	553	478	483	863	723	620	824	739	746	701	712
LOC725111	42	51	57	98	63	61	92	96	70	81	87
For	800	1534	1435	2454	1439	1231	2144	1406	1865	1439	1292
LOC102655843	6	11	9	8	5	2	8	7	17	17	15
LOC724120	635	578	516	701	698	523	661	602	629	569	642
LOC113219216	0	0	0	0	0	0	0	0	0	0	0
LOC100578674	51	67	55	79	55	55	68	69	116	65	67
LOC551250	316	476	430	788	451	430	611	526	641	545	505
LOC724246	9	9	15	13	6	12	9	14	14	8	7
LOC412541	566	1028	888	1451	1336	1101	1376	1521	1498	1309	1098
LOC551363	180	255	271	383	336	278	269	373	318	312	304
LOC550798	1182	1282	1242	2179	1599	1291	1539	1705	1866	1600	1641
LOC551272	215	242	304	356	269	224	308	248	403	301	341
LOC102655280	9	4	4	0	3	1	0	10	1	2	9
Mir190	0	0	0	0	0	0	0	0	0	0	0
LOC725099	534	347	421	486	417	325	447	364	406	309	368
LOC113218532	107	152	159	216	180	121	224	161	229	205	221
LOC410399	27	23	36	62	27	40	47	50	57	55	50
LOC724962	1030	599	581	756	668	612	1048	627	808	753	799
LOC724946	5023	6249	6641	11837	8404	7830	8609	9225	11328	9131	8724
LOC112935903	476	700	517	734	621	583	738	663	775	715	570
LOC102653899	7	1	13	8	7	5	8	9	15	7	0
LOC413083	281	415	353	449	369	286	296	454	514	367	388
LOC551845	28	42	51	37	39	29	73	45	39	36	40
LOC412934	2831	1907	1837	2444	2372	1804	2214	2029	2322	2060	1818
LOC724645	107	55	35	41	38	42	48	25	40	35	43
LOC107965455	4	0	0	0	2	1	2	0	4	2	4
LOC412935	311	538	554	1012	777	682	810	922	1005	748	828
LOC409676	312	458	546	866	716	660	696	659	920	606	630
LOC724463	128	128	169	216	175	164	163	159	199	163	150
LOC412936	1524	2207	2190	3813	2624	2511	2625	2679	3437	2596	2619
LOC113219203	0	2	0	1	1	3	2	2	0	0	0
Cyp6as5	6892	8377	8467	12507	10812	9569	10643	11407	12452	10094	9712
LOC412209	8034	10096	9312	15014	14348	12778	14470	14055	13481	13896	11077
LOC413908	1	3	3	2	2	2	0	3	10	1	0
LOC727598	1262	1286	1333	2457	1991	1628	2755	2039	2138	2614	2022
LOC726690	4381	8579	9619	15941	14083	12504	16518	10690	10020	13982	9597
LOC112939925	349	531	839	1007	694	701	1024	981	750	992	507
LOC551028	3089	4092	4138	6663	4985	4195	5424	5334	6764	5369	4786
LOC725087	0	0	0	0	0	0	3	0	0	0	0
LOC107965400	0	0	3	0	0	0	0	0	2	0	1
LOC725159	0	1	0	3	3	0	8	4	4	0	3
LOC550956	622	625	574	816	766	648	780	817	805	732	635
LOC409715	514	796	681	947	750	715	855	879	1100	883	817
LOC409714	161	245	375	575	439	428	427	411	632	323	487
LOC412876	477	824	847	1608	1188	940	1235	1237	1882	1118	1078
LOC100577322	71	58	71	93	75	61	58	52	97	56	66
LOC409736	464	559	600	950	718	558	796	746	695	688	610
LOC107965452	10	6	22	7	7	7	18	8	10	12	15
LOC725393	317	416	430	721	437	377	513	483	479	438	437
LOC113219188	11	4	4	5	6	5	13	2	15	6	7
LOC102654950	100	82	56	67	94	105	136	82	93	92	43
LOC102654929	18	16	12	6	12	21	12	10	21	9	15
LOC410078	2360	2986	3113	4976	4145	3712	4210	4247	5008	4115	4102
TRNAS-CGA_2	0	0	0	0	0	0	0	0	0	0	0
LOC409187	48	46	81	66	58	28	61	85	45	83	66
LOC100578220	91	37	89	38	41	61	83	44	84	60	56
LOC102654492	27	29	41	20	34	24	38	24	9	28	29
LOC726240	21	12	18	12	14	5	14	9	4	10	5
LOC113219223	23	21	24	39	32	10	18	24	22	13	23
LOC102654557	1	0	2	2	0	0	4	1	2	1	2
LOC725711	188	254	267	525	356	331	345	418	525	378	362
LOC102654783	0	0	0	0	0	2	0	0	0	0	1
LOC727378	174	161	155	211	192	147	171	189	187	204	187
LOC102655020	21	9	38	42	28	5	44	21	31	21	33
LOC113219220	4	2	6	5	5	6	9	6	2	2	8
LOC551197	9	8	27	24	21	14	27	17	17	23	14
LOC113219224	3	0	0	2	0	1	3	0	0	0	3
LOC102656835	0	0	1	1	2	2	1	0	0	0	0
LOC113219233	1	3	7	6	3	9	2	3	2	1	3
LOC102656712	0	0	0	3	0	0	0	1	0	0	3
LOC725840	3	4	5	1	4	2	9	3	0	3	6
Mir3756	0	0	0	0	0	0	0	0	0	0	0
LOC411780	303	619	468	833	781	673	696	823	954	800	725
LOC409199	215	312	277	516	379	289	331	336	475	355	295
LOC411779	68	82	102	162	104	72	114	122	88	100	125
LOC411778	508	433	372	517	498	422	447	509	461	505	398
LOC409198	1916	1685	1754	2597	2528	1939	2274	2400	2736	2361	2108
LOC411617	204	168	230	228	234	139	254	168	223	139	157
LOC102653697	2570	3738	2779	5448	4856	4223	5254	3179	4937	6161	4033
LOC412007	21	40	42	56	35	31	30	51	49	33	46
LOC100576734	5	27	20	26	32	23	40	22	21	36	13
LOC724157	168	195	204	348	206	178	183	243	271	214	231
LOC413525	232	264	289	514	393	338	314	336	470	377	396
LOC413688	91	128	121	190	182	146	142	145	213	152	160
LOC724464	2	3	3	3	8	7	6	9	6	1	2
LOC411791	496	1063	1007	1575	1164	1096	1345	1297	1471	1208	1259
LOC411790	173	241	268	335	284	238	285	316	324	279	261
LOC409202	3919	3556	3465	4640	4214	3440	3980	4443	3965	4335	3679
LOC107965474	12	4	6	6	6	8	5	5	4	8	8
LOC552697	62	90	62	165	111	91	91	127	153	91	72
LOC552703	775	803	831	1119	1114	1047	1086	1228	1246	1141	1214
LOC410174	213	135	157	217	194	142	251	185	164	151	173
LOC100577145	445	513	522	752	546	468	600	544	639	602	567
LOC550981	869	850	755	999	1042	788	830	916	820	937	801
eve	182	137	97	84	129	94	135	98	111	101	103
LOC552726	6563	5599	5096	6667	6544	4817	5522	6617	5123	6470	4774
LOC551100	299	434	391	644	449	484	435	513	564	494	499
LOC413879	382	390	415	540	478	366	511	485	505	474	359
LOC410100	966	1268	1291	2009	1646	1407	1606	1958	2061	1635	1502
LOC413878	137	150	152	241	179	145	165	210	207	199	188
LOC409711	140	271	359	571	418	392	508	492	531	356	480
LOC107965470	29	47	54	87	60	66	68	58	67	67	49
LOC100576996	101	83	83	151	85	87	100	101	115	87	66
LOC413613	252	342	426	726	482	400	383	497	773	558	536
LOC551742	972	823	820	1239	1043	841	868	1065	1058	1062	930
LOC551768	759	761	776	1043	1083	772	758	997	1054	1035	780
LOC102653862	1372	1196	1245	1740	1849	1263	1284	1542	1480	1653	1187
nAChRa7	681	405	403	383	498	314	597	393	405	388	391
LOC113219219	6	1	5	3	8	0	0	10	0	0	4
nAChRb1	232	67	66	56	62	93	109	63	84	75	87
LOC100577945	824	1352	1468	2218	2018	1940	2419	2236	2404	2108	2181
LOC100578307	1	4	6	6	10	1	5	10	2	7	11
LOC100578990	135	180	154	277	185	137	253	241	158	163	203
Mir3784	0	2	1	0	0	0	0	2	1	0	0
LOC113219226	80	70	82	60	86	64	133	96	77	84	75
LOC410475	129	156	139	168	138	127	144	144	144	129	113
LOC725543	21	40	77	77	65	46	48	45	96	47	51
LOC413481	187	160	129	198	189	143	196	165	189	161	167
LOC725453	1937	1685	1669	2033	2251	1767	1947	2062	2042	2011	1707
LOC725620	800	566	551	734	745	484	578	713	594	721	541
LOC113219236	56	49	65	82	81	63	59	60	95	78	75
LOC113219230	84	149	128	248	155	116	127	153	212	133	138
LOC413623	52	155	162	293	174	161	212	208	236	202	216
LOC100576136	5	0	3	4	0	0	4	0	7	4	0
LOC102655131	9	10	6	22	14	8	13	24	24	5	10
LOC412624	616	683	625	969	760	582	804	810	901	825	708
LOC552443	18	48	48	98	84	50	44	97	100	78	66
LOC413854	171	266	257	379	346	287	310	377	438	341	338
LOC727277	240	307	325	402	366	253	294	325	320	328	343
LOC727272	491	564	613	843	715	639	703	718	848	628	681
LOC552477	12	22	19	31	44	32	41	62	70	38	49
LOC100578920	6	18	23	33	22	5	27	25	22	10	17
LOC411486	0	3	4	3	1	0	4	1	0	3	2
LOC724752	17	22	23	13	17	18	39	20	14	8	17
LOC411839	202	204	196	280	250	190	252	245	262	226	191
LOC100577739	92	139	140	191	153	178	149	185	237	174	199
LOC100577694	1	2	10	5	0	3	5	3	0	6	11
LOC411374	9	10	11	10	1	8	2	12	0	9	6
LOC411373	76	73	57	33	78	61	86	82	62	27	52
LOC100578067	102	93	74	111	142	82	121	110	98	96	101
LOC724379	101	146	105	187	135	130	159	188	168	140	148
LOC413213	105	182	206	298	220	197	229	206	257	205	241
LOC724465	178	145	154	227	354	278	350	526	394	450	411
LOC102656505	34	25	25	13	30	10	24	21	10	19	12
LOC409822	230	267	277	378	467	327	373	477	443	419	416
LOC100577849	10	4	12	11	14	4	14	17	8	18	31
LOC102653947	54	63	42	75	39	62	42	59	74	73	52
LOC412424	0	0	6	0	0	2	0	1	1	1	1
LOC413294	1	0	0	0	1	1	0	0	0	0	0
LOC113219228	0	2	0	3	0	0	0	0	2	0	1
LOC724804	87	141	194	322	256	231	301	281	358	272	263
LOC413977	6725	6025	7894	11543	9460	6808	8303	7671	9488	7900	8085
LOC100577430	227	318	297	529	426	551	319	391	562	407	637
LOC102654450	4	5	7	4	3	2	0	1	7	6	7
LOC412926	43	33	93	47	36	25	69	46	40	37	52
LOC412927	45	39	43	34	28	30	49	20	39	20	24
TRNAT-UGU_2	0	0	0	0	0	0	0	0	0	0	0
LOC724915	18	18	7	14	18	14	16	20	18	10	14
LOC551118	848	994	1045	1715	1372	1170	1214	1338	1554	1304	1285
LOC412928	160	195	168	247	280	217	219	286	242	252	237
LOC725054	171	174	189	268	241	203	226	219	295	223	224
LOC100576591	93	246	234	462	318	327	387	359	500	282	340
LOC550958	613	486	468	612	490	441	610	555	564	600	471
LOC550914	230	209	288	521	450	222	348	311	417	324	332
LOC550858	175	217	255	383	287	261	288	326	273	332	294
LOC550801	296	554	484	821	652	583	611	665	759	574	583
LOC726768	400	659	637	1191	933	740	848	914	1195	926	1040
LOC551931	132	224	219	376	312	246	215	311	396	315	318
LOC100576738	55	81	80	123	125	110	93	111	177	108	119
LOC113219227	7	4	5	11	12	8	12	17	14	0	10
LOC551582	115	235	226	323	326	246	320	356	342	340	330
LOC100576803	11	12	18	13	9	21	25	10	25	30	13
LOC410479	133	85	84	110	175	84	146	87	111	101	136
LOC100577542	100	169	147	189	165	167	170	313	209	235	110
LOC102655837	2	2	1	9	5	5	1	4	9	10	4
LOC410480	49	61	58	74	73	67	89	81	69	53	53
LOC100578034	8	11	13	7	5	0	4	3	3	3	4
LOC725033	57	49	41	61	66	32	60	64	53	62	51
LOC100576122	7	6	5	15	4	1	14	3	2	0	8
LOC107965541	97	80	84	20	71	25	71	53	38	30	61
LOC408443	135	135	123	156	149	129	166	178	151	137	133
LOC408444	1074	1754	1635	2595	2033	1674	2163	2353	2586	2195	1993
LOC107965509	4	8	4	6	1	8	9	5	8	7	8
LOC100576934	481	707	684	1212	950	818	990	945	915	1020	873
LOC107964014	90	95	96	118	123	88	112	96	106	119	92
LOC410482	3175	3304	3335	4308	3123	2681	3374	3265	3462	3568	2854
LOC102656664	138	247	184	308	289	233	251	263	316	264	249
LOC100577682	3928	4241	3771	6567	6651	5541	5690	6533	8003	6667	5784
LOC100577641	16	16	18	27	28	19	19	21	20	19	12
C1q-VP	318	333	350	514	340	326	433	424	449	369	369
LOC102653655	124	128	127	204	190	106	169	154	154	132	129
LOC107965489	54	60	81	91	90	57	76	122	65	75	75
LOC408446	5915	6626	6655	10367	10170	8701	9453	9638	10859	8857	7944
LOC410483	94	120	141	188	157	99	143	146	175	111	112
LOC410484	1000	1410	1076	2091	1704	1377	1952	2010	2261	1938	1887
LOC100577863	324	224	257	342	307	221	413	290	317	338	337
LOC413582	106	76	117	128	109	50	121	71	51	66	82
LOC725926	520	933	993	1574	1394	1103	1243	1457	1750	1198	1163
LOC113219221	7	6	1	2	3	1	11	2	2	0	0
LOC406105	6	12	84	14	22	6	9	7	9	12	7
Stg-1	45	23	23	36	44	12	34	20	22	20	20
LOC107965520	145	98	103	73	139	108	164	87	77	78	87
LOC107965519	73	55	66	50	77	45	66	65	42	36	50
LOC413579	220	274	354	514	474	377	392	410	498	418	396
LOC724121	73	97	83	157	141	96	99	99	162	170	105
LOC412313	372	421	472	639	580	513	520	583	711	596	541
LOC100577121	9	19	15	19	15	12	8	12	14	23	16
LOC724247	162	195	222	319	253	235	267	267	287	263	233
LOC412057	96	118	88	155	89	113	107	127	101	109	106
LOC102654315	25	36	35	19	27	34	18	22	20	34	32
LOC724338	104	177	210	431	262	261	315	307	391	276	377
LOC409331	164	233	234	418	340	225	307	353	385	308	260
LOC100578443	18	35	40	78	45	45	47	54	73	44	43
LOC551704	409	609	507	790	793	589	621	568	757	634	636
LOC100578406	28	55	56	90	75	41	52	83	98	53	79
LOC724550	879	943	911	1326	1030	874	1037	945	1009	1041	867
LOC724593	328	534	611	990	692	619	596	712	1025	644	708
LOC724646	551	607	568	937	762	636	691	815	784	734	723
ILP-2	12	17	19	14	19	9	9	10	11	20	17
LOC113219235	0	0	0	0	0	0	0	0	0	0	0
LOC552445	5382	6693	6484	9963	8336	6252	7965	8627	7891	7547	6942
LOC113219246	2	0	0	0	0	0	0	1	0	0	0
LOC552424	446	479	459	698	702	431	512	727	571	633	448
LOC409429	149	288	247	484	366	312	384	433	533	395	360
LOC552373	51	91	104	152	166	97	148	126	173	107	148
LOC725179	185	739	664	1198	799	635	733	767	1194	829	802
LOC107965534	0	0	2	0	0	1	0	0	4	0	0
CUTA	204	193	199	324	229	177	180	231	265	236	227
UHRF1	20	67	75	145	84	58	73	89	122	55	72
LOC409578	169	283	305	488	311	296	314	399	470	385	430
LOC409577	1411	1848	1766	2706	2341	1792	2139	2331	2400	2090	1905
LOC552361	426	491	525	733	559	470	573	539	663	542	499
LOC100579015	91	218	301	416	317	289	297	333	483	307	330
LOC413435	359	476	464	840	616	576	625	742	669	684	574
LOC409563	381	477	550	917	667	558	756	850	821	669	633
LOC408447	40	74	99	167	184	153	141	112	176	93	132
LOC410485	1449	1815	1630	2756	2319	1930	2455	2249	2449	2155	2017
LOC410486	6890	6878	6299	9043	7847	6432	6841	7179	7473	7238	6341
LOC408448	374	382	375	606	547	429	527	551	580	508	434
LOC410487	1483	1188	1312	1818	1972	1449	1903	2193	1904	1779	1778
LOC102656671	339	419	298	474	416	349	421	450	485	340	379
LOC550857	763	1695	1665	3300	2383	2127	2151	2445	3473	2261	2555
LOC413110	309	369	348	535	396	342	370	400	431	455	354
GluCl	6956	5697	5833	6917	7081	5616	7088	6544	7059	6492	6161
Mir3786	0	2	0	0	1	1	0	0	0	1	0
LOC552071	1920	2165	2181	3336	2640	2248	2200	2609	2837	2581	2366
LOC100576542	176	141	129	151	122	122	113	138	134	162	106
LOC100577506	688	556	576	731	628	515	702	649	702	751	610
TRNAI-UAU	0	1	0	0	0	0	0	0	0	0	0
LOC725291	478	549	525	581	629	460	483	630	512	627	441
LOC100576615	390	476	463	748	604	588	601	709	713	684	611
LOC100576767	33	43	26	50	48	21	44	73	57	62	38
LOC107965502	55	53	63	102	93	50	80	101	101	48	56
LOC107965504	15	19	29	43	18	19	31	26	41	18	13
LOC100576688	9	6	11	7	4	6	6	13	19	1	6
LOC408449	4268	3015	3248	5523	4516	2977	4549	3980	4810	4038	3790
LOC113219229	3	4	1	0	2	3	0	1	2	4	0
LOC409294	4409	3926	3492	4649	4494	3258	3618	4429	3628	4559	3169
LOC726364	189	295	302	521	447	334	312	398	509	335	345
LOC411972	90	137	130	215	170	140	124	185	216	211	132
LOC409743	242	585	675	1278	851	779	903	921	1229	848	914
LOC551275	1423	1437	1550	2303	2035	1665	1812	2008	2199	1874	1811
LOC409702	111	357	318	621	431	388	506	441	640	485	452
LOC102654842	0	0	0	0	1	0	0	2	0	0	0
LOC727642	2	7	3	6	2	1	2	7	11	7	3
LOC113219234	0	0	3	2	3	0	4	5	0	2	0
LOC100578854	29	14	48	48	55	28	45	35	49	29	28
LOC102654696	139	141	123	137	175	119	133	150	182	126	140
LOC412976	46	58	63	56	50	49	58	56	68	70	44
LOC412975	161	254	260	370	342	247	288	323	398	283	293
LOC100578048	28	4	18	21	37	3	23	9	9	10	30
LOC552261	619	1070	1225	2054	1625	1645	1391	1609	2381	1620	1563
LOC727648	335	500	444	755	512	488	544	629	632	548	511
LOC727650	275	356	318	536	420	345	512	411	498	364	363
LOC727652	450	652	597	847	701	634	718	783	761	803	699
LOC100578380	136	133	158	165	181	109	188	178	181	169	140
LOC409177	517	783	724	1283	1045	910	1130	1258	1396	1044	1096
LOC551579	145	312	212	463	302	250	339	348	409	427	334
LOC408451	20	31	39	46	19	14	25	37	35	25	18
LOC552017	807	942	950	1553	1173	831	1140	1162	1076	1023	1075
LOC102656582	15	4	4	4	3	1	3	7	6	11	1
LOC107965484	9	12	13	36	21	14	22	25	15	29	25
LOC410489	96	159	155	173	227	99	140	183	216	179	120
LOC100576690	36	28	29	14	42	18	47	34	28	17	25
LOC408452	5662	9181	9046	15610	11162	10304	12375	12168	16778	10635	10719
LOC725621	17125	25009	24924	37694	31647	25430	35308	33856	35911	32695	26660
LOC113219243	2744	2536	2451	2921	3865	2498	4479	4557	3184	4324	3094
LOC408453	21942	22948	22871	27562	36052	30460	46648	43383	35261	41473	30449
Mir137	13	0	2	1	1	2	0	0	3	0	1
LOC107965483	300	151	180	173	279	159	250	112	133	143	122
LOC410492	20394	20882	23743	32182	28737	22362	29653	36328	32880	34404	28703
LOC551846	5236	4150	4557	6573	6164	4302	6009	4988	5697	5431	4889
LOC102656882	5	8	18	4	7	5	3	2	7	5	4
LOC551741	31	47	54	89	69	40	57	66	80	77	36
LOC551709	92	172	141	189	158	123	154	151	230	190	152
LOC551684	5426	5598	5902	7663	7765	5759	6479	7197	7065	7307	6059
LOC551651	9909	8516	8621	11946	11248	8865	10379	10760	11192	10926	9256
LOC412271	27	44	53	70	42	47	48	33	53	31	33
LOC409408	310	478	395	611	500	464	559	590	690	546	489
LOC411663	28	117	129	262	158	137	125	184	256	171	186
LOC726020	749	638	637	1160	1006	749	685	786	1074	735	713
LOC411662	462	552	645	903	669	528	565	695	816	651	592
LOC411661	333	744	631	1134	788	764	873	916	1016	803	876
LOC726066	8	9	15	7	11	11	15	9	2	6	7
LOC551428	291	282	300	422	393	419	411	515	407	466	324
PPO	306	303	285	630	443	282	358	260	384	340	197
LOC409299	1473	1940	1957	2957	2618	2167	2455	2730	2961	2650	2531
LOC107965480	0	0	0	0	0	0	0	0	0	0	0
LOC551327	8	1	1	1	4	9	4	7	4	1	9
LOC726153	71	63	100	64	54	69	113	55	86	49	61
Mir3787	0	0	0	0	0	0	0	0	0	0	0
LOC102654440	26	13	11	9	6	9	9	3	9	8	2
LOC550734	1511	1521	1697	2365	2232	1858	2081	2241	2333	2189	1942
LOC551212	285	435	435	660	542	519	504	605	674	603	516
LOC412623	109	146	134	196	184	150	217	192	223	184	158
LOC107965532	18	13	17	36	17	23	29	34	28	40	37
LOC725149	323	540	520	711	586	493	600	592	702	642	491
LOC552650	85	133	156	207	171	100	123	127	193	121	125
LOC102653718	1	3	6	7	7	1	2	9	4	4	7
LOC409751	26	54	44	69	50	26	35	41	32	44	29
LOC100577002	3520	4455	4273	6520	5331	4318	5517	4839	5475	5051	4402
LOC102654160	87	95	78	117	97	105	137	69	113	100	86
LOC725318	299	294	286	481	415	308	398	394	445	382	352
LOC102654224	1	5	0	5	1	0	1	0	0	0	1
LOC725346	335	661	506	966	883	839	930	933	1295	1001	1025
LOC102654427	455	424	299	413	431	333	474	447	394	484	370
LOC725420	688	986	950	1556	1312	1185	1530	1576	1534	1289	1262
LOC725456	403	512	483	731	619	454	614	591	757	655	595
LOC107966062	33	15	30	25	23	14	28	31	28	17	22
LOC413068	192	305	314	523	471	374	400	367	552	358	334
LOC413069	590	936	905	1454	1334	1125	1253	1267	1469	1227	1176
LOC102654724	37	30	22	32	26	23	19	54	29	39	21
LOC725575	468	520	586	991	767	639	767	921	891	804	787
LOC100577136	259	217	242	362	331	265	344	260	278	358	267
LOC725607	26	43	57	64	61	54	59	38	62	48	55
LOC409752	164	323	249	429	280	258	334	345	481	318	282
LOC409753	57	95	91	140	96	93	100	96	111	107	117
LOC552116	168	242	318	475	407	303	369	430	421	389	389
LOC726692	2218	2446	2722	3896	3345	2814	3362	3337	3862	3674	3155
LOC409894	293	427	397	703	511	471	451	550	650	524	570
LOC552088	355	405	416	672	599	462	440	595	664	511	488
LOC727486	433	672	676	1315	1301	926	1016	1247	1602	1078	1202
LOC100577840	40	23	22	40	29	22	29	40	18	25	24
LOC726906	366	476	497	822	538	501	490	603	756	555	536
LOC412320	117	254	277	441	333	276	284	385	456	300	278
LOC550686	1383	1801	1599	2879	2410	2198	2333	2633	2966	2644	2401
LOC412070	122	143	140	289	200	135	180	189	259	228	212
LOC726867	687	1004	1005	1580	1346	1131	1388	1414	1668	1396	1246
LOC726961	258	271	276	452	296	299	285	345	396	332	275
LOC412074	1553	2608	2650	4264	3271	2719	3663	3563	4819	3407	3510
LOC102655994	217	279	236	369	316	291	258	299	455	321	337
LOC551882	1201	1156	1190	1686	1598	1237	1243	1697	1388	1648	1227
LOC409084	1097	1340	1263	2118	1661	1333	1718	1780	1885	1602	1552
LOC113219217	18	42	33	44	47	54	38	88	40	43	19
LOC726928	209	226	338	472	310	277	412	297	514	316	358
LOC113219237	608	706	697	1059	849	751	809	816	1024	822	822
LOC412617	156	292	272	480	352	307	385	363	510	368	410
LOC494509	378	443	509	788	784	702	715	796	910	806	809
LOC551618	293	319	308	546	381	313	357	408	510	404	376
LOC726922	237	510	429	862	655	618	664	758	856	775	689
LOC100577279	206	261	273	426	282	237	314	376	362	329	295
LOC413466	119	142	156	147	145	89	164	117	183	104	128
LOC724365	423	385	333	442	398	339	369	416	427	464	376
LOC551191	239	241	233	307	300	219	229	349	324	281	245
aub	140	246	229	360	294	254	335	362	379	309	329
LOC724506	117	140	162	245	156	153	169	171	213	160	161
LOC409300	3659	3905	3296	5813	4912	3806	4708	4697	4893	4603	4013
LOC102654890	523	608	613	876	710	636	723	763	756	714	650
LOC100577050	7	8	16	24	28	15	13	19	49	32	31
LOC724688	171	151	194	256	243	172	181	216	236	239	203
LOC113218534	92	82	80	135	109	109	101	116	128	132	138
LOC409902	323	542	575	1071	737	598	748	778	1039	709	748
LOC102654519	12	12	7	12	7	19	10	21	13	15	26
LOC100576983	41	52	73	79	42	51	47	59	38	52	81
LOC724846	228	209	184	226	237	216	171	199	238	244	219
LOC411857	475	647	736	1035	860	718	841	895	1027	833	868
LOC552492	644	630	650	934	883	707	760	924	936	851	781
LOC552508	19	32	41	42	40	35	26	35	46	35	26
LOC552517	6133	6100	5482	7427	7162	5432	6540	6939	6500	7034	5761
LOC552532	162	341	317	509	360	336	346	343	498	380	398
LOC725055	94	119	132	230	169	128	115	165	169	163	128
LOC552569	320	526	457	742	672	591	561	651	737	641	619
LOC102653879	444	690	787	1368	971	860	835	1076	1215	944	944
LOC100576082	23	62	28	61	46	37	50	41	72	33	36
LOC551378	24	30	51	73	52	34	54	47	35	59	70
LOC725200	32	29	42	49	47	32	56	38	40	47	42
LOC413601	516	490	474	703	633	463	493	589	647	666	474
LOC724206	136	213	169	312	222	176	241	261	356	233	225
LOC409984	377	349	368	570	460	410	449	458	514	442	481
LOC724158	95	39	61	67	81	48	58	61	64	70	48
LOC409985	308	386	380	656	493	379	453	470	623	432	496
LOC408455	1013	957	966	1797	1526	1162	1591	1678	1548	1337	1490
LOC102656201	139	92	93	106	82	80	140	72	90	82	102
LOC410493	170	267	259	450	353	289	349	348	509	377	331
LOC113219222	118	96	90	158	107	108	103	128	115	95	98
LOC100578931	221	309	357	433	333	276	328	401	386	374	354
LOC725583	107	156	164	253	163	161	194	214	255	205	191
LOC410494	543	436	469	545	565	347	422	586	495	627	459
LOC408456	1296	1658	1329	2323	2331	1680	2342	2470	2351	2105	1977
LOC410495	335	255	214	225	280	200	381	258	237	221	229
LOC113219241	236	138	128	80	130	113	273	128	123	111	130
LOC100578862	126	134	101	145	163	126	172	129	144	127	125
LOC410497	2661	3065	3150	5010	4254	3365	4383	4400	4489	3900	3725
LOC410498	11883	9901	9440	14543	14095	10347	13332	13391	14551	12321	11865
LOC410499	71	29	46	34	35	20	45	42	48	39	49
LOC102655247	7	2	2	4	3	1	4	0	0	2	2
LOC100578729	21	5	16	10	10	10	8	2	9	16	11
LOC100577065	94	52	60	50	44	46	77	35	50	35	42
LOC100577030	283	347	334	550	357	300	329	383	353	312	239
LOC408457	741	1029	1027	1611	1271	1111	1193	1344	1270	1244	1263
LOC410501	43	71	75	145	74	42	56	110	87	88	66
LOC410502	184	268	341	549	361	307	361	438	464	347	356
LOC408458	491	569	602	814	664	562	642	656	741	628	607
LOC726184	1633	1569	1588	2361	2099	1641	2029	2269	2294	2087	2049
LOC726227	99	95	75	116	119	86	93	97	106	97	84
LOC102654839	13	11	18	17	25	22	29	33	19	20	19
LOC100576814	235	336	275	428	336	305	408	358	393	400	306
LOC726275	31	39	25	37	39	31	59	28	21	31	24
LOC410505	389	520	561	907	675	516	747	714	706	646	576
LOC410506	40	64	72	156	102	107	123	133	143	154	158
LOC107965522	4	7	7	14	2	4	5	12	8	6	2
LOC410507	580	590	533	882	634	574	675	645	816	723	628
LOC100578563	89	121	107	198	165	116	136	126	194	155	111
LOC726392	225	326	303	396	325	298	321	362	337	325	310
LOC102654480	0	0	1	1	0	0	2	3	0	1	0
LOC410509	81	200	155	232	178	125	228	209	191	236	159
LOC410510	162	427	397	757	536	504	664	625	610	500	574
LOC410511	650	999	962	1569	1300	1001	1339	1211	1447	1125	1166
LOC410512	60	120	131	214	164	127	134	170	200	147	148
LOC726492	715	590	564	737	688	588	625	684	793	730	547
LOC410514	579	717	606	1129	1027	770	1024	1235	1104	872	904
LOC410515	24	33	51	18	32	15	40	23	22	24	20
LOC726582	222	181	136	148	178	149	262	162	131	148	155
LOC726600	680	899	772	1326	1057	970	971	1024	1003	997	820
LOC410516	154	353	353	546	403	300	373	333	412	398	308
LOC408461	147	194	178	327	204	187	228	241	255	214	236
LOC552776	717	932	813	1307	1069	894	1010	1123	1128	1015	1024
LOC410517	1579	2630	2262	4078	3615	2937	4157	4104	4041	3789	3338
LOC113219242	32	31	26	13	28	27	59	27	24	33	11
LOC726697	168	286	205	525	354	272	369	453	407	345	363
LOC410518	206	302	328	481	456	330	336	386	452	427	411
LOC102656485	106	113	95	143	149	107	102	111	113	126	110
LOC408462	59	164	249	561	328	312	418	420	425	273	257
LOC408463	3816	4900	4548	7386	7618	6127	7380	7610	8004	6794	6234
LOC100576236	96	107	126	136	150	134	108	129	107	121	113
LOC100578265	1	1	0	0	3	4	7	0	2	2	6
LOC408464	347	439	417	699	453	396	484	557	672	552	536
LOC552735	497	360	427	540	471	375	440	478	437	451	391
LOC726791	421	538	507	788	734	537	565	568	714	540	610
LOC100576265	26	50	37	47	19	38	22	47	30	36	31
LOC113219218	1	4	7	9	1	9	4	5	8	8	7
LOC551303	267	333	308	447	342	307	358	323	471	387	297
LOC411920	488	751	704	1148	1071	803	1071	1027	1151	966	881
LOC102653690	6	16	3	11	7	2	4	8	4	12	14
LOC724293	540	1010	1027	1705	1270	1144	1366	1286	1880	1322	1341
LOC102653589	18	25	20	30	31	27	35	34	31	24	36
LOC410120	1632	1238	1164	1623	1465	1175	1168	1473	1319	1521	1186
LOC100576226	86	150	114	192	173	125	136	165	176	160	122
LOC100576195	981	787	711	930	984	738	706	906	885	995	719
LOC724339	274	329	306	444	393	349	313	402	388	369	345
LOC410121	177	243	264	395	264	333	319	351	468	339	343
LOC724420	2680	1991	2168	2659	2646	2030	2567	2619	2268	2487	2223
LOC409862	1043	1448	1359	2211	1934	1704	2039	2007	2174	1867	1972
LOC413305	558	810	825	1323	985	971	977	976	1139	1063	933
LOC724487	424	683	657	1071	813	618	819	922	757	917	642
LOC724594	27	87	105	199	152	116	140	128	202	92	106
LOC100576128	24	36	47	59	66	54	48	47	67	34	65
LOC107965486	0	0	0	0	0	0	0	0	0	0	0
LOC102656425	118	108	133	190	136	111	127	169	137	164	131
LOC724731	671	533	530	696	718	538	584	614	674	609	495
LOC409276	85	212	244	440	423	267	288	377	582	324	354
LOC551439	422	412	364	608	480	458	524	527	621	515	489
LOC412954	550	555	532	797	660	590	618	686	652	717	520
LOC551344	390	621	578	709	589	562	597	681	672	682	547
LOC411520	2211	2392	2153	3249	3186	2254	2578	3118	2791	3085	2261
LOC724879	611	584	613	849	774	554	620	785	656	729	586
LOC552701	171	200	271	424	324	245	260	288	340	251	265
LOC100577784	198	317	243	464	314	272	303	303	427	356	304
LOC413793	24	44	69	88	62	51	59	112	87	73	59
LOC725056	206	215	188	259	214	143	212	202	215	243	178
LOC413794	113	147	133	235	172	135	143	159	184	151	154
LOC412941	239	235	211	353	307	333	330	346	407	349	381
Mir282	2	1	2	5	6	2	4	8	5	4	0
LOC100577263	378	327	320	476	423	268	295	405	341	374	317
LOC552652	76	109	127	217	153	110	143	165	145	162	151
LOC552640	136	185	143	175	143	122	183	166	203	174	136
LOC725184	5753	6348	6234	9516	9403	7369	8059	8048	8792	8000	7225
LOC552632	6137	5243	4666	5996	6189	4510	5192	6148	4813	6037	4524
LOC408465	2968	2533	3492	5606	4344	2931	3706	3412	4307	3110	3770
LOC725310	2514	2133	2152	2681	2569	1997	2292	2460	2438	2638	2075
LOC408467	166	169	176	347	253	175	267	272	289	218	247
LOC410520	12	8	13	0	11	6	8	5	10	6	5
LOC410521	235	314	313	358	383	248	358	333	550	357	319
LOC113219231	132	293	264	518	469	374	344	303	632	398	333
LOC552592	142	225	224	373	290	245	312	344	340	314	249
LOC107965473	728	689	625	892	828	584	708	846	793	821	667
LOC552579	1333	1631	1420	2070	2011	1559	1774	2072	1819	2080	1542
LOC725467	1062	1147	1271	1964	1644	1419	1684	1656	1873	1593	1502
LOC725502	73	101	135	146	183	161	165	157	268	158	138
LOC410525	544	539	484	720	664	548	627	703	738	669	648
LOC102654738	4	1	1	6	1	2	0	2	0	5	3
LOC100577155	40	18	28	21	6	18	24	22	8	26	22
LOC410526	79	33	27	14	25	21	38	26	31	42	24
LOC410527	752	1286	1197	2388	2017	1723	2267	2267	2327	1850	2127
LOC406146	1413	2329	2023	3191	2469	2072	2938	2691	2893	2587	2351
LOC552485	1635	1497	1514	2313	2071	1688	2013	1948	2151	2013	1778
LOC100578877	128	136	124	94	104	90	114	111	67	119	126
LOC725754	317	249	273	182	245	237	351	202	165	237	175
LOC100576925	183	173	191	197	204	154	214	210	229	217	186
LOC725784	96	195	221	355	276	239	262	306	315	213	240
LOC410530	1116	1848	1668	2481	2412	2090	2749	2691	2511	2438	2042
LOC100576805	2187	1616	1613	2502	2611	1779	2660	2147	2348	2173	1850
LOC725978	73086	81315	62736	90606	85891	75896	98683	93903	85977	92952	70918
LOC100578813	6	15	8	37	19	18	32	20	17	23	11
LOC408470	5652	9120	8571	16343	15010	11651	14648	14844	18060	14079	13757
TRNAG-UCC_4	13	1	9	2	4	5	0	4	7	6	4
TRNAG-CCC	12	19	4	6	10	3	7	7	5	3	3
LOC100578776	173	200	237	336	306	240	303	319	325	322	221
LOC410532	947	1295	1283	1933	1859	1565	1829	1787	2018	1736	1417
LOC410533	126	150	203	265	251	154	248	254	272	218	204
Mir3788	0	1	0	0	0	0	2	0	1	0	0
LOC410534	130	76	74	45	57	50	109	47	54	67	65
LOC410535	236	259	253	262	198	167	254	166	179	196	163
LOC726124	30	19	34	24	25	18	23	28	29	27	27
LOC102655921	8	6	22	4	3	8	11	9	2	0	11
LOC410537	61	30	58	19	46	73	64	69	44	38	34
LOC408471	895	1453	1338	2321	1701	1515	2196	1812	2208	1493	1536
LOC410538	507	714	665	978	802	763	982	840	892	788	772
LOC726322	676	1032	934	1519	1112	896	1185	1019	1147	988	912
LOC726276	357	401	390	497	465	382	393	470	490	481	385
LOC408473	215	246	218	221	259	202	274	306	204	224	184
LOC408474	3429	3602	3130	4322	3374	3071	4076	3105	3572	3753	3027
LOC410539	1090	1313	1373	2018	1862	1593	1886	1994	2214	1920	1850
LOC726373	478	628	617	848	616	594	712	716	817	749	645
LOC410541	203	339	365	487	379	398	403	484	532	382	447
LOC552043	257	319	329	462	412	305	356	428	390	404	350
LOC410542	93	154	160	345	216	179	223	194	306	224	228
LOC551990	144	177	177	283	237	185	242	226	253	220	202
LOC409549	1344	1606	1600	2307	2197	1744	1859	2098	2108	1954	1670
LOC551944	1496	1630	1861	2564	2230	1670	2084	2324	2102	2051	1730
LOC409945	725	806	744	1060	965	738	861	949	945	830	830
LOC726474	26	55	65	95	62	68	57	90	98	78	64
LOC726493	75	103	89	138	104	75	113	139	152	141	100
LOC412301	3648	3770	3618	5248	4358	3588	4065	4174	4867	4464	3883
LOC551823	363	549	523	879	675	506	637	732	682	628	574
LOC550799	280	337	370	736	483	428	576	548	705	494	442
LOC726527	4361	4047	3963	4951	4608	3550	4670	4747	4426	4796	3913
LOC551766	4642	6761	6627	10716	8207	7230	7764	8412	9685	8264	7702
LOC551740	811	730	768	981	870	698	798	856	868	907	719
LOC551708	78	103	91	203	142	109	107	159	205	111	120
LOC107963972	1	2	3	10	3	3	4	5	4	0	0
LOC100578998	13	28	27	19	28	12	16	7	24	23	14
LOC413909	1049	1123	971	1568	1281	1084	1165	1214	1358	1224	1032
LOC102653795	88	115	84	99	119	99	106	116	122	94	108
LOC100578743	123	201	228	351	252	239	294	249	371	298	305
LOC726649	1049	1112	1154	1811	1553	1210	1400	1421	1558	1469	1321
LOC100578703	31	20	25	37	19	13	29	17	17	34	21
LOC726670	179	350	314	573	422	397	426	474	569	349	433
LOC551561	494	551	582	745	696	576	737	790	853	737	755
LOC100578515	682	988	898	1812	1264	918	1411	1419	1364	1177	1433
Mir9878	16	4	16	22	19	11	19	16	20	6	13
LOC726723	28	93	109	197	134	94	133	153	239	115	139
LOC552824	265	305	328	427	393	332	326	331	419	331	346
LOC100576402	148	363	324	493	415	330	369	438	509	432	365
LOC552815	73	116	94	135	112	90	106	113	120	109	76
LOC100576374	29	35	51	52	47	57	31	42	60	48	43
LOC552812	115	198	200	385	260	237	233	243	362	299	286
LOC726839	1573	2505	2394	4235	3765	3264	4444	4292	4927	3803	4016
LOC408477	1814	1713	1763	2379	2326	1734	1860	2283	1906	2200	1788
LOC408478	2859	4044	3810	6254	5198	4888	6231	5333	6583	5015	5439
LOC410545	1496	1654	1629	2647	2215	1942	2489	2263	2396	2023	2158
LOC107965506	5	2	1	12	1	5	6	5	8	7	12
LOC410546	18	31	27	94	70	85	48	38	96	45	66
LOC408480	594	1371	1457	3035	1627	1548	1746	2325	2438	1950	2077
LOC408481	1236	1642	1481	2262	1978	1502	1975	2003	2165	2012	1867
LOC726947	920	1321	1340	2002	1809	1351	1811	1632	1657	1527	1610
LOC102655464	103	94	104	82	106	78	119	102	99	76	91
LOC107965494	15	18	14	33	18	21	44	21	29	24	20
LOC410547	253	371	318	528	486	337	365	442	375	394	387
LOC726979	115	154	157	273	172	147	166	203	219	159	221
LOC107963986	126	232	242	414	249	192	285	241	269	253	241
LOC726997	239	334	410	485	294	291	445	457	397	421	443
LOC727008	432	736	706	1226	854	717	944	962	1083	882	909
Reck	133	305	288	488	382	318	445	378	423	426	325
LOC410549	81	188	177	283	250	191	201	207	369	165	207
LOC727026	463	343	315	406	364	297	254	435	307	407	222
LOC410550	652	585	502	880	587	633	724	810	817	636	768
LOC100576251	422	211	281	229	232	204	292	185	219	242	226
LOC100577632	151	130	151	121	131	97	193	108	93	103	91
LOC107965550	2	2	10	0	3	3	0	1	0	0	0
LOC113218537	519	778	665	1163	969	813	1009	906	1011	872	822
Mir9894	0	1	3	0	1	5	0	0	0	0	1
LOC410553	352	202	201	86	162	128	227	151	125	185	139
LOC113218579	702	811	767	1204	1054	884	915	1017	1052	966	931
LOC410554	270	340	298	449	344	265	433	374	404	419	340
LOC727081	372	861	826	1513	1362	1059	1209	1319	1451	1144	1338
LOC410555	14	18	12	20	13	6	24	15	7	12	20
LOC100576184	51	68	51	67	48	42	59	40	55	36	44
LOC107965485	39	81	53	68	51	55	74	68	70	46	62
Mir3789	0	0	0	0	0	0	0	0	0	0	0
LOC100577387	18	29	26	38	34	22	18	20	38	21	37
LOC102653936	29	42	33	42	41	26	31	40	45	35	25
LOC107963969	37	25	17	48	22	11	26	21	27	24	11
LOC100576152	21	16	13	28	27	8	33	27	18	23	20
LOC100577362	6	5	5	2	4	3	11	3	14	5	3
LOC727121	1219	1573	1567	2404	2753	2238	2605	2674	3035	2251	2466
LOC727129	1176	1107	1144	1355	1179	1202	1505	1336	1181	1388	902
LOC552724	189	322	308	407	225	169	290	221	276	278	221
LOC727135	829	915	990	1410	1235	983	1255	1226	1401	1236	1136
LOC100577180	27	69	74	100	101	76	85	82	123	85	69
LOC727151	9	8	7	8	14	5	12	8	11	11	9
LOC410556	311	484	458	679	643	548	615	635	590	614	490
LOC113219244	109	179	149	221	145	153	195	161	160	163	170
EphR	1812	1129	1223	1686	1431	1200	1721	1316	1409	1268	1426
Mir3790	2	0	1	0	1	0	0	0	0	1	0
LOC727128	5667	4574	3736	5409	5505	3804	4091	5577	4079	5392	3818
LOC100579005	27	20	25	24	40	24	35	59	34	25	24
LOC727174	271	336	304	519	370	325	342	363	483	392	430
LOC552671	2460	2502	2589	4240	3692	2875	2906	3423	3616	3207	3097
LOC727150	198	347	340	629	386	344	386	373	567	413	408
LOC410557	3118	2875	2839	3824	3734	2902	3176	3720	3596	3647	2919
LOC727185	878	1239	1326	2107	1566	1325	1820	1791	2118	1799	1494
LOC410558	546	692	647	972	770	641	802	780	971	809	705
TRNAI-UAU_1	0	0	0	0	0	0	0	0	0	0	0
LOC100578935	21	18	3	16	25	20	18	18	12	30	13
LOC408493	297	432	445	630	539	520	461	509	584	558	452
LOC408494	40	87	73	103	66	60	74	82	65	66	90
LOC102655979	25	41	42	60	43	25	30	33	26	29	41
LOC410559	41	30	42	32	49	29	44	24	23	28	53
LOC727164	49	51	31	32	87	75	76	55	66	57	54
LOC102655844	20	22	22	30	19	15	17	14	11	20	9
LOC102655815	247	104	146	92	137	106	184	72	97	101	79
LOC727232	1489	2417	2125	3455	2900	2247	3311	2615	2910	2682	2507
LOC727235	1216	1291	1238	1803	1615	1338	1873	1577	1703	1525	1491
LOC727238	605	774	803	1251	977	829	1120	1149	1166	1133	988
LOC408497	277	699	684	1576	975	802	936	1074	1206	878	940
LOC410561	109	109	144	225	147	121	113	157	124	123	127
LOC727254	758	534	490	582	525	423	552	577	565	602	470
LOC410562	119	107	135	170	166	130	190	139	141	105	114
LOC102654676	38	111	77	208	116	138	202	184	170	113	125
LOC113218540	81	132	112	241	231	173	203	222	228	153	175
LOC410563	33	63	54	124	119	87	78	103	89	86	66
Blop	35	23	19	52	108	43	57	38	61	38	37
LOC413569	3101	2051	2508	3677	3101	2114	3462	2740	2979	2689	2779
LOC102654486	3	6	1	6	7	12	18	15	2	5	7
LOC408503	1610	1455	1456	2002	1850	1419	1580	1677	1714	1788	1553
LOC410567	253	368	433	550	473	395	488	471	540	455	451
bantam	4	2	2	9	0	0	1	4	0	1	2
LOC727284	217	372	337	449	358	306	478	418	405	429	298
LOC727287	56	93	68	44	74	43	72	55	59	57	48
LOC410570	327	634	497	947	840	640	897	732	932	731	668
LOC727294	471	461	425	531	601	391	478	456	419	559	356
LOC410571	308	373	383	642	535	477	509	540	623	559	533
MARCH6	248	873	781	1777	1318	1037	1277	1327	1743	1099	1301
LOC552355	965	1065	902	1298	1215	1017	1183	1179	1268	1238	1038
LOC727313	71	116	109	202	129	116	195	148	195	125	140
LOC409253	1013	1374	1440	2179	1712	1405	1565	1723	2053	1756	1540
LOC727311	226	506	580	1250	839	844	666	794	1513	693	872
LOC412296	363	476	458	766	628	488	636	571	761	553	549
LOC727320	380	522	583	788	683	582	723	708	740	681	713
LOC411495	89	115	116	157	148	110	89	120	158	138	112
LOC727280	388	274	301	418	354	319	350	336	480	346	370
LOC100576608	109	87	111	112	116	100	110	103	128	106	84
LOC410565	858	1061	1020	1572	1492	1177	1547	1537	1648	1379	1369
Tom7	225	229	169	262	228	155	197	241	246	279	191
LOC100576530	559	373	451	576	540	395	416	604	486	569	349
LOC100576461	189	506	539	995	778	608	653	709	926	587	690
LOC408500	1315	2896	2324	4200	3195	2658	3890	3405	3682	3184	2855
LOC113219239	9	6	18	3	7	10	14	1	3	0	5
LOC102653748	97	94	131	134	121	117	135	121	95	100	135
LOC727335	142	60	66	77	45	66	75	46	78	61	53
LOC413286	167	163	156	212	184	199	208	200	222	215	181
LOC413285	302	305	292	404	369	278	313	349	362	380	273
LOC727312	527	1123	965	1877	1471	1243	1532	1491	1892	1394	1398
LOC727309	811	741	580	851	898	628	693	813	650	788	612
LOC409614	693	690	640	947	827	672	722	819	898	823	726
LOC107965500	664	632	592	755	688	581	757	780	715	758	602
LOC724159	446	964	1224	2716	1306	1227	1513	1657	2070	1254	1321
LOC408441	796	801	794	1179	1238	912	1031	1083	1083	1153	886
LOC551446	1853	2827	2826	5388	4468	3648	4365	4448	5298	4019	4172
LOC408442	408	667	561	1004	808	716	833	825	983	733	711
LOC102655179	2	0	1	2	0	0	0	0	0	0	0
LOC113219240	1	2	1	0	0	1	0	1	1	3	5
Metrn	1184	1125	1014	1533	1337	1069	1414	1350	1366	1320	1121
LOC724294	790	615	876	1534	1078	698	843	1030	1247	920	923
LOC408501	1280	1953	1851	2965	2399	1941	2287	2612	2762	2360	2163
LOC410566	281	263	246	368	312	252	373	298	385	348	319
LOC409405	413	354	364	515	397	323	381	396	444	394	340
LOC727429	0	2	2	3	2	0	3	1	3	3	1
LOC412100	315	362	322	499	400	279	295	425	398	332	380
LOC102653951	28	12	27	25	38	38	30	47	40	37	29
LOC411467	433	545	555	768	649	644	645	575	830	623	621
LOC411466	598	1309	1352	2698	1689	1512	2455	2157	2416	1682	1818
LOC411463	183	244	271	368	361	289	355	402	371	314	293
LOC413973	1	3	5	6	3	2	3	0	3	3	0
LOC410636	1581	1490	1355	1856	1792	1248	1570	1764	1592	1730	1341
LOC100576614	849	1024	984	1150	1142	963	1112	1261	1421	1095	1075
LOC724789	146	221	220	390	338	287	303	308	425	325	321
LOC551316	319	349	348	488	398	315	305	363	397	437	357
LOC724865	924	1576	1618	3416	2432	1624	2265	2981	3105	2772	2444
LOC550941	9	10	16	14	12	3	7	15	15	10	7
LOC107965788	3	10	11	16	7	21	13	7	19	13	13
LOC100576799	101	146	160	282	186	175	220	229	244	176	245
LOC107965787	1388	1152	1002	1295	1093	863	1003	1176	1174	1144	1017
Mad	7376	6309	8517	14568	10318	6291	8952	6872	9655	7699	8095
LOC102654757	1	1	5	1	1	6	12	7	0	3	1
LOC107965614	5	3	9	4	3	6	5	1	7	4	1
LOC107965615	9	6	9	21	16	11	15	14	4	4	8
LOC725987	160	156	178	251	221	177	204	206	244	237	191
LOC408504	853	1016	877	1510	1185	946	1060	1148	1235	1100	968
LOC551005	2625	3115	2958	5268	5217	4009	4459	5151	5717	4579	4750
LOC412453	322	443	436	660	503	435	449	429	537	473	398
TRNAL-CAG_2	0	0	0	0	0	0	0	0	0	0	0
LOC726067	502	754	673	926	828	795	773	759	978	737	710
LOC409185	184	127	126	184	171	150	224	143	199	99	189
LOC107965636	0	5	0	8	3	2	9	6	24	9	8
LOC100577754	81	87	65	96	88	114	82	68	136	72	121
LOC411746	33	61	61	83	71	71	82	99	115	67	94
LOC107966025	1	2	0	7	2	0	5	2	4	0	4
LOC550915	236	223	248	439	363	344	293	353	392	356	324
LOC726277	210	217	216	269	201	179	190	268	256	290	227
Ing3	198	238	222	330	289	233	280	267	343	274	317
LOC409204	291	415	397	545	346	374	556	528	452	490	444
LOC411797	707	765	778	1172	971	797	938	966	1144	999	899
LOC409200	212	635	631	1387	890	772	909	1003	1296	796	977
LOC725889	443	457	412	519	524	440	522	528	531	527	435
LOC100577679	117	116	106	193	138	124	192	148	161	152	125
LOC411827	1109	1546	1459	2547	1918	1521	2142	1756	2104	1844	1820
LOC102656039	82	39	81	47	85	45	111	46	51	43	76
LOC552553	203	242	236	319	277	229	205	321	250	320	224
LOC102654708	186	187	216	298	246	175	163	239	254	200	187
LOC100578260	268	490	553	938	821	602	776	800	868	692	812
LOC411958	33	101	88	192	106	114	126	158	171	94	146
LOC409573	244	216	294	406	352	265	342	287	372	224	316
LOC100578556	76	234	222	478	278	258	285	347	415	341	334
LOC726792	76	92	75	103	141	108	166	123	143	117	143
LOC113219268	323	409	455	544	347	288	342	333	438	342	310
LOC552750	272	367	325	425	324	312	323	338	377	306	307
LOC726745	301	336	347	417	418	316	329	331	414	343	313
LOC100577836	79	99	96	191	111	114	133	125	134	134	162
LOC552736	1752	1993	1914	2994	2668	2026	2000	2560	2817	2430	2184
LOC552730	344	378	369	491	469	399	423	451	485	415	422
LOC409508	113	140	131	242	192	168	239	198	252	196	173
LOC412489	234	281	261	483	366	329	349	438	421	380	376
LOC100578725	386	317	284	460	436	290	338	420	390	460	326
LOC409485	782	1196	1285	2384	1618	1283	1400	1805	1886	1660	1614
Mir318	0	0	0	0	0	0	0	0	0	0	0
Mir2944	0	0	0	0	0	0	0	1	0	0	0
Mir9c	0	0	0	0	0	0	0	0	0	0	0
Mir279b	0	0	0	0	3	0	0	0	0	0	0
Mir3791	0	0	0	0	0	0	0	0	0	0	0
Mir3478	0	0	0	0	0	0	0	0	0	0	0
LOC726631	210	315	311	465	388	271	354	381	429	331	303
LOC412430	420	474	387	609	564	423	503	484	589	530	432
LOC726601	469	773	716	1059	1001	822	1072	1103	1114	1073	923
LOC100578894	14	37	65	34	62	18	69	50	51	65	40
LOC726566	197	374	349	537	419	365	365	403	495	422	426
LOC726528	29	46	34	46	39	38	50	58	65	37	29
TRNAH-GUG_3	3	0	5	6	8	1	5	4	3	0	2
TRNAR-CCU_3	0	0	0	2	0	0	0	0	0	0	0
TRNAM-CAU_9	0	0	0	1	0	0	0	0	0	0	0
LOC725811	235	250	272	466	318	306	292	289	424	343	302
LOC551525	234	251	201	347	249	262	266	270	266	212	241
LOC100577418	125	197	187	341	257	159	190	207	230	208	195
Obp13	6	0	0	1	0	0	0	0	0	0	0
Obp14	37	19	56	39	32	21	16	16	60	32	21
Obp15	9105	6922	7464	12137	13791	8797	10090	10829	9725	14127	8206
Obp16	34199	33802	33096	46886	46725	33778	42025	50867	42423	47381	36031
Obp17	4012	4493	4650	6623	2924	2453	3027	3084	3363	3371	2849
Obp18	6031	5062	5707	7331	5843	4200	4727	6358	6899	6697	5426
Obp19	23357	15465	12743	23536	21425	16520	15777	18421	13279	21447	14259
Obp21	41376	40513	42502	55060	38291	31173	38041	45540	50720	46624	38142
LOC726435	392	454	537	838	629	517	612	659	694	649	664
LOC551984	115	613	635	1197	719	582	715	852	1020	757	806
LOC725717	178	128	127	190	186	132	140	177	227	178	184
LOC413200	22	56	43	103	100	76	73	90	120	82	65
LOC113219251	63	71	52	37	90	35	78	57	30	54	53
TRNAH-GUG_4	0	0	0	0	0	0	0	0	0	0	0
LOC107965573	1	0	1	3	2	0	3	2	0	2	0
LOC409835	1	5	3	6	4	1	3	6	0	9	5
LOC727223	688	859	748	1481	1061	912	1377	1319	1383	1124	1133
LOC727228	325	415	404	641	478	497	521	549	632	519	484
LOC726887	93	278	218	338	197	156	319	223	326	354	241
LOC412203	17	12	7	15	15	20	18	20	14	13	15
LOC726853	522	739	788	1221	881	803	1091	1009	1005	1205	818
LOC409090	2484	1993	1811	2296	2178	1580	1886	2225	1838	2333	1601
LOC113219280	40	42	47	48	36	21	53	31	42	44	27
LOC413557	655	835	848	1342	1053	850	983	993	1322	952	1071
LOC107965883	24	6	5	18	16	8	22	6	7	3	9
LOC102654464	0	2	0	1	0	0	1	0	1	0	0
LOC552757	582	829	841	1492	1029	862	1036	1044	1291	1046	973
LOC724123	495	807	852	1341	1047	885	1038	1170	1268	984	1004
LOC724186	3642	4012	4037	5532	5023	3890	4514	5162	4461	4951	3866
LOC102654768	211	171	127	254	206	181	140	202	268	205	210
LOC410151	863	2077	1895	2862	2472	2313	2826	2645	3141	2626	2416
LOC107965599	109	106	84	142	149	129	101	124	137	131	145
LOC107965606	42	89	102	147	89	77	117	108	103	98	99
Argk	29674	28401	33943	47964	43952	34830	38376	35989	46220	38310	34806
LOC113219276	9	12	22	25	37	16	25	21	23	7	36
LOC724207	174	155	204	280	239	204	248	231	259	208	178
LOC724366	1388	915	939	1323	1305	916	1360	1136	1246	1160	1120
LOC724249	227	224	269	321	274	186	182	263	275	197	244
LOC551839	378	526	496	776	529	384	430	494	572	585	559
LOC414008	359	330	391	582	492	382	447	451	500	440	485
LOC411901	15	53	43	149	94	82	67	89	147	86	97
LOC411902	36	19	28	42	29	24	43	40	24	43	25
LOC409918	758	1047	1018	1643	1219	1042	1122	1352	1497	1317	1266
LOC102655670	10	6	2	8	1	4	10	7	4	11	11
LOC551958	462	940	960	1776	1479	1273	1256	1362	2020	1193	1354
LOC552006	826	1141	1132	1521	1361	1111	1429	1555	1550	1361	1438
LOC724647	370	413	369	563	519	370	505	486	529	504	436
LOC724732	48	98	100	150	119	116	124	123	195	117	147
LOC410040	355	412	396	580	575	376	525	542	524	499	465
LOC406147	35	26	48	74	46	40	67	47	63	66	44
LOC409137	81	92	88	155	100	82	130	83	147	91	78
LOC552795	538	705	651	1080	925	877	775	806	1189	884	856
LOC725201	256	243	252	420	318	238	288	338	290	327	275
LOC409513	207	300	326	419	293	273	325	281	380	320	321
LOC100577640	64	57	62	73	57	46	49	65	71	69	56
LOC552784	748	707	723	1028	770	649	796	819	646	929	749
LOC552479	287	540	584	1014	752	646	587	729	1132	678	756
LOC727622	627	1084	1186	2308	1768	1477	1321	1836	2688	1727	1854
LOC100577797	36	21	36	55	33	15	25	22	27	40	16
LOC551413	263	241	265	337	307	217	282	343	327	300	286
LOC411897	170	274	273	469	307	282	294	329	519	361	356
LOC552028	928	1189	1168	1760	1372	1159	1432	1595	1851	1593	1615
LOC552053	938	777	844	1184	1190	1024	1135	1286	1229	1189	1081
LOC552082	101	396	345	785	493	443	434	554	873	527	552
LOC411742	939	1092	1024	1600	1303	1082	1207	1309	1410	1225	1239
LOC552155	141	134	139	136	126	122	140	114	134	180	113
LOC100578262	286	676	546	1089	759	681	937	1052	966	657	808
LOC409447	356	578	555	807	619	441	631	635	648	597	586
LOC551194	252	387	426	662	515	436	475	504	487	409	492
LOC551237	635	524	569	774	720	654	744	730	767	803	708
LOC550659	425	571	570	1046	815	705	784	867	1035	861	758
LOC725379	702	795	774	1060	940	755	840	889	941	807	730
LOC100577909	561	461	468	792	542	430	426	538	570	549	482
Snf	194	206	238	328	274	252	252	287	279	273	251
LOC102656197	73	61	69	78	65	62	58	54	77	63	57
LOC100578560	359	410	371	513	449	321	376	404	406	513	375
LOC413517	2773	3789	3927	6105	6093	4593	4886	6014	6417	5800	4792
LOC725394	342	515	450	754	582	494	542	592	753	721	631
LOC413515	227	403	374	684	518	503	456	605	695	538	549
LOC113219277	671	505	529	604	625	439	532	548	659	625	530
LOC725503	341	747	811	1498	960	830	982	1116	1508	971	1032
LOC552258	168	262	228	461	388	269	274	329	487	342	336
LOC725584	133	230	195	320	243	199	226	249	322	244	223
LOC408547	630	535	543	862	788	450	625	571	532	642	624
LOC113219253	1	0	5	2	11	1	6	1	1	0	0
LOC102656508	3	3	14	4	1	0	1	1	4	2	3
Mir927b	0	0	0	2	0	0	0	0	1	0	0
LOC408548	2367	3374	3367	5496	4441	3400	4618	4512	4632	4142	3700
LOC725659	461	416	451	575	566	456	467	591	483	591	414
LOC410635	827	1025	986	1286	1073	843	971	1130	1175	1120	962
LOC410633	21	18	32	20	6	12	24	23	13	2	5
LOC552099	283	243	227	441	411	212	488	400	318	252	289
LOC552072	125	199	199	296	240	186	237	263	238	208	186
LOC725786	898	892	862	1218	1075	883	1022	982	1123	1131	958
LOC408546	555	688	687	1147	957	801	884	887	1186	903	818
LOC102653759	216	289	305	423	311	323	330	312	387	342	330
LOC551969	443	448	472	688	607	440	556	595	632	554	578
LOC102653832	9	15	22	9	16	3	24	11	12	13	9
CPR16	10	4	10	4	4	2	13	7	5	4	4
Oa1	104	188	189	399	237	223	244	175	289	181	175
LOC113219254	0	0	3	0	0	0	6	0	1	0	1
LOC413755	324	573	512	953	726	640	704	734	828	643	632
LOC113219282	1	6	4	19	13	5	6	13	8	7	7
LOC100576173	39	49	36	46	69	37	53	65	35	50	40
LOC551847	265	303	328	434	356	231	381	372	347	389	279
LOC551825	243	296	270	397	443	314	373	353	475	371	355
LOC551213	181	275	270	452	314	299	316	326	417	334	275
LOC409355	412	518	425	761	722	511	475	638	632	556	540
LOC727591	219	371	356	577	509	392	436	560	498	480	468
LOC102654909	0	0	0	0	0	0	0	2	0	0	0
LOC411772	4	17	36	46	30	23	37	39	46	23	32
LOC410632	301	215	216	226	240	202	287	304	287	233	257
LOC102655028	3	2	10	5	8	6	4	4	3	5	2
LOC408544	463	959	782	1153	626	656	699	706	927	797	601
LOC726228	704	561	549	867	766	661	911	736	949	689	600
LOC726278	90	28	75	63	84	39	89	39	55	54	62
LOC410630	231	210	221	348	272	222	322	231	302	225	254
LOC102655195	4	5	6	6	7	9	7	22	6	20	5
LOC726330	319	305	286	503	388	318	463	361	430	418	407
LOC413795	191	219	271	368	308	253	332	304	366	289	287
LOC726543	75	65	115	153	110	107	122	93	114	96	96
LOC408543	416	531	547	770	633	540	918	716	701	613	623
LOC113219255	8	13	16	16	25	15	22	28	35	10	2
LOC100577088	1	0	0	0	0	1	0	2	0	0	1
LOC726416	47	155	136	288	189	202	128	206	322	195	186
LOC726436	367	422	418	547	495	382	410	430	479	456	387
LOC411849	663	807	650	1113	1003	695	865	1010	933	962	730
LOC409440	636	720	788	1144	971	884	917	997	1153	986	851
LOC726494	71	135	110	192	175	129	143	166	226	167	154
LOC726509	269	261	273	390	344	304	298	340	372	359	267
LOC551770	767	1121	1037	1661	1646	1273	1267	1556	1607	1456	1257
LOC552745	20	36	28	54	49	25	26	46	46	28	44
LOC411730	468	766	721	1191	915	719	880	961	1035	952	829
LOC551438	187	334	359	609	411	356	312	433	497	369	492
LOC726728	645	1339	1190	1904	1469	1337	1494	1503	2375	1673	1441
LOC726718	70	124	127	209	202	161	156	194	204	157	146
LOC726706	634	887	808	1129	1010	882	990	1076	1144	1059	910
LOC551551	298	361	374	610	481	394	393	535	592	463	440
LOC552109	688	1687	1570	2748	1840	1766	2208	1993	2656	1939	1890
LOC726666	692	920	823	1127	1016	834	1025	1016	1136	1188	854
LOC113219250	1049	1524	1330	1951	1524	1390	1719	1599	1735	1697	1466
LOC107965626	0	0	0	0	0	0	0	0	0	0	0
LOC411720	485	636	693	1104	824	731	703	792	1043	819	855
LOC409179	109	135	139	202	190	191	202	184	156	184	193
LOC409180	1581	2135	2104	3215	2414	2115	2227	2407	2787	2397	2237
LOC551721	1569	2345	2515	4275	3459	2873	3085	3289	4381	2978	3331
LOC102653965	558	623	598	942	784	748	752	820	890	761	712
LOC100576159	190	115	155	173	209	126	181	138	157	128	152
LOC552452	426	440	458	693	542	466	500	550	587	482	524
LOC409378	110	168	174	204	199	187	205	202	231	198	154
LOC724208	260	476	546	608	529	391	464	439	488	469	431
LOC724250	24	18	30	15	45	26	31	48	27	18	19
LOC724295	56	159	155	251	186	148	196	185	256	139	152
LOC413032	61	51	80	116	63	71	100	88	147	90	87
LOC113219257	8	6	6	9	15	9	5	15	7	12	4
LOC100576221	180	275	222	378	322	264	264	297	339	281	270
LOC102654646	23	8	11	29	9	11	7	15	7	15	12
LOC100578561	6	8	10	8	10	6	11	8	2	5	1
LOC113218516	13	22	12	13	16	18	22	27	23	18	15
LOC100578592	52	46	67	64	52	56	85	72	58	55	48
LOC100576262	5	5	6	22	6	10	9	12	7	8	15
LOC409740	352	397	355	448	368	345	420	469	468	374	406
LOC107965618	14	10	12	25	16	11	15	23	16	19	25
LOC102655145	867	913	691	1256	1014	769	838	1105	1217	1049	848
LOC413034	739	1127	1123	1807	1452	1258	1694	1623	1565	1516	1378
LOC113219287	35	26	24	32	48	22	49	39	35	25	27
LOC552781	150	153	153	198	227	167	164	221	183	209	133
LOC724690	165	188	188	265	220	179	241	208	251	202	186
LOC413036	333	535	422	759	564	439	562	522	699	549	584
LOC724806	8	9	10	6	0	7	6	4	11	8	5
LOC113219262	1	0	0	0	0	0	4	0	0	1	0
LOC102654505	2	2	3	1	1	0	6	4	2	1	0
LOC724847	58	46	63	65	37	49	85	48	43	55	46
LOC724916	106	70	94	112	111	92	145	122	101	118	121
LOC725005	102	43	37	30	26	18	51	19	24	45	36
LOC412775	94	61	96	59	59	49	107	74	54	60	76
LOC412774	4161	6080	5175	8016	6526	6191	8190	6478	7161	6862	5126
LOC409603	70	102	87	111	80	91	95	94	167	95	66
LOC107965557	210	353	340	501	334	264	383	370	396	408	337
LOC100576592	351	462	469	851	816	880	593	779	643	805	1251
LOC725248	387	740	690	1199	812	758	978	908	1325	1022	1006
LOC100576625	122	177	164	252	159	116	191	180	242	158	178
LOC552690	61	147	193	247	168	129	169	186	222	179	198
LOC408542	405	501	448	645	547	533	538	608	625	570	467
LOC100577122	150	166	173	268	214	182	184	193	230	163	202
LOC408541	235	397	338	603	497	409	498	536	551	480	508
Tpx-3	853	867	850	1284	1137	864	957	1085	1172	1140	972
LOC102656029	25	55	59	37	9	28	50	26	21	33	15
LOC725504	175	204	227	335	206	174	229	226	229	221	206
LOC552641	1164	1172	1063	1515	1554	1170	1260	1451	1308	1469	1222
LOC408539	136	168	170	196	204	143	179	134	176	135	142
LOC102655457	9	10	12	4	8	11	11	4	12	6	10
LOC102655520	292	86	94	80	65	74	116	73	64	77	87
LOC725622	100	54	24	29	27	35	57	31	31	44	46
LOC102654656	24	11	22	12	37	7	21	15	7	20	11
LOC725660	7	3	6	3	1	4	13	8	3	6	6
LOC102655709	7	6	6	4	0	0	12	1	2	4	9
LOC725729	42	25	33	23	37	19	39	32	21	20	12
LOC552558	5	6	12	17	2	2	15	7	1	6	3
LOC107965608	14	13	10	6	7	15	8	6	3	3	5
LOC725823	8	4	7	5	3	5	4	4	5	5	0
LOC100576740	22	6	16	11	4	15	11	9	4	9	12
LOC100577464	93	132	155	207	123	99	148	180	169	156	123
LOC725988	26	32	56	43	11	23	34	18	32	23	18
LOC100577544	341	387	296	405	311	231	457	366	319	386	319
LOC102655899	9	69	58	217	42	49	126	77	114	65	108
LOC408538	9	16	16	49	14	17	19	31	33	23	33
LOC113219288	8	28	23	49	15	22	20	20	14	14	19
LOC726094	5	19	10	21	6	8	19	14	10	7	7
LOC102656231	218	150	118	78	98	96	206	73	78	88	131
LOC726125	9	5	9	15	11	8	4	9	11	7	8
LOC100577654	1	2	6	0	0	0	0	0	1	0	0
LOC726155	5	15	9	11	14	4	13	10	15	6	2
LOC726185	6	3	8	1	15	6	4	7	3	0	5
LOC726206	4	6	4	2	0	0	6	0	0	0	1
LOC726229	3	4	3	4	0	2	4	3	0	1	1
LOC102656509	589	505	385	563	717	821	879	873	968	943	698
LOC102656563	9	15	15	11	4	16	18	5	11	3	10
LOC102656143	5	3	10	13	9	11	6	4	7	4	12
LOC410627	74	94	116	139	148	98	223	229	113	147	200
LOC410626	307	329	310	533	719	562	562	811	710	654	607
LOC107965582	37	23	38	49	32	33	59	47	33	46	54
LOC107965583	0	0	2	1	0	8	1	0	0	0	2
LOC726331	234	162	154	175	227	168	204	227	195	109	194
LOC552257	594	713	613	861	794	739	1126	897	881	820	840
LOC726417	496	612	624	854	709	623	579	741	737	662	651
LOC410624	56	141	145	157	154	138	213	142	133	127	133
LOC726457	740	1147	1142	1782	1962	1528	1562	1834	1850	1328	1323
LOC410623	146	164	188	266	283	215	258	193	242	196	173
LOC410622	26	111	104	193	137	122	90	142	187	138	149
LOC102654261	217	182	196	350	240	180	176	264	261	236	223
LOC412554	869	1043	1010	1369	1223	988	1177	1255	1347	1248	1109
LOC552123	787	907	854	1148	1111	775	792	1028	988	1014	826
LOC411569	19925	15496	16400	20678	24582	17636	18649	21339	21965	23914	18311
LOC102654477	46	48	67	71	46	52	55	53	90	66	76
LOC411570	3375	3942	4079	6011	5010	4244	4401	3993	5310	4293	4633
LOC552018	8398	8074	7976	11690	11378	9148	10679	11183	11451	11934	9213
LOC107965604	0	0	0	0	0	0	0	3	1	0	0
LOC412163	2133	2501	2356	3486	3039	2570	2916	3041	3278	2968	2714
LOC102654517	186	208	179	235	205	190	241	217	186	237	204
LOC113219273	1	12	4	2	6	2	13	2	10	6	5
LOC551968	2160	2353	2318	3354	2767	2099	2302	2903	2629	2592	2392
LOC551946	1571	1634	1294	1852	1404	1314	1649	1488	1438	1431	1427
LOC409269	926	1052	1115	1489	1283	983	1056	1426	1257	1305	1117
LOC409270	1036	1374	1206	1991	1599	1601	1578	1629	1906	1539	1518
LOC551861	1639	1153	1126	1463	1609	1147	1070	1615	1249	1809	1062
TRNAK-UUU_2	0	4	2	2	1	2	0	0	1	0	0
LOC409160	1834	1929	2048	2902	2547	1996	2330	2453	2762	2621	2162
LOC411694	82	136	187	361	242	192	263	320	306	239	283
LOC550767	135	129	152	213	129	122	148	166	171	138	147
TRNAK-UUU_3	0	0	0	0	0	0	0	0	0	0	0
LOC724113	36	29	38	41	31	26	46	151	41	47	29
LOC102655306	20	14	12	20	10	6	5	24	2	15	13
LOC551824	741	810	822	1278	1092	957	902	1074	1274	1054	986
LOC551769	321	335	321	367	435	296	312	438	324	410	277
LOC724296	144	140	156	183	162	120	136	146	153	168	143
LOC410620	1849	2880	2271	3691	3158	2925	3288	3792	3264	3313	2390
LOC409674	915	540	655	914	733	521	859	715	765	725	776
LOC410621	229	344	363	480	475	362	502	351	398	497	406
LOC724421	498	504	464	663	557	530	670	531	559	581	458
LOC724466	18	78	54	81	50	46	71	64	68	45	43
LOC408536	2967	4187	3819	5563	4266	4100	4958	4862	5006	4722	4638
LOC100576418	45	43	46	14	18	34	30	30	30	27	24
LOC102655810	17	6	6	4	8	2	11	15	6	14	4
LOC107965630	15	16	18	2	26	6	19	16	9	7	11
LOC102655762	7	19	18	12	7	20	4	39	19	16	7
LOC107965631	20	28	22	33	26	14	27	37	32	27	46
Wat	2417	2307	1906	2813	2340	2204	2771	2508	2148	2037	2126
LOC408534	10	9	14	7	13	4	20	5	13	2	11
LOC551957	1099	1488	1521	2303	1845	1425	1934	1869	1864	1665	2220
LOC107965567	28	27	68	19	26	14	48	30	28	20	31
LOC725114	43	113	102	34	39	26	21	36	55	27	35
LOC100577777	605	599	366	760	258	275	303	295	262	352	383
LOC107965564	6129	4241	3956	5507	4898	4353	4747	4036	4168	5564	3678
LOC102653594	24	38	49	60	56	56	51	49	76	48	56
Mir9882	7	1	2	6	3	1	5	0	1	4	0
LOC725202	75	42	37	45	39	23	38	52	64	66	47
LOC725380	71	69	103	69	41	44	57	83	58	61	55
LOC113218518	256	566	948	178	139	75	62	123	160	138	128
LOC107965565	5	0	14	2	3	3	1	2	8	2	5
LOC551562	42	95	103	101	96	76	110	108	96	64	71
LOC408533	99	253	249	556	352	308	416	432	559	386	383
LOC107965562	569	481	514	651	1327	965	780	1316	881	848	864
LOC113219290	0	0	0	0	0	0	0	0	0	2	0
LOC408532	267	723	888	1331	1239	1041	793	909	1114	1014	1006
TRNAL-AAG_2	0	0	0	0	0	0	0	0	0	0	0
TRNAW-CCA_2	0	0	0	0	0	0	0	0	0	0	0
TRNAW-CCA_3	0	0	0	0	0	0	0	0	0	0	0
TRNAS-AGA_4	0	0	0	0	0	0	1	0	1	0	0
TRNAT-AGU_2	0	0	0	2	0	0	1	0	1	1	0
LOC102653784	27	20	34	37	22	32	36	52	19	24	32
LOC410618	438	676	668	1020	873	679	779	883	1056	758	703
LOC100577112	476	564	543	679	585	436	524	563	552	694	569
LOC725468	1040	851	839	1051	1037	856	933	1130	988	1100	837
LOC102653956	0	0	0	0	0	0	0	0	0	0	0
LOC725505	109	197	189	369	231	193	280	271	335	251	252
LOC411727	164	217	239	431	278	299	284	327	414	313	315
LOC113219264	15	14	4	20	7	6	6	7	14	7	6
LOC725623	641	709	642	1077	869	759	793	814	996	897	723
LOC725661	540	1031	1259	2133	1594	1333	1314	1678	2037	1440	1485
LOC411725	50	57	58	69	41	35	48	64	34	80	42
LOC411724	617	963	938	1575	1204	1107	1238	1240	1646	1297	1222
LOC725755	284	281	302	381	378	315	312	344	399	394	322
LOC412251	86	189	179	323	239	216	216	260	261	224	270
LOC551489	620	569	631	817	768	614	757	704	804	741	705
LOC551517	293	362	333	525	540	399	457	461	596	453	490
LOC413636	199	215	255	482	373	318	347	339	456	383	392
LOC552851	350	462	454	648	430	452	486	518	599	570	516
LOC552850	107	200	278	467	298	271	262	369	470	280	387
LOC552849	692	800	701	1231	987	782	960	1028	1245	943	867
LOC409667	3094	3152	2999	4121	3735	3116	4128	3530	3868	3949	3329
LOC725890	111	116	102	169	104	89	125	110	71	98	64
LOC102655879	0	0	0	0	0	0	0	0	0	0	0
LOC100576855	424	355	380	488	375	341	412	445	417	484	397
LOC409666	2133	3079	3047	6074	4956	3721	5032	6390	5593	5012	4736
LOC725954	39	57	52	62	65	41	46	48	48	76	49
LOC102655893	29	45	33	46	62	34	48	50	43	74	58
LOC409665	668	1242	1250	2261	2118	1573	1804	1965	1906	1508	1469
LOC102655865	387	276	286	363	497	326	341	385	321	377	332
LOC412907	32	49	46	69	162	43	64	55	83	80	53
LOC409664	284	431	432	640	498	397	597	540	647	531	483
LOC726068	220	273	257	353	244	209	297	305	292	280	233
LOC726095	31	43	63	81	62	65	27	44	82	44	60
LOC411937	60	81	88	141	105	85	80	77	104	77	70
LOC726156	147	289	302	539	451	355	394	421	500	391	439
LOC102656440	0	0	1	0	2	4	0	0	1	0	2
LOC409816	57	97	74	110	177	84	108	110	109	129	73
LOC552848	299	358	352	479	416	368	401	409	546	436	384
LOC552847	93	137	138	282	221	149	196	244	304	224	193
LOC410617	326	382	356	565	448	331	387	464	458	481	389
LOC410616	211	290	323	480	364	266	353	490	422	360	345
LOC408531	184	270	376	648	412	316	426	475	515	457	413
LOC726302	295	232	281	476	566	421	411	514	504	362	320
LOC102656905	204	234	238	395	325	268	307	281	324	233	239
LOC410614	457	531	462	598	674	510	673	796	684	617	656
LOC410613	51	207	224	525	240	258	369	383	511	228	259
Adar	1064	1201	1265	1959	1660	1253	1720	1478	1654	1347	1442
Obp9	54	21	15	19	15	13	28	15	6	8	17
LOC113218531	14	10	22	16	22	5	7	21	17	10	6
DopR2	106	110	103	109	113	90	135	140	110	83	88
LOC107965601	25	27	45	47	44	41	48	48	34	29	33
LOC410612	357	501	459	843	692	534	702	749	793	620	657
LOC726458	3	6	9	9	0	1	6	6	0	0	0
TRNAK-UUU_4	0	0	0	0	0	0	0	0	1	0	0
LOC102653894	396	474	389	594	313	254	319	470	372	376	321
LOC408528	714	946	818	1281	1111	905	1231	1263	1235	1137	1000
LOC113219260	1	0	0	0	0	0	0	0	0	0	0
LOC107965598	224	235	185	272	238	164	139	301	163	344	177
LOC107965597	0	0	0	0	0	0	0	0	0	0	0
LOC408527	312	309	266	429	374	298	285	337	342	356	295
LOC408526	9279	9190	8653	12639	10938	8644	9998	10714	10198	10097	9069
LOC113219259	11	7	10	16	14	14	9	16	12	17	6
LOC408525	8	9	12	15	17	12	11	21	17	17	15
LOC410610	134	188	145	219	150	124	147	171	149	178	153
LOC410609	934	1295	1140	1920	1759	1452	2009	2269	1980	1743	1809
LOC726615	2	2	2	2	2	3	3	1	1	1	4
LOC408524	348	458	467	627	466	446	477	514	528	541	487
LOC726650	205	363	336	480	405	284	380	327	435	415	308
LOC102654652	140	147	182	333	177	172	181	225	191	203	170
LOC413478	30	83	87	109	44	55	81	90	100	95	123
LOC726698	363	524	505	797	577	493	572	598	679	612	531
LOC412024	124	230	183	319	297	206	271	249	287	247	237
LOC409318	81	96	135	131	83	76	128	135	129	79	137
LOC100576273	0	0	4	0	2	0	1	2	0	0	0
LOC726731	632	496	471	660	605	491	462	596	618	620	497
LOC107965637	110	126	95	160	119	109	103	124	143	134	108
LOC409321	86	263	237	502	374	295	335	381	497	358	322
TRNAA-CGC_1	66	34	53	69	55	41	48	44	34	57	43
Mir252a	9	20	15	29	9	7	10	22	37	20	22
LOC113219267	14	22	34	40	61	30	36	49	45	30	36
Mir252b	0	0	0	0	0	0	0	0	0	0	0
Mir6057	0	0	0	0	0	0	0	0	0	0	0
LOC552845	348	395	326	493	413	405	476	479	538	448	438
LOC100576411	71	69	48	146	101	72	65	109	130	94	92
LOC102655461	57	61	49	67	86	56	36	61	66	84	30
LOC410607	757	890	783	1347	1249	987	1041	1190	1172	1079	1098
LOC100576529	6	4	18	5	4	4	7	2	2	2	5
LOC100576569	4370	3102	3047	3668	4303	3045	4023	3876	3714	3767	3188
LOC552844	11431	8561	8263	11625	12258	7865	10835	11723	10247	10725	9512
Mir929	5	2	2	2	2	0	2	1	1	1	0
Mir3794	2	0	0	1	0	0	0	3	1	0	0
LOC100577783	97	83	80	87	63	52	98	66	84	67	54
LOC412997	232	290	299	561	445	321	510	415	454	364	337
LOC412996	14	17	19	23	10	17	23	6	21	8	12
LOC410606	131	213	248	408	276	258	329	346	377	277	319
LOC726854	3	12	10	8	2	15	6	13	3	1	5
LOC726863	1	12	4	11	11	3	9	20	10	12	6
LOC552839	130	104	139	145	140	164	156	175	192	137	170
LOC102655798	4	7	32	24	10	8	17	16	29	16	22
LOC100576891	2	0	7	0	3	6	1	3	0	5	1
LOC410604	755	1122	1006	1841	1493	1201	1371	1557	1808	1424	1373
LOC408523	1455	1315	1457	2256	1810	1440	1828	1874	1964	1649	1704
LOC726905	313	757	479	1105	751	779	1208	1487	1204	921	1186
LOC726978	2319	3277	2964	4553	4788	3964	4783	4842	4628	4914	3563
LOC100577081	644	607	550	868	859	651	754	785	736	911	581
LOC107963999	124	129	138	216	209	176	188	178	175	148	190
LOC410603	195	240	175	367	371	304	253	288	331	215	200
Or63	11	29	32	72	47	47	79	69	58	39	44
LOC552836	112	288	298	421	418	322	467	399	443	408	394
LOC408522	164	327	326	528	475	384	295	413	476	391	344
LOC410602	759	860	653	1030	1027	729	977	869	812	992	710
LOC100578249	81	76	86	93	91	54	85	76	73	74	60
Mblk-1	65307	44544	49219	69064	69071	46073	66353	60625	59483	60950	56298
LOC408520	4885	4773	4092	6359	5228	3971	4787	4883	5460	4824	4569
LOC410601	109	142	152	156	145	153	177	116	162	151	161
LOC410600	693	1147	1066	1984	1483	1301	1746	1455	1868	1258	1346
LOC113219281	2	2	0	4	0	0	2	0	0	0	3
LOC100577394	26	83	78	132	91	102	102	79	126	96	88
LOC552827	418	344	352	429	473	343	381	443	407	435	379
LOC406096	507	604	575	820	861	730	673	898	1017	930	795
LOC724251	423	961	807	1223	1169	1059	1185	994	1390	1041	1027
LOC552818	153	200	258	370	285	242	262	246	336	258	295
LOC552816	732	900	945	1283	1092	860	1041	1041	1192	998	955
LOC724160	161	137	199	392	234	232	194	278	295	220	244
LOC100577656	526	482	499	579	571	429	639	561	484	551	501
Dop1	78	88	125	137	108	100	135	141	110	105	110
LOC102654376	20	4	15	8	17	6	23	19	7	4	3
LOC113219284	51	69	57	75	68	57	101	58	56	40	61
LOC724733	275	378	416	528	345	277	404	353	387	458	295
LOC113219283	354	344	431	568	496	354	418	460	455	452	361
LOC410129	92	236	236	452	309	259	290	327	408	273	353
LOC413931	1459	1705	1745	2581	2319	1873	2010	2213	2497	2059	1897
LOC412478	312	401	415	606	516	411	507	521	558	486	459
LOC552766	174	117	118	174	166	158	187	153	169	188	173
LOC413959	1280	1807	1585	2487	2433	1955	2427	2617	3036	2580	2537
LOC100577899	134	129	136	150	157	118	134	181	141	125	120
Lop1	9	47	36	62	1201	30	77	26	225	209	86
Lop2	9	2	36	13	5	7	2	37	13	11	8
LOC552807	915	979	871	1144	1161	831	931	1079	949	1130	919
LOC413963	285	371	371	629	509	346	472	512	500	538	446
LOC413964	433	385	376	552	535	401	517	548	498	493	441
Mir306	0	0	0	0	1	0	0	0	0	0	0
Mir79	0	0	0	0	0	0	0	0	0	0	0
Mir9b	0	0	0	0	0	0	0	0	0	0	0
LOC113219269	245	201	220	336	275	208	257	266	318	299	210
LOC552800	82	116	127	217	164	144	158	191	258	147	200
LOC102654925	24	29	29	43	38	34	48	33	47	42	25
LOC410597	275	274	281	377	308	246	283	387	312	331	313
LOC725115	2007	4239	3677	5435	4683	4375	6248	5580	5716	5364	4599
LOC100578218	614	572	625	848	945	609	652	941	815	841	654
LOC408519	1110	1505	1518	2544	1933	1615	2116	2146	2456	1975	1965
LOC100578286	359	348	352	501	399	324	504	442	388	381	380
LOC102656186	57	66	67	90	74	65	85	112	98	75	83
pHCl	3403	2131	2800	3975	3382	2269	3468	2758	3000	2644	2523
LOC725250	8	4	15	1	5	0	4	7	4	2	0
LOC113219265	1	7	15	4	6	5	14	7	3	5	14
LOC107965616	45	13	16	13	10	7	15	5	31	13	15
LOC100578580	571	557	560	760	699	552	609	601	666	617	548
LOC102655585	19	14	19	28	33	28	12	21	31	29	28
LOC408512	129	92	130	209	148	121	118	146	172	150	121
LOC410591	248	261	285	400	319	287	280	312	312	273	233
LOC725427	371	444	455	638	487	462	489	554	622	530	484
LOC102656263	69	109	122	230	199	154	150	173	226	179	169
LOC725586	590	678	683	970	888	713	926	936	937	943	716
LOC102655673	501	478	432	588	582	396	496	579	529	603	475
LOC725812	454	569	620	1039	885	772	873	890	1015	822	765
LOC413742	557	737	765	1267	1083	820	964	1087	1151	887	1016
LOC552708	815	1067	916	1271	1275	1068	1267	1256	1342	1273	1196
Mir92a	0	0	0	0	0	0	0	0	0	0	0
Mir92c	0	0	0	0	0	0	0	0	0	0	0
LOC113218580	265	425	398	605	432	383	406	445	552	532	435
LOC409502	223	317	321	418	378	297	456	377	499	411	324
LOC409501	110	385	352	758	543	464	581	587	680	505	515
LOC107965577	1	11	19	6	9	9	9	10	23	7	5
LOC725824	684	784	732	1013	884	753	866	931	902	894	776
LOC725859	312	287	267	407	262	271	256	407	303	360	287
LOC410582	78	44	33	32	32	36	82	31	40	46	46
LOC410583	32	31	27	40	41	18	25	28	42	22	29
LOC100578924	153	232	216	303	262	202	269	284	253	263	261
LOC410585	884	1904	1638	3290	2326	2137	2886	2768	2814	2371	2422
LOC107965578	31	22	38	33	34	28	31	37	22	21	23
LOC102656552	72	70	65	54	70	40	76	69	54	70	75
LOC552633	137	213	186	332	302	263	235	308	346	264	271
LOC726041	240	270	285	468	376	241	301	319	321	304	292
LOC726069	285	439	409	646	577	357	615	664	548	462	461
LOC726126	302	311	263	420	331	260	363	356	327	395	300
LOC726323	2112	2217	2275	2981	2542	1738	1725	2383	1968	2258	1916
LOC410589	135	326	369	532	370	324	501	490	500	415	377
LOC107965595	18	20	34	38	40	35	36	41	50	21	23
LOC408509	554	899	791	1417	1241	916	1144	1223	1208	956	1008
LOC102654111	129	191	204	353	292	214	279	287	278	203	266
LOC107965593	0	0	0	0	0	0	1	0	0	0	0
LOC102656354	31934	24143	25315	29212	34961	25916	27375	27193	30629	26272	23654
LOC408510	170	367	245	363	237	208	430	314	232	272	342
LOC726250	723	1250	1019	1787	1117	1073	1491	1503	1219	1223	1347
Tsf1	10089	12221	13979	17617	14598	10634	10934	14030	11408	11903	13027
LOC113218519	2119	2956	2447	3221	3254	2908	4435	3517	3364	3649	2908
LOC100576097	197	908	849	1431	980	873	1586	1444	1457	1177	929
LOC102653771	16	64	37	97	69	51	91	98	92	61	67
LOC100576330	252	326	340	392	375	310	336	426	391	391	407
LOC107965596	0	0	1	0	1	0	1	1	3	4	8
LOC726353	220	514	525	988	668	627	824	856	885	699	711
LOC552461	667	877	889	1058	955	772	951	1095	980	1059	884
LOC408511	938	1181	1109	1634	1441	1283	1444	1557	1795	1427	1483
LOC100576432	100	161	142	243	210	209	242	163	238	183	177
LOC552410	1614	1344	1350	1912	1670	1417	1304	1670	1646	1844	1335
LOC410595	298	320	295	540	361	374	397	411	413	359	428
LOC408517	454	456	562	638	509	403	644	469	556	537	478
TRNAK-UUU_5	0	0	0	0	0	0	0	0	0	0	0
TRNAA-CGC_2	0	0	0	0	0	0	0	0	0	0	0
LOC726476	893	1676	1823	3198	2510	2254	2650	2457	3054	2121	2058
LOC726459	47	115	93	162	151	120	97	138	138	91	116
LOC726495	267	285	281	339	286	193	296	226	273	326	212
LOC408516	3882	3859	3819	5322	4740	3687	4380	4624	4430	4570	3631
LOC726510	60	33	37	35	39	31	47	34	43	35	25
LOC107965624	54	18	31	8	17	16	33	15	20	14	26
LOC726548	1438	1966	1830	2622	2213	2022	2579	2365	2872	2265	2212
LOC408515	2502	3553	3081	5045	4291	2866	3344	4183	3352	4037	3032
LOC726616	2183	2468	2251	3403	3069	2363	2844	2952	3289	2544	2685
LOC113219266	280	280	259	347	283	248	292	305	310	352	243
CPF2	192	129	158	214	172	139	195	205	191	186	142
CPF1	19	35	37	44	25	36	32	44	41	24	32
LOC726651	77	158	160	170	117	127	109	129	200	104	171
LOC726720	70	68	76	103	114	70	59	80	96	81	88
LOC412886	78	53	82	127	145	117	91	130	138	107	88
LOC409713	2922	4639	4213	7189	5811	4601	5664	6099	6430	5317	5153
LOC409712	99	169	135	209	130	109	152	137	169	184	119
LOC100577209	592	738	780	1178	870	766	750	870	1057	916	778
LOC100577320	309	414	418	771	467	405	461	506	575	510	457
LOC409609	2613	2805	2554	3861	3489	2815	3416	3444	3557	3424	2977
LOC409610	574	553	550	749	714	585	737	723	733	741	640
LOC726746	302	326	284	425	361	272	320	373	356	380	327
LOC412789	3301	4023	3590	5340	4903	4121	5147	5048	5186	5173	4298
LOC102656397	35	37	48	62	51	47	62	45	53	48	43
LOC412791	40	91	81	170	95	77	144	96	78	98	80
LOC551945	314	330	402	680	394	347	527	512	618	415	437
LOC409611	197	176	195	228	250	184	262	220	228	200	223
LOC102656786	28	34	57	66	53	58	59	69	80	57	49
LOC102656745	16	15	27	19	19	14	25	18	18	6	19
LOC102656682	8	3	11	6	7	10	11	2	9	7	13
LOC100577551	687	819	636	939	690	574	847	768	742	776	640
LOC726825	32	29	21	15	8	3	4	17	14	14	5
LOC102653663	16	5	9	4	8	12	12	7	3	8	12
LOC100576115	0	1	0	1	0	0	4	0	0	2	0
LOC100576150	14	7	8	0	1	4	1	8	3	1	0
LOC100576224	43	60	44	49	32	10	54	40	25	36	28
LOC100577841	140	183	190	203	188	200	242	226	175	220	223
LOC726898	113	143	187	227	199	164	191	213	209	156	195
LOC102654084	67	99	116	143	89	89	147	119	124	126	122
LOC100577912	489	519	425	680	742	513	617	741	514	634	519
LOC412795	461	589	505	875	746	680	851	850	875	723	725
LOC113219274	35	56	51	35	50	50	56	38	38	24	34
LOC724493	1183	999	937	1291	1350	951	1172	1420	1269	1242	1003
LOC409613	1668	2036	2157	3340	2951	2534	2865	3166	3407	2997	2748
LOC412796	694	723	784	1187	809	752	877	914	1070	1037	950
LOC102654737	527	531	427	635	712	448	534	609	646	564	579
LOC411611	566	185	204	187	178	148	250	162	193	228	125
LOC100578044	0	3	8	3	2	3	8	3	2	1	2
LOC102656554	0	0	0	0	0	0	2	0	0	0	0
LOC551593	420	634	640	1096	783	690	771	808	1108	837	738
LOC409680	2694	2123	2220	2903	2987	2081	2892	2429	2616	2429	2517
LOC102655058	10	0	11	9	8	3	10	7	1	1	1
LOC409681	360	350	377	526	369	330	385	425	415	397	366
LOC409682	1372	1181	1368	2088	1892	1624	1668	1656	2090	1700	1662
LOC102655621	54	37	18	25	39	26	50	19	23	25	26
LOC726948	368	298	303	404	326	290	365	459	348	264	295
LOC113219270	34	22	26	30	22	26	51	53	12	15	11
LOC102655522	50	65	73	168	120	89	122	123	92	109	100
LOC102655477	74	70	78	90	77	47	93	76	67	98	80
LOC726965	33	43	56	35	57	30	32	39	34	32	43
LOC102655764	12	4	5	9	19	7	12	7	8	1	6
LOC408508	1169	914	855	1018	1001	828	1358	999	1113	906	913
LOC410581	101	50	60	39	48	48	68	37	40	36	46
LOC113219279	14	8	17	12	22	14	12	21	15	25	17
LOC408507	64	196	143	398	205	209	248	327	333	225	335
LOC410580	1295	1279	1133	1889	1558	1264	1443	1565	1529	1489	1396
LOC551328	548	908	888	1425	1283	1032	1250	1332	1567	1215	1218
LOC100379261	646	1291	1138	1779	1471	1363	1724	1553	1731	1585	1455
LOC726962	120	147	140	233	149	130	144	161	208	156	165
LOC410578	209	170	177	174	245	145	262	182	185	161	148
LOC107965612	9	2	11	4	2	4	1	2	5	4	6
LOC102656553	183	67	34	33	43	50	96	36	82	54	52
LOC410577	927	1056	1015	1470	1448	1214	1335	1454	1483	1237	1168
GstD1	22150	20463	17960	24286	26831	25212	27257	25522	25109	26441	17979
LOC551119	322	419	525	691	581	451	505	514	660	585	544
LOC551078	1230	1382	1420	2101	2038	1566	1644	2072	2000	1953	1674
LOC551036	621	964	888	1458	1187	868	1123	1180	1420	1276	1099
LOC413078	547	547	497	840	721	556	636	558	785	657	622
LOC551902	336	345	323	458	419	313	393	404	455	412	380
LOC727031	402	517	505	782	602	591	566	604	825	696	601
LOC552634	849	1014	1140	1583	1546	1146	1333	1485	1508	1347	1189
LOC412231	607	601	599	811	681	508	618	645	761	660	636
LOC412230	158	407	282	561	379	289	546	424	443	426	294
LOC100576612	1220	1137	1165	1554	1446	1237	1273	1320	1530	1282	1211
LOC409377	2413	3080	3135	5482	4328	3902	4438	4637	5379	4194	4350
LOC552201	204	324	342	562	441	340	387	395	502	395	404
LOC412205	76	64	74	105	75	76	86	68	84	93	83
LOC724125	402	342	344	497	413	343	352	391	356	434	369
LOC410575	390	489	542	747	678	509	642	626	734	632	600
LOC100576194	173	420	493	1286	1061	768	654	756	1603	543	715
LOC410573	352	417	420	574	484	413	459	455	516	414	421
LOC102654248	0	1	9	2	0	1	5	1	4	1	0
LOC724380	366	589	601	876	714	648	785	798	888	740	718
LOC724467	158	178	185	334	207	223	175	284	314	253	212
LOC550735	16	57	47	55	41	24	64	33	73	32	56
LOC724551	375	307	317	481	404	299	369	398	450	425	354
LOC552616	195	190	241	310	353	260	303	397	346	280	264
LOC409550	1252	1330	1465	2172	1837	1429	1504	1738	1836	1655	1592
LOC724596	125	172	200	350	270	216	235	287	322	263	311
LOC412830	129	181	213	245	263	233	271	217	261	236	200
LOC412503	32	79	72	124	62	53	53	60	131	77	77
LOC102655126	285	282	277	379	326	257	282	354	352	337	318
LOC551908	238	375	299	448	365	311	393	335	363	413	347
LOC411410	139	242	269	503	354	273	345	378	525	346	387
LOC552237	741	612	656	822	725	596	699	748	758	727	688
LOC412828	644	701	788	1228	1059	867	901	934	1329	978	978
LOC411646	47	174	187	247	152	136	170	199	206	148	164
LOC102655352	371	276	325	408	346	261	320	280	352	302	242
LOC413697	130	160	155	180	167	125	191	144	166	165	109
LOC552081	546	626	532	850	719	627	613	794	781	738	653
LOC113219289	5	1	0	2	1	0	0	2	0	1	1
LOC724965	71	129	139	266	182	165	192	180	215	180	174
LOC552312	397	496	505	744	614	503	586	556	708	621	535
LOC100576958	283	524	483	804	608	476	515	626	786	604	589
LOC725088	479	681	626	970	804	747	879	785	951	839	727
LOC113219252	85	64	53	101	71	70	50	61	42	67	60
LOC552114	1787	2089	2125	3166	2851	2420	2551	2797	2900	2603	2404
LOC724917	2	0	3	1	0	0	5	2	1	3	3
LOC113219349	43	37	25	59	40	25	39	31	30	48	59
LOC113219351	6	12	34	5	6	10	13	6	7	6	7
LOC113219352	60	60	35	94	86	67	73	64	71	46	72
LOC113219353	33	46	46	31	55	28	39	79	53	52	57
LOC102653572	0	0	1	0	0	0	2	0	0	2	1
LOC102654884	98	109	163	200	180	145	154	174	179	160	162
LOC107965822	122	54	137	78	44	61	140	120	77	93	93
LOC113219355	3	4	10	2	1	4	13	1	2	1	2
LOC113219354	0	0	0	0	3	0	0	0	0	0	0
LOC113219356	0	0	1	0	1	3	1	1	0	1	0
LOC113219358	0	0	0	0	0	0	0	0	0	1	0
LOC107966034	115	100	83	117	163	105	126	139	140	111	146
LOC107965756	13	9	13	10	13	7	12	16	11	3	22
LOC102656818	6	0	0	0	0	0	0	1	2	0	1
LOC100577109	0	0	0	0	0	0	0	0	0	0	0
LOC102656417	5	2	6	5	7	0	2	0	0	6	5
LOC113219293	4	3	0	0	1	0	0	1	0	0	0
LOC412637	131	208	223	278	238	203	216	244	299	267	244
LOC550975	2208	2225	2101	2757	2758	2221	2522	2772	2715	2857	2158
LOC412739	114	181	140	231	186	140	186	210	219	199	201
LOC107965672	0	0	0	0	0	0	0	0	0	0	0
LOC113219298	88	134	110	130	98	64	159	192	116	124	136
CPR5	26	51	64	76	90	75	89	82	95	70	82
LOC411525	2750	4580	4632	6884	5140	4660	5653	5529	6211	5355	5059
LOC552086	1212	1565	1597	2182	1795	1549	1893	1827	1916	1831	1711
Mir9872	0	0	0	0	0	0	0	0	0	0	0
LOC100578684	259	248	180	275	231	166	221	252	229	298	210
LOC411575	62	440	479	1060	742	549	709	764	1187	675	742
LOC411576	1351	1449	1789	2517	2095	1747	1679	2036	2526	2141	1817
LOC100578522	390	464	480	741	541	501	538	621	732	546	548
LOC409521	439	583	560	834	693	603	687	732	834	681	618
LOC412547	85	87	68	109	110	75	73	99	84	100	77
LOC412187	244	376	435	711	576	446	517	527	716	473	550
LOC413892	133	306	284	449	601	523	532	544	625	486	395
LOC413891	3204	3079	3292	4953	4764	3831	3836	4169	4709	4021	3725
LOC409228	24922	29238	26600	48196	43277	33259	45509	40792	47817	41559	36488
LOC100577943	641	620	494	767	803	559	927	976	928	860	848
LOC412388	67	121	111	226	162	143	180	198	190	168	188
LOC409467	166	196	235	326	278	248	311	337	315	249	191
LOC107965801	0	0	0	0	0	0	0	0	0	0	0
LOC726424	0	7	7	12	8	7	8	13	10	13	10
LOC107965660	1	1	2	1	0	0	1	6	0	2	2
LOC726251	13	83	75	202	129	104	97	143	244	88	160
LOC100576563	2286	2966	2641	3860	3547	3167	4204	3691	4061	3407	3234
LOC100577347	132	151	127	162	162	130	134	129	156	162	139
LOC409854	12380	10679	10746	15751	13367	9820	13163	12624	12795	11986	10979
LOC726354	210	379	344	610	412	336	425	481	592	496	476
LOC551329	189	284	250	402	331	277	309	390	378	336	376
LOC412031	237	289	263	394	261	261	319	258	254	254	289
LOC102653888	6	4	0	5	6	1	2	8	7	2	5
LOC412470	11210	10001	9528	15811	13039	10758	13394	12931	13375	11840	10621
LOC113219321	13	5	4	18	21	20	6	9	19	16	18
LOC413531	460	599	514	696	685	499	560	657	616	611	478
LOC726460	410	755	675	1204	1093	940	972	909	1060	931	854
LOC102654268	9	7	7	20	15	14	14	10	23	11	10
LOC409952	264	409	449	635	510	487	466	434	581	443	452
LOC107965658	25	7	14	15	18	8	13	14	12	3	16
LOC113219318	367	620	627	921	741	592	652	772	876	725	690
LOC413532	264	255	230	299	261	202	273	282	263	315	211
LOC409604	217	736	663	1394	873	738	1103	968	1188	934	903
LOC113219322	49	79	81	92	68	59	76	113	87	102	100
LOC552470	1570	2101	2020	3307	2880	2261	2419	2997	2715	2755	2225
LOC552481	36	30	29	65	47	35	35	86	59	41	49
LOC102654461	7	10	11	19	13	14	11	11	17	16	12
Tpi	2225	2173	2081	3333	2914	2210	2355	2637	2884	2751	2228
LOC409951	0	0	0	0	0	0	0	0	0	0	0
LOC413529	446	519	493	661	563	478	513	553	573	595	510
LOC552531	489	697	635	968	677	553	739	869	760	814	649
LOC409384	776	1498	1327	2533	1636	1590	1710	2175	2268	1730	1846
LOC552567	534	562	608	1056	748	555	775	811	755	676	697
LOC409953	528	1330	1194	2086	1571	1325	1757	1700	2064	1788	1476
LOC413534	433	324	365	434	431	380	386	459	444	415	384
LOC413533	194	264	256	462	357	264	270	392	304	344	321
LOC409424	100	226	198	351	281	221	204	261	473	197	249
LOC409423	100	168	191	365	223	212	238	258	283	216	259
LOC552637	35	21	32	25	33	26	33	32	24	21	30
KAT2A	236	296	327	446	415	296	353	388	411	376	372
LOC412455	414	579	598	827	698	570	681	618	837	659	691
LOC412943	42	96	95	121	109	101	92	81	179	125	96
LOC726521	91	109	103	129	154	84	91	124	135	130	111
LOC102655617	54	77	67	89	68	43	82	74	81	77	69
LOC409688	137	201	201	319	214	189	265	243	274	259	242
LOC552675	991	1250	1122	1770	1507	1146	1432	1403	1724	1352	1353
LOC100578662	51	64	76	102	103	131	95	99	108	59	83
TRNAI-AAU_4	0	0	1	2	0	0	0	0	0	0	0
LOC102655787	10	8	23	6	8	4	10	16	4	4	7
LOC726888	387	570	513	667	642	436	566	607	767	645	556
LOC552756	4181	4354	4181	6444	5647	4307	4687	5510	5229	5566	4634
LOC725315	724	661	641	1006	918	561	528	888	769	914	585
LOC100577610	773	875	883	1144	1079	873	963	982	1124	1115	931
LOC727004	486	494	565	705	621	528	576	720	617	643	544
LOC409222	1163	1450	1564	2345	1971	1783	1822	1984	2403	1886	1958
LOC100576457	285	246	226	348	316	236	311	282	330	319	288
LOC552554	277	265	327	398	307	276	301	359	314	296	317
LOC552533	354	447	438	627	559	498	510	503	624	538	482
LOC113219292	0	0	2	1	0	0	4	1	0	5	2
LOC412379	124	235	211	452	295	244	275	344	442	341	333
LOC107965656	5	4	3	15	5	4	4	4	14	5	5
LOC100576487	136	90	89	188	109	108	130	134	155	115	124
LOC113219295	28	19	17	53	55	31	27	29	58	30	32
LOC413633	33	72	75	130	96	106	89	89	107	65	67
LOC102656625	7	1	6	3	1	1	0	0	2	2	4
LOC113219316	8	2	6	1	5	9	6	3	2	2	4
LOC107965706	196	227	261	302	197	226	187	195	133	261	216
LOC726816	195	176	208	284	255	224	224	262	248	276	219
LOC552328	299	401	433	577	560	411	504	565	635	571	425
LOC100576709	1150	1628	1713	2711	2065	1825	2253	2423	2674	2296	2365
LOC113219323	35	60	18	65	53	39	61	82	55	54	47
Syt20	436	723	694	1254	996	836	1157	1093	1328	1099	1056
LOC107965671	1	0	0	1	0	0	2	0	3	0	0
LOC726864	1	16	7	18	26	10	20	7	14	21	1
LOC100576779	1	2	1	1	0	2	0	2	0	0	0
LOC726935	24	21	57	41	25	32	27	22	29	12	27
Mir3760	0	0	0	0	0	0	0	0	0	0	0
LOC724126	295	471	587	868	704	610	685	689	961	739	704
LOC102654151	8	11	9	13	14	12	18	16	10	13	7
LOC724161	588	591	530	904	777	568	741	786	726	645	652
LOC413385	1832	1425	1309	1391	1663	1321	1719	1733	1522	1648	1442
Mir3795	0	0	0	0	0	0	0	0	0	0	0
LOC107965678	299	426	373	538	572	407	547	566	599	528	472
LOC413386	840	1539	1263	3021	2242	1869	2538	2135	3292	1793	1770
LOC107965674	219	192	178	265	243	188	233	302	232	340	170
LOC551080	694	854	938	1341	1487	1442	1542	1954	1817	1504	1523
LOC107965675	17	8	13	33	20	19	28	32	21	24	33
LOC724468	409	228	311	240	285	213	267	187	234	230	249
LOC107965676	7	8	16	6	1	3	5	5	10	12	5
LOC102654852	36	24	34	45	57	14	38	38	25	42	19
Mir3796	0	0	1	1	0	2	0	0	0	2	0
LOC113219324	0	0	0	0	0	0	0	0	0	0	0
LOC100577769	126	96	95	129	135	99	140	151	148	126	96
LOC724552	58	73	66	87	67	55	97	60	108	71	71
LOC102655009	5	13	12	4	4	2	5	6	4	6	5
LOC552205	60	52	63	33	46	33	84	48	40	67	39
LOC551938	252	301	302	585	339	355	388	406	498	458	413
LOC113219294	0	0	0	0	0	0	0	0	0	0	1
LOC107965697	8	7	8	4	4	16	6	4	8	8	2
LOC724867	374	442	597	1122	1603	1247	1149	1384	1312	1221	1552
LOC724827	1058	723	751	848	986	703	745	914	830	1021	657
LOC412064	228	238	243	352	334	293	256	328	361	303	263
LOC550828	33	98	85	196	68	50	70	51	102	60	69
LOC413789	914	1099	1265	2449	2065	1489	1608	2293	2494	1788	1969
LOC107965687	4	9	12	23	17	15	17	28	23	9	25
LOC409638	5189	5728	5848	9043	11617	7788	10205	10179	10864	11375	9059
LOC552448	1305	1162	1240	1883	1754	1347	1378	1627	1568	1554	1415
LOC724807	309	373	355	468	459	338	354	571	333	532	336
LOC412513	459	683	631	1131	806	695	827	847	1085	809	795
LOC102656258	85	92	109	133	151	115	184	178	166	183	122
LOC411469	119	300	294	560	395	335	409	411	570	347	369
LOC100578129	44	64	51	98	86	46	69	63	112	89	79
LOC552334	217	268	293	452	329	303	318	338	328	293	305
LOC552318	6327	5200	4535	6510	5652	4208	4790	5765	5009	5770	4574
LOC408556	1549	701	1145	1546	1172	682	913	920	1105	982	1134
LOC102655915	90	72	56	79	93	60	99	98	58	102	76
LOC113219300	28	71	72	113	63	97	74	87	99	72	73
LOC725117	1550	1476	1366	2106	1816	1596	2242	1954	1810	1903	1805
LOC102655793	15	23	35	61	59	43	41	34	49	31	25
LOC100577046	68	96	84	97	66	67	115	77	83	112	70
LOC412696	275	242	234	370	304	233	276	264	318	313	256
LOC409572	1	4	8	10	2	4	10	13	3	1	1
LOC113219326	10	13	6	13	12	1	13	3	13	25	7
LOC725251	675	573	712	966	797	548	562	667	702	683	671
LOC100577996	70	87	97	101	104	78	89	108	106	115	86
Cyp4g11	273	375	487	684	834	718	649	675	1478	944	946
LOC409487	504	890	946	1471	1124	912	1332	1172	1176	1103	1071
LOC411556	34	64	78	90	65	47	67	57	61	76	70
LOC552100	658	540	669	1005	802	615	867	799	784	717	844
LOC102655376	0	2	2	0	0	2	0	2	1	4	1
LOC102654984	15	17	14	7	35	4	27	17	9	5	19
LOC102655025	61	69	36	73	65	75	56	49	61	76	69
LOC113219296	2	5	2	10	2	4	4	0	2	6	3
LOC107965714	0	0	1	0	1	0	0	0	0	0	1
LOC107965713	0	0	0	3	1	0	0	2	0	1	0
LOC113219317	9	2	6	9	3	5	13	9	2	1	10
LOC102655208	5	2	1	3	2	0	4	3	4	0	1
LOC411953	329	201	282	375	376	262	227	284	278	253	279
LOC725469	17	18	12	16	19	26	11	13	30	18	12
LOC552019	59	139	138	238	151	133	121	139	214	207	184
LOC107965694	26	20	31	68	64	49	51	61	96	41	61
LOC113219297	75	77	58	97	101	88	119	110	93	100	120
LOC100576736	0	4	0	1	3	0	4	10	1	2	1
LOC551991	1	8	11	13	4	2	6	5	6	5	5
LOC107965657	57	35	80	119	66	51	86	40	74	60	92
LOC551947	51	133	134	238	179	163	173	211	311	166	204
LOC107965692	727	943	854	1268	1209	983	1040	1064	1246	1000	1014
LOC413802	183	308	387	607	511	437	355	593	696	502	558
LOC413774	357	496	554	779	602	530	535	675	818	585	567
LOC725788	515	1372	1305	2423	1704	1370	1901	1836	2480	1718	1721
LOC100576554	380	386	354	464	398	298	446	419	419	456	380
LOC100576590	36	44	44	83	66	40	60	61	64	76	68
LOC551848	259	507	496	919	677	546	723	796	831	659	603
LOC725928	691	1542	1486	2485	1769	1525	2418	2078	2032	1883	1591
LOC102654221	41	51	29	47	47	38	30	37	50	48	38
LOC551165	177	271	310	452	317	320	395	440	414	401	456
LOC102654340	0	7	3	5	1	0	8	4	0	1	4
LOC551039	1398	1731	1694	2717	2269	1786	2065	2413	2480	2057	1888
LOC409514	2350	2688	2609	4143	3914	3348	4214	4127	4407	4212	3367
LOC102653684	5	13	18	23	13	15	18	32	13	20	33
LOC551771	2955	3057	3236	5489	4231	2781	3400	3788	3666	3328	3342
LOC412083	1226	1998	1892	3061	2679	2275	2503	2686	2947	2408	2443
LOC412084	1085	1610	1495	2110	1789	1581	1878	1802	2071	1990	1621
LOC408557	730	706	747	1109	870	675	804	834	1013	872	755
LOC408558	92	151	132	190	112	104	104	135	131	94	135
LOC408559	692	1010	886	1419	901	804	823	1051	1032	948	870
Ndufb2	951	816	755	899	789	589	631	829	826	1099	643
LOC107965701	40	13	22	22	39	18	12	41	10	28	18
LOC102656603	23	29	14	11	34	24	33	23	18	11	18
Mir3797	1	1	3	3	2	2	1	0	0	2	1
LOC107965700	2	5	1	3	9	5	2	1	1	1	2
LOC100577695	0	4	3	0	0	2	0	1	0	0	3
LOC410642	223	114	82	40	92	71	127	65	74	108	71
LOC107965727	24	36	33	59	38	24	34	70	40	30	20
LOC102656349	7	5	3	7	1	2	9	6	1	1	2
LOC113218528	3	5	11	5	5	0	5	6	2	1	5
LOC113219305	0	0	0	0	0	0	1	1	2	0	0
LOC102656308	8	1	12	4	10	1	7	0	4	3	4
LOC102656276	2	0	0	0	1	0	0	0	0	1	4
LOC102656229	5	4	2	6	5	4	0	2	4	4	13
LOC102656196	18	3	6	6	5	9	14	1	7	5	5
LOC107965725	1	0	5	1	1	0	7	0	1	0	0
LOC102656112	6	8	43	13	5	16	21	4	2	5	10
Miriab-4	0	0	0	0	0	1	1	0	0	0	0
LOC107965724	2	7	5	4	2	2	3	4	1	6	2
LOC107965723	56	49	42	29	44	33	62	37	20	22	34
LOC102655938	1	0	0	0	0	3	5	3	0	0	1
LOC410643	93	33	53	34	51	43	65	33	41	46	32
Mir6002	0	0	0	0	0	0	0	0	0	0	0
Ubx	122	72	108	57	64	48	88	49	37	57	55
LOC102655707	23	18	35	11	7	8	22	11	13	10	22
Antp	698	328	398	244	392	314	596	343	274	305	335
LOC102655734	9	6	14	9	10	1	12	9	10	5	13
LOC100578558	32	14	15	1	8	6	9	10	8	8	13
LOC102655316	11	17	27	12	10	5	18	14	6	6	9
LOC102655509	13	9	19	9	7	13	8	10	5	6	5
LOC102656757	5	2	2	2	0	4	5	0	2	3	1
LOC551506	110	60	67	51	31	40	69	49	54	50	39
LOC113219303	2	9	7	6	8	5	10	6	3	2	5
LOC107965722	71	22	40	15	36	17	56	18	43	21	31
Mir10	9	0	0	3	0	0	1	1	0	0	0
LOC102654837	96	77	70	52	84	59	97	58	61	38	67
LOC724252	86	82	107	130	81	80	137	90	98	73	83
LOC102654769	1	4	6	1	1	1	8	3	0	3	1
LOC113219315	6	3	7	1	1	6	6	5	4	6	0
Mir993	0	0	0	0	0	0	0	0	0	0	0
LOC113219327	11	18	29	5	1	17	9	7	8	3	5
LOC410648	187	118	127	90	116	95	145	76	115	84	85
LOC102653741	15	23	34	12	8	19	19	36	6	29	13
LOC724422	19	38	29	16	27	26	40	30	34	26	13
LOC102653850	40	43	32	41	31	39	41	29	18	29	22
LOC100578921	242	151	134	264	197	179	150	216	186	211	164
LOC413799	149	225	235	382	334	275	241	360	260	276	279
LOC551252	430	323	301	388	286	178	248	311	283	257	305
TRNAV-AAC_4	0	0	0	0	0	0	2	0	0	0	0
Apid1	7	16	40	74	276	148	108	181	72	74	655
LOC724692	331	340	345	457	353	318	365	369	440	382	344
LOC100578237	92	104	90	181	131	89	118	146	133	132	118
LOC100577697	36	80	120	134	58	79	88	69	116	79	64
LOC409777	197	184	152	250	213	227	191	232	259	212	166
LOC113219307	5	11	2	5	3	7	6	23	19	17	7
LOC102653761	10	19	8	9	6	6	13	12	11	7	7
LOC102653780	5	6	6	7	7	9	12	18	9	5	6
LOC113219309	0	3	0	1	0	1	5	1	2	0	0
LOC551799	900	1027	1199	1921	2096	1438	1656	1677	1702	1503	1249
LOC102656566	1	0	1	1	3	1	0	3	2	1	6
LOC107965668	9	13	2	8	7	10	9	4	1	3	12
LOC102656592	2	3	3	3	6	1	9	1	0	0	0
LOC413119	135	129	154	185	183	141	187	144	180	126	151
LOC413121	229	217	251	305	285	207	250	297	285	281	213
LOC413120	2587	2664	2786	4006	3722	2985	3217	3499	4121	3702	3304
Rpl39	489	461	456	530	480	342	274	612	371	741	330
LOC551710	889	896	823	1242	1067	895	925	983	1103	1076	919
LOC551686	618	910	959	1389	1041	945	1051	1145	1398	1061	1037
LOC413179	183	247	227	305	313	203	241	250	283	302	252
LOC410649	301	498	530	781	678	506	741	697	659	638	587
LOC100577317	62	42	64	91	71	102	77	85	98	62	67
LOC102655539	29	26	30	25	30	20	42	26	22	16	34
LOC102655582	12	13	16	14	18	12	18	24	11	18	24
LOC102655619	17	48	52	77	33	45	55	67	54	33	52
LOC113219310	5	26	7	21	13	8	17	4	9	14	10
LOC102655781	6	6	21	14	13	7	17	29	9	8	16
LOC102655864	5	29	11	22	15	18	26	18	23	16	31
LOC102655928	58	117	72	131	95	82	119	99	115	122	100
LOC102656015	3	7	2	14	7	3	5	15	7	4	2
LOC107963996	10	20	20	14	28	24	37	22	39	13	36
LOC100577163	75	74	104	89	123	89	119	81	118	104	93
LOC102656292	144	205	200	296	231	187	203	266	297	205	162
LOC413852	317	311	300	441	414	298	414	418	491	394	345
LOC551505	559	664	585	1077	832	728	727	878	954	824	714
LOC725118	57	56	96	144	68	95	96	106	149	86	117
LOC113219291	352	320	302	402	372	281	323	359	359	315	305
LOC102654289	77	102	133	218	143	144	127	129	168	160	138
LOC551429	200	358	334	576	525	350	448	457	478	437	461
LOC725252	233	309	229	464	359	300	337	359	373	425	330
Su(var)3-9	2498	2394	2379	3497	3143	2372	2600	3046	2957	2767	2568
LOC412563	131	289	277	444	320	274	264	353	465	357	344
LOC113219304	26	14	8	13	9	7	4	8	13	13	7
LOC412608	36	57	65	116	74	54	57	69	131	82	91
LOC725395	750	877	869	1452	1197	950	1065	1177	1314	1182	1078
LOC551374	470	513	451	635	558	482	525	542	698	622	481
LOC100578071	233	280	284	440	368	342	356	436	474	387	335
LOC725883	176	198	214	358	275	197	227	267	305	269	231
LOC551436	1171	1406	1407	2249	1882	1487	1543	1958	2048	1774	1705
LOC102654610	367	306	334	481	385	327	401	406	442	405	362
LOC550989	206	270	234	454	336	297	325	316	410	341	333
LOC100578035	401	418	432	651	565	446	497	564	642	443	422
LOC412529	642	817	827	1402	1026	875	1023	1199	1417	1031	964
LOC100576544	365	299	322	451	533	347	353	427	408	440	363
LOC551106	487	578	524	763	661	447	594	675	666	683	623
LOC551151	445	481	469	610	549	407	532	569	526	550	485
LOC725662	395	486	768	1464	785	615	802	784	1055	792	736
LOC412357	141	193	205	287	276	225	199	247	334	230	249
LOC725470	285	516	537	803	655	656	528	683	975	726	699
LOC102653621	0	0	0	0	0	0	0	0	0	0	0
LOC551214	53	77	57	111	99	85	78	101	135	97	73
LOC409655	3893	4058	5686	9447	8398	5188	6485	5839	7268	6208	5997
LOC113219311	5	6	16	13	3	13	7	11	5	7	19
LOC102656533	2	4	0	4	9	4	25	10	4	5	1
LOC412890	2820	2279	2065	2905	2886	2344	2849	3164	3066	2934	2680
LOC551079	52	95	87	124	70	72	107	64	94	74	90
LOC102656259	15	13	23	23	17	21	32	23	19	19	25
LOC552490	69	131	134	182	150	136	161	157	192	130	114
LOC113219299	84	97	118	140	162	85	125	154	124	137	105
Def2	8	0	71	3	2	3	3	2	0	7	1
LOC409890	10122	11343	11129	16237	14211	11367	13350	14979	14053	14939	12542
LOC409891	546	735	673	1012	894	774	756	918	1072	925	897
LOC726021	111	286	299	609	381	395	306	458	594	324	427
LOC113219306	19	20	19	26	42	27	48	21	29	15	18
LOC100578793	413	378	422	597	511	451	481	511	528	466	504
LOC102654007	253	251	199	327	299	226	260	302	237	295	216
LOC552564	5184	4638	4162	5488	5317	3895	5092	5543	4519	5741	3987
LOC726096	199	245	222	365	295	239	317	329	448	315	327
LOC100577966	87	74	86	151	110	98	81	107	98	89	135
LOC552597	123	97	87	136	105	83	111	113	122	114	99
LOC552610	2998	2564	2513	3111	3506	2492	2682	3071	3026	3216	2418
LOC551547	323	358	377	515	414	395	436	516	581	451	442
LOC102655538	13	19	23	20	13	17	18	15	10	18	7
LOC552288	419	503	465	771	640	496	576	609	647	654	586
LOC113219314	19	55	48	50	61	34	36	59	52	47	47
LOC100577886	257	301	358	513	335	309	316	327	546	357	381
LOC552113	290	522	444	929	654	487	555	635	908	668	675
LOC102655363	268	226	209	244	245	197	259	246	327	291	227
LOC412349	1051	1051	1113	1370	1507	1040	1211	1416	1387	1441	1182
LOC113219328	80	87	122	102	105	110	107	92	127	86	88
LOC726279	95	90	95	132	106	103	103	93	115	122	90
LOC552009	1105	1182	1097	1559	1413	1144	1185	1424	1301	1301	1138
LOC411815	373	452	484	755	619	496	620	522	698	533	565
LOC411816	62	230	216	442	327	280	300	318	478	298	308
LOC550708	30	54	115	115	95	67	75	74	99	71	93
LOC113219313	13	26	24	8	6	7	15	13	10	8	6
Mir1-1	5	2	3	5	8	2	2	2	0	1	0
LOC107965703	30	28	42	26	22	26	27	34	14	19	30
LOC107965683	86	32	78	45	87	64	92	36	41	37	57
LOC102654623	29	24	22	15	14	22	28	22	25	13	20
LOC102654662	108	94	100	96	118	70	135	79	46	76	102
LOC113219312	55	49	72	40	64	48	84	53	29	61	56
Mir133	0	1	7	0	2	1	0	0	0	1	1
LOC726418	1136	1206	1177	2124	1552	1168	1549	1469	1949	1663	1377
LOC726437	338	324	317	450	486	404	403	452	482	476	400
LOC408561	408	698	840	1334	1220	934	1215	1278	1500	1202	1093
LOC100576384	4817	4935	5231	8792	9692	7074	9068	10136	9859	9118	9239
LOC100576410	97	73	57	52	62	51	69	46	89	73	49
LOC410654	160	127	85	66	103	121	162	118	95	74	122
LOC678674	0	0	0	1	0	0	0	0	1	0	0
LOC100576444	1	2	0	0	0	0	0	1	1	0	2
LOC410655	37	27	19	14	30	36	46	24	25	10	44
LOC113219332	0	0	2	0	0	0	0	2	0	0	0
LOC113219331	0	0	1	0	0	0	0	0	0	0	0
LOC113219330	0	0	0	0	2	0	0	0	1	0	0
LOC100578618	4	12	3	9	12	5	11	11	0	5	4
LOC413409	898	1504	1370	2050	1732	1564	1741	1828	2131	1654	1516
LOC413408	8002	8781	7934	15527	15320	10954	13438	14655	14972	14161	14465
LOC413407	217	195	150	257	191	171	221	235	250	228	203
LOC551871	64	91	67	138	94	98	94	100	106	85	93
LOC410657	148	116	133	274	154	148	171	156	246	114	132
LOC100577516	15	12	17	19	9	9	10	12	8	12	3
LOC102653588	93	159	147	259	190	147	150	214	223	181	196
LOC724423	73	103	132	190	116	107	143	111	189	148	110
LOC100578474	106	54	58	37	47	42	65	34	63	43	52
TRNAK-CUU_5	1	0	1	6	7	1	4	3	2	0	3
LOC408562	1210	1639	1398	1743	1784	1634	2259	1813	1891	1808	1674
LOC551685	160	293	390	560	186	209	281	190	329	196	258
LOC551652	533	443	459	715	652	451	560	566	563	591	501
LOC102655097	113	104	116	145	133	99	107	112	104	114	109
LOC100578277	66	65	82	92	97	57	69	114	79	93	78
LOC409366	1618	2279	2149	3706	2985	2518	2722	2878	3685	2870	2929
LOC408564	777	1250	1405	2927	2489	2003	1999	2284	3521	1859	2171
LOC410659	243	520	483	781	615	537	595	669	783	622	694
LOC408563	438	808	856	1603	1661	1222	1242	1423	1691	1157	987
LOC410658	48	29	57	27	17	16	42	31	11	19	22
TRNAT-AGU_3	0	3	1	0	0	0	0	0	0	0	1
TRNAC-GCA_2	3	0	1	0	0	1	2	1	0	1	3
LOC410639	2	8	5	3	6	4	2	1	5	1	8
LOC113219333	0	0	0	0	0	0	0	0	0	0	0
TRNAT-AGU_4	0	0	0	0	0	0	0	0	0	0	0
TRNAA-AGC_6	0	0	0	0	0	0	2	0	0	0	0
TRNAP-AGG_2	0	0	0	0	0	0	0	0	0	0	0
TRNAP-CGG_2	0	0	0	0	0	0	0	0	0	0	1
LOC113219334	0	0	0	0	0	0	0	0	0	0	0
TRNAP-AGG_3	0	0	0	0	0	0	0	0	0	0	0
LOC725007	17	18	13	13	15	7	30	4	9	14	19
LOC410638	1025	1015	1193	1684	2663	2361	1956	2442	2538	2408	2586
LOC107965670	1	2	4	2	2	1	7	3	0	3	1
LOC408554	120	435	408	870	503	458	748	652	655	456	518
LOC102655737	1862	1219	1206	1154	1357	918	1555	1070	933	1093	1056
LOC100578001	4	3	3	3	4	2	0	9	3	4	3
LOC725204	120	164	177	293	235	130	227	211	259	207	205
LOC408552	462	985	811	1455	870	708	1369	1009	1131	1034	798
LOC408551	578	1053	905	1587	862	769	1283	959	1184	1138	847
LOC410637	550	295	432	550	427	375	548	419	616	405	490
LOC414036	109	145	116	206	128	95	159	143	205	167	119
LOC113219301	26	32	57	91	56	81	46	58	96	65	75
LOC413614	946	1252	1128	1948	1611	1340	1403	1523	1910	1524	1428
LOC100577823	155	104	118	143	146	84	91	138	112	116	88
LOC411714	253	435	461	739	500	462	426	493	686	482	461
LOC725587	149	139	157	192	138	129	136	185	188	158	120
LOC409176	4	10	14	6	1	7	14	10	9	7	9
LOC411607	317	355	420	456	424	300	321	385	380	448	355
LOC725566	1746	1823	1795	2522	2475	1740	2154	2506	2395	2455	2039
LOC102654640	290	335	309	543	412	342	415	475	480	423	473
LOC102654597	0	1	1	1	0	0	0	4	3	0	0
LOC725756	55	74	67	71	64	46	44	54	99	52	60
LOC102654520	0	1	3	2	1	5	5	3	3	0	3
LOC412056	289	377	367	463	930	649	826	1002	884	928	668
LOC107965704	0	0	1	0	0	0	0	0	0	0	0
Y-f	1213	1534	1660	2002	3114	1642	2133	2563	2518	2297	2332
LOC412167	621	1264	1268	2059	1587	1347	1751	1803	1860	1563	1452
LOC100577767	6	30	16	52	13	18	20	28	14	18	19
LOC102654390	149	169	165	254	135	126	194	168	210	165	150
LOC107965873	126	73	115	98	114	83	123	66	98	92	90
LOC100578019	56	63	87	113	73	63	78	95	85	101	97
TRNAD-GUC_8	0	2	0	1	0	0	1	0	0	0	0
LOC102654216	15	17	21	20	24	23	29	32	30	20	21
LOC102653979	5	3	3	6	8	2	2	7	6	8	3
LOC100578661	386	487	522	868	616	545	592	735	712	613	579
Mir1175	0	0	0	0	0	0	0	0	0	0	0
Mir750	0	0	0	0	0	0	0	0	0	0	0
LOC727142	164	184	155	280	243	163	155	220	269	205	217
LOC100576967	441	325	312	451	419	270	303	384	301	377	260
LOC113219360	0	1	0	0	0	0	0	0	0	0	0
LOC102653753	116	177	136	266	205	165	165	171	225	213	186
LOC727524	0	0	0	0	0	0	0	0	0	0	0
LOC102653788	0	0	0	1	0	0	2	0	3	1	1
LOC725444	0	0	0	0	0	0	0	0	0	0	0
LOC552238	18	20	38	31	50	22	32	27	49	33	40
LOC113219359	578	579	562	748	585	536	538	598	536	636	521
LOC409880	1820	2419	2301	3385	2895	2437	2771	2718	3198	2874	2484
LOC100577594	119	149	169	224	227	171	153	195	246	183	208
LOC726483	361	504	524	751	629	533	665	666	763	574	511
LOC100577816	400	532	537	720	566	450	591	553	758	555	529
LOC551340	426	503	477	904	713	550	756	749	865	623	753
LOC409139	99	149	180	276	246	170	187	181	257	179	231
LOC102656055	109	135	111	118	122	117	124	149	127	123	123
LOC727332	597	565	527	692	644	532	594	641	613	645	522
LOC551434	332	492	509	678	420	410	498	522	581	497	456
LOC113219361	0	0	0	0	0	1	0	0	0	1	3
LOC113219362	0	0	0	0	0	0	0	0	0	0	0
LOC100576828	45	46	49	51	47	32	41	53	27	39	40
LOC107965922	3	0	3	2	1	0	1	2	2	2	0
LOC100578361	85	78	90	143	118	106	90	95	116	120	146
LOC113219364	37	57	51	62	50	52	70	57	56	56	72
LOC113219365	89	96	109	167	153	115	122	119	102	156	172
LOC102656085	81	69	39	90	69	38	37	61	63	54	51
LOC107965807	0	0	0	1	0	1	0	0	0	0	2
LOC113219366	15	24	22	113	80	39	40	61	92	47	62
LOC107965941	0	0	5	0	0	0	0	0	0	0	0
LOC102656321	58	62	71	67	79	71	38	49	91	29	42
LOC102654906	22	19	18	13	15	21	17	29	21	17	21
LOC102656390	40	58	58	86	73	57	50	128	86	73	53
LOC113219367	28	3	10	10	13	9	6	20	5	4	7
LOC100577929	90	56	51	81	61	58	51	75	75	77	44
LOC102655373	5	4	8	4	6	11	6	5	2	2	2
LOC102654354	70	65	56	82	92	67	116	69	59	75	55
LOC113219369	15	35	98	31	13	48	59	15	20	40	25
LOC113219368	2	3	2	6	0	0	0	2	0	1	1
LOC113219370	237	736	746	1841	1329	1123	1281	1412	1876	967	1128
LOC726688	2	6	3	1	5	2	0	3	6	7	5
LOC113219371	7	5	1	10	4	3	7	4	5	5	11
LOC113219372	1313	1504	1433	2288	2319	2085	2207	2107	2557	2080	1790
LOC113219373	8	18	24	19	39	21	12	18	28	15	22
LOC113219374	10	13	18	28	21	28	9	24	26	23	42
LOC107965750	17	14	19	18	30	3	21	8	13	25	5
LOC113219375	0	0	0	0	0	0	0	0	0	0	0
LOC113219378	677	2589	8491	1708	415	1746	2121	931	761	1405	551
LOC113219376	0	8	23	3	1	1	9	3	0	0	0
LOC113219377	3	3	10	4	0	0	9	1	0	2	0
LOC113219382	114	321	1022	346	102	219	283	194	109	199	86
LOC113219383	7792	18161	54155	16728	5093	12723	22171	9042	6967	10767	5786
LOC113219381	0	0	0	0	0	1	0	0	0	1	0
LOC113219380	1	0	8	1	1	4	0	0	2	2	1
LOC113219384	117	119	69	158	126	92	104	158	111	111	135
LOC113219385	0	1	0	0	0	3	1	0	0	1	0
LOC107965808	1	1	0	0	0	1	1	0	0	0	0
LOC113219386	0	2	3	7	1	1	0	5	2	6	4
LOC113219387	26	93	284	74	32	65	67	47	46	64	26
transcript_id	623306	343157	358251	379377	395174	317111	485741	388346	342595	412005	355227
OR32	50	58	37	68	64	58	36	41	46	68	59
OR68	0	0	0	0	0	0	0	0	0	0	0
OR84	40	53	37	51	50	65	61	42	55	53	48
OR85	46	64	80	128	122	105	102	108	149	81	86
OR89	0	0	0	0	0	0	0	0	0	2	0
OR95	104	111	116	220	185	192	152	131	171	164	173
OR96	113	170	149	285	220	198	217	181	250	209	239
OR97	20	35	44	60	54	41	50	37	74	59	49
OR99	91	97	122	194	152	108	142	143	162	90	151
OR103	245	322	312	445	414	290	497	413	568	422	384
OR104	459	615	495	800	786	592	753	712	880	741	696
OR114	36	37	70	88	111	79	69	58	113	59	66
OR121	9	15	11	33	21	20	21	15	17	12	12
OR125	2	2	1	10	1	1	6	3	4	3	1
OR126	0	0	0	0	0	0	0	0	0	0	0
OR127	0	0	0	0	0	0	0	0	0	0	0
OR143	187	186	176	198	269	202	259	182	214	178	192
OR157	1	3	7	13	10	5	3	9	9	5	13
OR163	52	74	74	67	137	69	95	91	123	112	81
OR166	26	22	25	61	62	32	34	32	49	43	40
GR6	4	33	16	23	15	8	18	26	36	12	9
OR120	89	85	118	109	113	101	89	101	99	101	97
OR21	91	100	101	142	132	119	110	94	147	103	110
OR29	39	60	101	141	124	106	97	109	165	133	101
OR30	113	149	187	268	253	238	202	255	286	198	244
OR66	174	187	199	334	296	230	219	284	297	219	248
OR67	68	60	93	122	110	109	67	89	91	79	83
OR69	237	200	168	362	317	306	256	267	375	305	248
OR70	344	260	305	446	455	454	421	352	497	382	351
OR72	175	186	219	304	290	338	199	224	326	222	228
OR73	36	30	49	58	59	59	54	39	68	51	37
OR75	52	44	48	58	52	50	79	38	84	45	52
OR76	199	195	166	296	313	284	290	236	301	305	289
OR77	33	40	51	79	81	62	32	36	80	64	52
OR78	74	85	81	120	140	111	82	90	150	103	103
OR80	145	140	148	186	194	162	187	157	210	143	182
OR81	57	80	77	118	134	115	118	107	148	131	111
OR111	199	250	254	349	420	316	387	416	485	373	345
OR112	80	157	135	205	208	169	216	196	205	207	163
OR113	60	75	89	114	100	98	71	120	104	87	82
OR119	8	23	38	43	49	27	53	55	61	45	47
OR148	127	103	119	219	208	167	150	149	182	193	155
protease	183	177	178	279	230	220	193	248	266	214	161
IR75f1	95	71	62	75	93	87	62	61	69	80	38
IR75f2	36	32	37	74	54	49	52	38	60	60	57
OR62	0	0	0	0	0	0	0	0	0	0	0
OR63	0	0	0	0	0	0	0	0	0	0	0
OR174	0	0	0	0	0	0	0	0	0	0	0
OR175	2	3	1	5	5	5	1	7	10	2	7
OR176	17	4	4	15	16	14	12	7	16	10	13
